TNFRSF4,C1QC,ID3,SYNC,MMACHC,ADGRL4,CNN3,CD2,ECM1,S100A8,S100A2,SLAMF8,OLFML2B,CDC42BPA,SDC1,LBH,GGCX,IGKC,FHL2,KCNJ3,TFPI,NABP1,IGFBP5,COL6A3,COL7A1,TM4SF1,APOD,HTRA3,FAM200B,IGFBP7,CXCL9,CXCL13,SPARCL1,SPP1,SFRP2,IL7R,TCF7,PURA,IER3,HSPA1B,FAM20C,AQP1,IGFBP3,IKZF1,GNG11,CASD1,AZGP1,PILRA,FABP5,GLIPR2,COL15A1,TNC,ASTN2,FCN1,C11ORF96,GSTP1,IL10RA,ANKRD30A,PAOX,VWF,MGP,MAP3K12,NDUFA4L2,LYZ,GTF2F2,IGHG4,THBS1,RMDN3,CILP,NR2F2,MT1X,USP6,LRRC75A,TOP2A,KRT17,PECAM1,KPNA2,SOX9,SOCS3,RNF152,CD93,ITCH,CTSZ,EEF1A2,UQCR11,UHRF1,ACP5,KLF2,PLVAP,COMP,HCST,APOC1,EHD2,FTL,NKG7,IGLC2,IGLC3,MMP11,RAC2,TFF3
0.0,0.0,0.0,0.0,0.0,0.0,0.0,0.0,0.0,0.0,0.0,0.0,0.0,0.0,0.0,0.0,0.0,4.515817,0.0,0.0,0.0,0.0,3.0492969,0.0,0.0,0.0,0.0,0.0,0.0,0.0,0.0,0.0,0.0,0.0,0.0,0.0,0.0,0.0,0.0,0.0,0.0,0.0,0.0,0.0,0.0,0.0,0.0,0.0,0.0,0.0,0.0,0.0,0.0,0.0,0.0,0.0,0.0,0.0,0.0,0.0,2.4024532,0.0,0.0,0.0,0.0,2.4024532,0.0,0.0,0.0,0.0,2.4024532,0.0,0.0,0.0,0.0,0.0,0.0,0.0,0.0,0.0,0.0,2.4024532,0.0,0.0,0.0,2.4024532,0.0,0.0,0.0,0.0,0.0,0.0,0.0,3.0492969,0.0,2.4024532,0.0,0.0,0.0,2.4024532
0.0,0.0,0.0,0.0,0.0,0.0,0.0,0.0,0.0,0.0,0.0,0.0,0.0,0.0,0.0,0.0,0.0,4.3964267,0.0,0.0,0.0,0.0,0.0,0.0,0.0,0.0,0.0,0.0,0.0,2.3997154,0.0,0.0,0.0,2.3997154,0.0,0.0,0.0,0.0,0.0,0.0,0.0,0.0,0.0,0.0,0.0,0.0,0.0,0.0,0.0,0.0,0.0,0.0,0.0,0.0,0.0,0.0,0.0,0.0,0.0,0.0,3.0464292,0.0,0.0,2.3997154,0.0,0.0,2.3997154,0.0,0.0,0.0,0.0,2.3997154,0.0,0.0,0.0,0.0,0.0,0.0,0.0,0.0,0.0,0.0,0.0,0.0,2.3997154,0.0,0.0,0.0,0.0,0.0,0.0,0.0,0.0,3.0464292,0.0,0.0,0.0,0.0,0.0,0.0
0.0,0.0,0.0,0.0,0.0,0.0,0.0,0.0,0.0,0.0,0.0,0.0,0.0,0.0,0.0,0.0,0.0,2.8939679,0.0,1.4845477,0.0,0.0,0.0,0.0,0.0,0.0,0.0,0.0,0.0,0.0,0.0,0.0,0.0,0.0,0.0,0.0,0.0,0.0,2.6845684,0.0,0.0,0.0,0.0,0.0,0.0,0.0,1.4845477,0.0,0.0,0.0,0.0,0.0,0.0,0.0,0.0,0.0,0.0,0.0,0.0,0.0,3.5590467,0.0,0.0,0.0,0.0,0.0,0.0,0.0,0.0,0.0,0.0,0.0,0.0,0.0,0.0,0.0,0.0,0.0,0.0,0.0,0.0,0.0,1.4845477,0.0,2.6845684,0.0,0.0,1.4845477,0.0,0.0,0.0,1.4845477,0.0,3.6517658,0.0,1.4845477,1.4845477,0.0,0.0,1.4845477
0.0,0.6518655,0.0,0.0,0.0,0.0,0.0,0.6518655,0.0,0.0,0.0,0.0,0.0,0.0,0.0,0.0,0.6518655,2.8647187,0.0,0.6518655,0.0,0.0,1.0431825,0.0,0.0,0.0,0.0,0.0,0.6518655,2.1226137,0.6518655,0.0,0.0,0.0,0.0,0.0,0.0,0.6518655,2.0060403,0.6518655,0.0,0.6518655,0.0,0.0,0.6518655,0.0,2.3215222,0.0,0.0,0.0,0.0,0.0,0.0,0.0,0.0,0.0,0.0,0.0,0.0,1.0431825,3.1380484,0.0,0.0,1.0431825,0.0,0.0,1.0431825,1.0431825,0.0,0.0,0.0,1.3237147,0.0,0.0,0.0,0.0,0.0,0.0,0.0,0.0,0.6518655,0.0,0.0,0.6518655,2.0060403,1.3237147,0.6518655,0.0,0.0,0.0,0.0,1.0431825,1.0431825,2.8647187,0.0,1.3237147,0.0,1.0431825,0.0,0.6518655
0.0,0.0,0.0,0.0,0.0,0.0,0.6620645,0.0,0.0,0.0,0.0,0.0,0.0,0.0,0.0,0.0,0.0,3.2350862,0.0,1.3393004,0.0,0.0,0.6620645,0.0,0.0,0.0,0.0,0.0,0.6620645,1.0569503,0.0,0.0,1.0569503,0.6620645,0.0,1.0569503,0.0,0.0,1.8920187,1.0569503,0.0,0.0,0.6620645,0.0,0.0,0.0,2.024396,0.0,0.0,0.0,0.0,0.0,1.0569503,0.0,0.0,0.6620645,0.0,0.0,0.0,0.0,2.5805411,0.0,0.0,1.0569503,0.0,0.6620645,1.0569503,0.6620645,0.6620645,0.0,0.0,0.0,0.0,1.559231,0.0,0.0,1.0569503,0.0,0.6620645,0.6620645,0.0,0.6620645,1.0569503,0.0,1.7394049,1.0569503,0.6620645,1.0569503,0.0,0.0,0.0,1.3393004,0.0,3.1176043,0.6620645,0.6620645,0.0,0.6620645,0.0,0.6620645
0.0,0.0,0.0,0.7197711,0.0,0.0,0.7197711,0.0,0.0,0.0,0.0,0.0,0.0,0.0,0.0,0.0,0.0,3.0946386,0.0,1.1339556,0.0,0.0,0.0,0.0,0.0,0.0,0.0,0.0,0.7197711,0.7197711,0.0,0.0,0.7197711,0.0,0.0,0.0,0.0,1.1339556,2.2440767,1.425969,0.0,0.0,0.0,0.0,0.0,0.0,2.6135604,0.0,1.1339556,0.0,0.0,0.0,0.0,0.0,0.0,0.0,0.0,0.0,0.7197711,0.0,2.6135604,1.1339556,0.0,1.1339556,0.0,0.7197711,0.0,0.0,0.0,0.0,0.0,0.0,0.0,0.7197711,0.0,0.0,0.0,0.0,0.0,0.0,0.0,0.0,0.0,0.0,1.8357468,0.0,0.0,1.1339556,0.0,0.0,0.0,0.7197711,0.0,2.9400806,0.0,1.1339556,0.0,0.0,0.0,1.425969
0.6126852,0.0,0.0,0.6126852,1.2630358,0.0,0.0,0.6126852,0.0,0.0,0.0,0.0,0.0,0.0,0.0,0.0,0.6126852,3.8243964,0.0,0.9898237,0.0,0.0,0.0,0.6126852,0.0,0.6126852,0.0,0.0,0.0,0.9898237,0.9898237,0.0,0.0,0.0,0.0,0.0,0.0,0.0,2.78605,0.0,0.0,0.0,0.0,0.0,0.0,0.0,1.6538184,0.0,0.6126852,0.0,0.0,0.0,0.0,0.0,0.0,0.9898237,0.0,0.6126852,0.6126852,0.6126852,2.9313526,2.2464168,0.0,1.2630358,0.0,0.0,0.6126852,0.0,0.0,0.0,0.0,0.0,0.6126852,1.6538184,0.0,0.0,0.6126852,0.6126852,0.0,0.0,0.0,0.0,0.0,0.0,1.8037341,0.0,0.0,0.9898237,0.0,0.9898237,0.0,0.0,0.0,2.975446,0.0,0.6126852,0.0,0.9898237,0.0,0.6126852
0.86291134,0.0,0.0,0.5217806,1.3191127,0.0,0.0,0.0,0.0,0.0,0.0,0.0,0.0,0.5217806,0.0,0.0,0.0,3.3220096,0.0,0.5217806,0.0,0.5217806,0.0,0.0,0.0,0.0,0.0,0.0,0.0,0.5217806,0.0,0.0,0.5217806,0.0,0.0,0.0,0.0,0.0,1.487299,0.5217806,0.0,0.0,0.86291134,0.0,0.5217806,0.0,2.3599436,0.0,0.86291134,0.0,0.0,0.5217806,0.0,0.0,0.0,0.0,0.5217806,0.0,0.0,0.0,2.9701931,0.86291134,0.0,0.86291134,0.0,0.86291134,0.86291134,0.86291134,0.0,0.0,0.5217806,0.0,0.5217806,0.86291134,0.0,0.0,0.86291134,0.0,0.0,0.0,0.0,0.0,0.0,0.86291134,1.7570261,0.5217806,0.5217806,1.3191127,0.5217806,0.5217806,0.0,0.86291134,0.0,3.296983,0.0,1.1168045,0.86291134,0.5217806,0.0,0.5217806
0.58243287,0.0,0.9480908,0.0,0.0,0.58243287,1.2152588,0.0,0.0,0.0,0.0,0.0,0.0,0.0,0.0,0.0,0.0,3.3828297,0.0,1.2152588,0.0,0.0,0.58243287,0.58243287,0.0,0.0,0.58243287,0.0,0.58243287,2.2715359,0.0,0.0,1.2152588,0.0,0.58243287,0.0,0.58243287,0.9480908,1.9910352,0.0,0.0,0.58243287,0.58243287,0.0,0.9480908,0.0,1.5997803,0.0,0.0,0.0,0.58243287,0.0,0.0,0.0,0.58243287,0.0,0.0,0.0,0.0,0.9480908,2.6697674,0.0,0.0,0.9480908,0.0,0.0,1.2152588,0.9480908,0.0,0.0,0.0,0.0,0.0,1.2152588,0.0,1.4258889,0.0,0.0,0.0,0.0,0.58243287,0.58243287,0.0,0.58243287,2.1864882,0.0,0.0,1.4258889,0.9480908,0.58243287,0.9480908,0.0,0.0,3.1747684,0.0,0.0,0.58243287,0.0,0.0,0.58243287
0.0,0.6600255,0.0,1.0542016,0.0,0.0,0.0,0.0,0.0,0.0,0.0,0.0,0.0,0.0,0.0,0.0,0.6600255,3.4899592,0.0,1.336191,0.0,0.0,0.0,0.0,0.0,0.0,0.0,0.0,0.6600255,1.0542016,0.6600255,0.0,1.0542016,0.0,0.0,0.0,0.0,0.0,2.0207381,0.0,0.6600255,0.0,0.0,0.0,0.0,1.0542016,2.3368335,0.0,0.0,0.0,0.0,0.0,0.0,0.0,0.0,0.0,0.6600255,0.0,0.6600255,0.0,2.8268583,0.0,0.0,1.0542016,0.6600255,0.0,1.0542016,0.0,0.0,0.0,0.0,0.0,0.6600255,0.0,0.6600255,0.6600255,1.336191,1.0542016,0.0,0.6600255,0.0,1.0542016,0.6600255,0.6600255,2.0207381,0.0,0.0,0.0,0.0,0.0,0.0,1.0542016,0.0,3.2673125,0.0,1.5559034,0.0,0.0,0.0,0.0
0.0,0.0,0.0,0.0,0.0,0.0,0.0,0.0,0.0,0.0,0.0,0.0,0.0,0.0,0.0,0.0,0.0,3.6118078,0.0,1.4887853,0.0,0.0,0.0,0.0,0.0,0.0,0.0,0.0,0.0,1.8160558,0.99910665,0.0,0.0,0.0,0.0,0.0,0.0,0.0,1.8160558,0.0,0.0,0.0,0.99910665,0.0,0.0,0.0,0.0,0.0,1.4887853,0.0,0.0,0.0,0.0,0.0,0.0,0.0,0.99910665,0.0,0.0,0.0,2.8991413,0.0,0.0,0.0,0.0,0.0,0.0,0.0,0.0,0.0,0.0,0.99910665,0.0,0.0,0.0,0.0,0.99910665,0.99910665,0.0,0.0,0.0,0.99910665,0.0,0.99910665,0.99910665,0.0,0.0,0.0,0.0,0.0,0.99910665,0.0,0.0,3.072242,0.0,0.99910665,1.8160558,0.99910665,0.0,0.99910665
0.0,0.0,0.70515996,0.0,0.0,0.70515996,0.0,0.0,0.0,0.0,0.0,0.0,0.0,0.0,0.70515996,0.0,0.0,3.634163,0.0,0.0,0.0,0.0,1.1145974,0.0,0.0,0.0,0.70515996,0.0,1.1145974,1.8117013,0.0,0.0,0.70515996,1.1145974,0.0,0.0,0.0,0.70515996,1.6285896,0.70515996,0.70515996,0.0,0.70515996,0.0,0.0,0.0,1.9664159,0.0,0.0,0.0,0.0,0.0,0.0,0.0,0.0,0.70515996,0.0,0.0,0.0,1.4042598,2.7303586,0.70515996,0.0,1.8117013,0.0,1.1145974,0.70515996,1.1145974,0.0,0.0,0.0,0.0,0.0,0.0,0.0,0.70515996,0.70515996,0.70515996,0.70515996,0.0,0.0,1.1145974,1.1145974,0.0,1.8117013,0.0,0.0,0.70515996,1.4042598,0.0,0.0,1.1145974,1.4042598,4.06652,0.0,0.0,0.70515996,0.0,0.0,1.4042598
0.0,0.0,0.0,1.1835759,0.0,0.0,0.0,0.0,0.0,0.0,0.0,0.0,0.0,1.1835759,0.0,0.0,0.0,3.5550761,0.0,0.0,0.0,0.0,0.0,1.1835759,0.0,0.0,0.0,0.0,0.0,2.0538797,0.0,0.0,0.0,0.0,0.0,0.0,0.0,0.0,1.1835759,0.0,0.0,0.0,1.710561,1.1835759,0.0,1.1835759,2.5120485,0.0,0.0,0.0,1.710561,0.0,0.0,0.0,0.0,0.0,0.0,0.0,0.0,0.0,2.9511666,0.0,0.0,1.1835759,0.0,0.0,1.1835759,0.0,0.0,0.0,0.0,1.1835759,0.0,1.1835759,0.0,0.0,1.1835759,1.1835759,0.0,0.0,0.0,0.0,0.0,0.0,1.710561,0.0,0.0,2.0538797,0.0,0.0,0.0,1.1835759,0.0,3.25526,0.0,1.1835759,0.0,0.0,0.0,0.0
0.0,0.0,0.0,0.0,0.0,0.0,0.0,0.0,0.0,0.0,0.0,0.0,0.0,0.0,0.0,0.0,0.0,4.6077228,0.0,2.595773,0.0,0.0,0.0,0.0,0.0,0.0,2.595773,0.0,0.0,3.250913,0.0,0.0,0.0,0.0,0.0,0.0,0.0,0.0,0.0,0.0,0.0,0.0,0.0,0.0,0.0,0.0,0.0,0.0,0.0,0.0,0.0,0.0,0.0,0.0,0.0,0.0,0.0,0.0,0.0,0.0,0.0,0.0,0.0,0.0,0.0,3.250913,0.0,0.0,0.0,0.0,0.0,0.0,0.0,0.0,0.0,0.0,0.0,0.0,0.0,0.0,0.0,0.0,2.595773,0.0,0.0,0.0,0.0,0.0,0.0,0.0,0.0,0.0,0.0,4.143686,0.0,0.0,2.595773,0.0,0.0,0.0
0.0,0.0,0.0,0.0,0.0,0.0,0.0,0.0,0.0,0.0,0.0,0.0,0.0,0.0,0.0,0.0,0.0,3.2740586,0.0,1.1372544,0.0,0.0,0.0,0.72226787,0.0,0.0,0.0,0.0,0.0,1.6556325,1.1372544,0.0,0.0,0.0,0.72226787,0.0,0.0,0.0,2.618065,0.0,0.0,0.0,0.0,0.0,0.0,0.0,2.1298594,0.0,0.0,0.0,0.0,0.0,0.0,0.0,0.72226787,0.0,0.0,0.0,0.0,0.0,2.7617404,1.1372544,0.0,1.1372544,0.0,0.72226787,0.0,0.72226787,0.0,0.0,0.0,0.0,0.0,1.1372544,0.0,0.0,1.1372544,1.1372544,0.0,0.0,0.0,0.0,0.0,0.72226787,2.3544068,0.0,0.0,0.0,0.0,0.0,0.0,1.1372544,0.0,2.537663,0.0,0.72226787,0.72226787,0.0,0.0,0.72226787
0.0,0.0,0.0,0.0,0.0,0.0,0.0,0.0,0.0,0.0,0.0,0.0,0.0,0.0,0.0,0.0,0.0,3.4431975,0.0,1.0230186,0.0,0.0,1.0230186,1.0230186,0.0,0.0,0.0,0.0,0.0,0.0,1.0230186,0.0,0.0,0.0,0.0,0.0,0.0,1.0230186,2.2933316,1.0230186,0.0,0.0,0.0,0.0,0.0,0.0,1.5180147,0.0,0.0,0.0,0.0,0.0,0.0,0.0,0.0,0.0,0.0,0.0,0.0,0.0,3.1081204,0.0,0.0,2.0951073,0.0,1.0230186,0.0,0.0,0.0,0.0,1.0230186,0.0,0.0,1.0230186,0.0,0.0,0.0,1.0230186,0.0,0.0,0.0,0.0,1.0230186,0.0,1.5180147,0.0,0.0,0.0,0.0,1.0230186,0.0,1.0230186,0.0,3.3845685,0.0,1.5180147,0.0,0.0,0.0,0.0
0.0,0.0,0.0,0.0,0.8275313,0.0,0.0,0.0,0.0,0.0,0.0,0.0,0.0,0.0,0.0,0.0,0.8275313,3.130713,0.0,0.8275313,0.0,0.0,0.0,0.0,0.0,0.0,0.0,0.0,0.0,1.274057,1.274057,0.0,0.8275313,0.0,0.0,0.0,0.8275313,0.0,2.1663053,0.8275313,0.0,0.0,0.0,0.0,0.8275313,0.0,2.1663053,0.0,0.0,0.0,0.0,0.0,0.0,0.0,0.0,0.0,0.0,0.0,0.0,0.0,2.630207,0.8275313,0.0,1.274057,0.0,0.0,0.8275313,0.0,0.0,0.0,0.8275313,0.0,0.0,0.0,0.8275313,0.0,0.8275313,0.0,0.0,0.0,0.0,0.0,0.0,0.0,1.8165588,0.0,0.8275313,0.0,0.0,0.0,0.0,0.8275313,0.0,3.0113578,0.0,1.8165588,0.8275313,0.0,0.0,0.8275313
0.0,1.518525,0.7832143,0.0,0.0,0.0,0.0,0.0,0.0,0.0,0.0,0.0,0.0,0.0,0.0,0.0,0.7832143,3.9532666,0.0,1.216985,0.0,0.0,0.0,0.0,0.0,0.0,0.0,0.0,0.0,0.0,0.0,0.0,1.216985,0.0,0.0,0.0,0.0,0.0,2.0956805,0.0,0.7832143,0.0,0.0,0.0,0.0,0.0,2.459286,0.0,0.0,0.0,0.0,0.7832143,0.0,0.0,0.0,0.0,0.0,0.0,0.0,0.0,2.64429,1.216985,0.0,1.216985,0.0,1.216985,0.7832143,0.0,0.0,0.0,0.0,1.216985,0.0,0.7832143,0.0,0.0,1.216985,0.0,0.0,0.7832143,0.0,0.0,0.0,0.0,1.216985,0.7832143,0.0,1.518525,0.0,0.0,0.0,0.0,0.0,3.1604588,0.7832143,1.9376585,0.7832143,0.0,0.0,0.7832143
0.0,0.7251671,0.0,0.0,0.0,0.7251671,0.0,0.0,0.0,0.0,0.0,0.7251671,0.0,0.0,0.0,0.0,0.7251671,3.4950607,0.0,0.7251671,0.0,0.0,0.0,0.0,0.0,0.0,0.0,0.0,0.0,0.7251671,0.7251671,0.0,0.0,0.0,0.0,0.7251671,0.0,0.0,1.1410816,0.7251671,0.0,0.0,0.0,0.0,0.0,0.0,2.134821,0.0,0.0,0.0,0.0,0.0,0.0,0.0,0.7251671,0.0,0.0,0.7251671,0.0,0.7251671,3.31879,0.0,0.0,1.1410816,0.0,0.7251671,0.0,0.0,0.0,0.0,0.0,0.0,0.0,0.7251671,0.7251671,0.7251671,0.7251671,0.0,0.0,0.0,0.0,0.0,0.0,0.0,2.0001895,0.0,0.0,0.0,0.0,0.0,0.0,0.0,0.7251671,3.055719,0.0,2.0001895,1.1410816,1.8445703,0.7251671,0.7251671
0.0,0.0,0.0,0.0,0.0,0.0,0.0,0.0,0.0,0.0,0.0,0.0,0.0,0.0,0.0,0.0,0.72445375,4.0308256,0.0,0.0,0.0,0.0,0.0,0.0,0.0,0.0,0.0,0.0,0.0,0.72445375,0.0,0.0,0.0,0.0,0.72445375,0.0,0.0,0.0,2.5415735,0.0,0.0,0.72445375,0.0,0.0,0.0,0.72445375,1.4328941,0.0,0.72445375,0.0,0.0,0.0,0.0,0.0,0.0,0.0,0.0,0.0,0.0,0.0,3.3552823,0.0,0.0,1.1401403,0.0,0.0,0.0,0.0,0.0,0.0,0.0,0.0,0.0,0.0,0.0,0.0,0.72445375,0.72445375,0.0,0.72445375,0.72445375,0.0,0.0,0.0,1.8434055,0.72445375,0.0,0.0,0.0,0.0,0.0,0.72445375,0.0,3.3552823,0.0,2.2522206,0.72445375,0.0,0.0,0.0
0.9072667,0.0,0.0,0.0,0.0,0.0,0.0,0.0,0.0,0.0,0.0,0.0,0.0,0.0,0.0,0.0,0.0,5.8443184,0.0,0.0,0.0,0.0,0.0,0.0,0.0,1.3750015,0.9072667,0.0,0.0,1.6924224,0.9072667,0.0,0.0,0.0,0.0,0.0,0.0,0.0,0.9072667,0.0,0.0,0.0,0.0,0.0,0.0,0.0,2.4285822,0.0,0.0,0.0,0.0,0.0,0.0,0.9072667,0.0,0.0,0.0,0.0,0.0,0.0,3.3698196,0.0,0.0,0.0,0.0,0.0,0.9072667,0.0,0.9072667,0.9072667,0.0,0.0,0.0,0.9072667,0.0,0.0,1.3750015,0.0,1.3750015,0.0,0.0,0.0,0.9072667,0.9072667,2.1267672,0.0,0.0,0.9072667,0.0,0.0,0.9072667,0.9072667,0.0,3.204398,0.9072667,1.3750015,0.0,0.9072667,0.0,0.9072667
0.0,2.2000742,0.0,0.0,0.0,0.0,0.0,0.0,0.0,0.0,0.0,0.0,0.0,0.0,0.0,0.0,0.0,4.0462003,0.0,0.0,0.0,0.0,0.0,0.0,0.0,0.0,0.0,0.0,0.0,0.0,0.0,0.0,0.0,0.0,0.0,0.0,0.0,0.0,0.0,0.0,0.0,2.2000742,0.0,0.0,0.0,2.2000742,0.0,0.0,0.0,0.0,0.0,0.0,0.0,0.0,0.0,0.0,0.0,0.0,0.0,0.0,3.221953,0.0,0.0,0.0,0.0,0.0,0.0,0.0,0.0,0.0,0.0,0.0,0.0,0.0,0.0,0.0,0.0,0.0,0.0,0.0,0.0,0.0,0.0,0.0,2.8362303,0.0,0.0,0.0,0.0,0.0,0.0,0.0,0.0,3.4996157,0.0,0.0,0.0,0.0,0.0,0.0
0.0,0.0,0.0,0.0,0.0,0.0,0.0,0.0,0.0,0.0,0.0,0.0,0.0,0.0,0.0,0.0,0.0,3.7359467,0.0,0.0,0.0,0.0,0.0,0.0,0.0,0.0,0.0,0.0,0.0,0.0,0.0,0.0,2.6839328,0.0,0.0,0.0,0.0,0.0,0.0,0.0,0.0,0.0,0.0,0.0,0.0,0.0,2.6839328,0.0,0.0,0.0,0.0,0.0,0.0,0.0,0.0,0.0,0.0,2.6839328,0.0,0.0,3.7359467,0.0,0.0,0.0,0.0,0.0,0.0,0.0,0.0,0.0,0.0,0.0,0.0,0.0,0.0,0.0,0.0,2.6839328,0.0,0.0,0.0,0.0,0.0,0.0,2.6839328,0.0,0.0,0.0,0.0,0.0,0.0,0.0,0.0,2.6839328,0.0,0.0,0.0,0.0,0.0,0.0
0.0,0.0,0.0,0.0,0.0,0.0,0.0,0.0,0.75862193,0.0,0.0,0.0,0.0,0.0,0.0,0.0,0.0,3.5889287,0.0,0.0,0.0,0.75862193,0.0,0.75862193,0.0,0.0,0.0,0.0,0.0,0.0,0.75862193,0.0,0.75862193,0.0,0.0,0.0,0.0,0.0,1.7122338,0.0,0.0,0.0,0.0,0.0,0.0,0.0,1.8986175,0.0,0.0,0.0,0.0,0.0,0.0,0.0,0.75862193,0.75862193,0.0,0.0,0.0,0.0,2.9531016,0.75862193,0.0,1.1849928,0.75862193,0.0,0.75862193,0.0,0.0,0.0,0.75862193,0.0,0.0,0.0,0.75862193,0.0,0.0,0.0,0.0,0.0,0.0,0.0,0.75862193,0.0,1.4829661,0.0,0.0,0.75862193,0.0,0.0,0.0,0.0,0.0,2.6018484,0.0,1.7122338,0.0,0.75862193,0.0,0.75862193
0.0,0.6857306,0.0,0.6857306,0.0,0.0,0.6857306,0.0,0.0,0.0,0.0,0.0,0.0,0.0,0.0,0.0,0.0,3.3868086,0.0,0.6857306,0.0,0.0,0.0,0.6857306,0.0,0.6857306,0.6857306,0.0,0.6857306,1.0887113,0.6857306,0.0,0.6857306,0.0,0.0,0.0,0.0,0.6857306,1.3751488,1.0887113,0.0,0.0,0.0,0.0,0.0,0.0,1.3751488,0.0,0.0,0.6857306,0.6857306,0.0,0.0,0.0,0.0,0.0,0.0,0.0,0.6857306,0.0,3.0768354,1.0887113,0.0,1.3751488,0.6857306,0.6857306,1.0887113,0.0,0.0,0.0,0.0,0.0,0.6857306,0.6857306,0.0,0.0,0.6857306,0.0,0.6857306,0.0,0.0,1.0887113,0.0,1.0887113,1.0887113,0.0,0.6857306,0.0,0.0,0.0,0.0,0.6857306,0.0,3.0768354,0.0,0.0,0.0,1.0887113,0.0,1.3751488
0.72659826,0.0,0.0,0.0,0.72659826,0.0,0.0,0.0,0.0,0.0,0.0,0.0,0.0,0.0,0.0,0.72659826,0.0,3.3214629,0.0,0.0,0.0,0.0,0.72659826,0.0,0.0,0.0,0.0,0.0,0.72659826,0.0,0.72659826,0.0,0.0,0.0,0.0,0.72659826,0.0,0.0,2.0025878,0.72659826,0.0,0.0,0.0,0.0,0.0,0.0,1.4360605,0.0,0.0,0.0,0.0,0.0,0.0,0.0,0.0,0.0,0.0,0.0,0.0,0.0,3.3214629,0.0,0.0,0.72659826,0.0,1.4360605,1.1429696,1.1429696,0.0,0.0,0.72659826,0.0,0.0,1.4360605,0.0,0.0,0.72659826,0.0,0.0,0.0,0.0,0.0,0.0,0.0,1.6624353,0.0,0.0,1.4360605,0.0,0.0,0.72659826,1.1429696,0.0,3.0583615,0.0,1.1429696,0.0,0.0,0.0,0.72659826
0.0,0.0,0.0,0.0,0.0,0.0,0.0,0.0,0.0,0.0,0.0,0.0,0.0,0.0,0.5902147,0.0,1.227629,3.6991866,0.0,0.5902147,0.0,0.0,0.0,0.0,0.0,0.0,0.0,0.5902147,0.95887184,0.5902147,0.5902147,0.0,0.0,0.0,0.0,0.0,0.0,0.5902147,2.3657956,1.227629,0.0,0.0,0.95887184,0.0,0.0,0.0,1.8916999,0.0,0.0,0.0,0.0,0.0,0.0,0.0,0.5902147,0.5902147,0.0,0.0,0.5902147,0.0,3.2556186,0.0,0.0,0.5902147,0.0,0.95887184,0.95887184,0.0,0.0,0.5902147,0.0,0.0,0.0,1.4392433,0.0,0.0,0.95887184,0.0,0.0,0.0,0.0,0.0,0.0,0.0,2.0061994,0.0,0.5902147,0.5902147,0.0,0.5902147,0.0,0.0,0.0,2.928324,0.0,2.2020748,0.5902147,0.0,1.4392433,1.4392433
0.0,1.1298261,0.0,0.0,0.0,0.0,0.7166484,0.0,0.0,0.0,0.0,0.0,0.0,0.7166484,0.0,0.0,1.4213424,3.4121919,0.0,1.1298261,0.7166484,0.0,0.0,0.0,0.0,1.1298261,0.0,0.0,0.0,1.1298261,0.7166484,0.0,0.0,0.0,0.0,0.0,0.0,0.7166484,2.4402223,0.7166484,0.0,0.0,0.0,0.0,0.0,0.0,1.8306268,0.0,0.0,0.0,0.0,0.0,0.0,0.0,0.0,0.0,0.0,0.0,0.0,0.0,2.6079137,0.0,0.0,1.4213424,1.1298261,1.1298261,0.0,0.7166484,0.0,0.7166484,0.7166484,0.0,1.1298261,1.4213424,0.0,0.0,0.7166484,0.7166484,0.0,0.0,0.7166484,0.7166484,0.0,0.0,1.6467793,0.7166484,0.7166484,0.7166484,0.0,0.0,0.0,0.7166484,0.0,3.3406167,0.0,0.0,0.7166484,0.7166484,0.7166484,1.6467793
0.0,0.0,0.0,0.0,0.0,0.0,0.0,0.0,0.0,0.0,0.0,0.0,0.0,0.0,0.0,0.0,0.0,2.5336814,0.0,1.7635748,0.0,0.0,1.3609642,0.0,0.0,0.0,0.0,0.6763319,0.0,1.582396,0.0,0.0,0.0,0.6763319,0.0,0.0,0.0,0.0,2.0498266,1.3609642,0.0,0.6763319,0.0,0.0,0.0,0.0,2.0498266,0.0,0.6763319,0.0,0.0,0.0,0.0,0.0,0.0,0.0,0.0,0.0,0.6763319,0.0,2.9635375,0.6763319,0.0,0.0,0.0,0.0,0.0,0.0,0.0,0.0,0.0,0.0,0.0,1.0761285,0.6763319,0.0,0.6763319,0.0,0.0,0.0,0.0,1.0761285,0.0,0.0,1.0761285,0.0,0.6763319,0.6763319,0.0,0.0,0.0,0.0,0.0,3.0586913,0.0,0.0,0.0,0.6763319,0.0,0.6763319
0.0,0.51752764,0.0,0.0,0.0,0.0,0.0,0.0,0.0,0.0,0.0,0.0,0.0,0.8568585,0.0,0.0,0.0,3.0281196,0.0,1.6227973,0.0,0.0,0.0,0.51752764,0.0,0.0,0.0,0.0,0.51752764,1.1097574,0.0,0.0,0.0,0.0,0.0,0.51752764,0.51752764,0.0,2.350445,0.51752764,0.0,0.0,0.51752764,0.51752764,0.0,0.51752764,2.4130626,0.0,0.0,0.0,0.0,0.0,0.0,0.0,0.0,0.0,0.0,0.0,0.0,0.0,2.9947555,0.51752764,0.0,0.8568585,0.0,1.1097574,1.1097574,0.0,0.0,0.0,0.51752764,0.0,0.0,0.0,0.0,0.0,0.0,0.8568585,0.0,0.0,0.51752764,0.51752764,0.0,0.51752764,2.0513947,0.0,0.0,0.8568585,0.0,0.0,0.0,0.51752764,0.51752764,2.8489118,0.0,1.3114352,0.8568585,0.0,0.51752764,0.0
0.0,0.48509952,0.0,0.8103404,0.48509952,0.0,0.48509952,0.0,0.0,0.0,0.0,0.0,0.0,0.0,0.0,0.0,0.48509952,2.94999,0.0,1.0553602,0.0,0.0,0.8103404,0.0,0.0,0.0,0.0,0.0,0.0,0.48509952,0.0,0.0,0.48509952,0.48509952,0.0,0.0,0.0,0.48509952,2.062766,1.2520046,0.0,0.8103404,0.0,0.0,0.48509952,0.0,2.062766,0.0,0.48509952,0.0,0.0,0.0,0.0,0.0,0.0,1.0553602,0.0,0.0,0.0,0.48509952,3.3040307,2.062766,0.0,0.8103404,0.0,1.0553602,1.0553602,0.48509952,0.0,0.0,0.0,0.48509952,0.8103404,0.0,0.0,0.0,0.0,0.0,0.0,0.0,0.0,0.0,0.0,0.0,1.2520046,0.48509952,0.0,0.48509952,0.0,0.0,0.48509952,0.0,0.0,3.3040307,0.0,0.8103404,0.0,1.0553602,0.48509952,1.2520046
0.0,0.4446284,0.4446284,0.4446284,0.4446284,0.0,0.0,0.0,0.0,0.0,0.0,0.4446284,0.4446284,0.4446284,0.0,0.0,0.4446284,3.3862674,0.0,0.4446284,0.0,0.0,0.0,0.9857165,0.0,0.4446284,0.0,0.0,0.75133157,0.75133157,0.0,0.0,0.4446284,0.0,0.0,0.0,0.0,0.4446284,2.298433,0.4446284,0.0,0.9857165,0.0,0.4446284,0.4446284,0.4446284,1.8869338,0.4446284,0.4446284,0.0,0.0,0.0,0.0,0.0,0.0,0.0,0.0,0.0,0.0,0.4446284,3.1035366,0.75133157,0.0,1.1754627,0.0,0.4446284,0.9857165,0.75133157,0.4446284,0.0,0.0,0.0,0.0,0.0,0.4446284,0.0,1.3348832,0.75133157,0.0,0.75133157,0.4446284,0.4446284,0.4446284,0.0,0.9857165,0.0,0.0,0.0,0.75133157,0.0,0.0,0.0,0.4446284,3.152583,0.0,1.1754627,0.4446284,0.0,0.0,0.0
0.0,0.0,0.0,0.0,0.0,0.0,0.0,0.0,0.0,0.0,0.46334362,0.0,0.0,0.0,0.0,0.46334362,0.46334362,3.0463731,0.0,0.7787553,0.0,0.0,1.0181749,0.7787553,0.0,0.0,0.0,0.0,0.7787553,0.7787553,0.7787553,0.0,0.0,0.0,0.0,0.46334362,0.0,0.46334362,2.1589377,1.0181749,0.0,0.46334362,0.46334362,0.0,0.0,0.46334362,2.0884697,0.0,0.0,0.0,0.46334362,0.0,0.0,0.0,0.0,0.0,0.0,0.0,0.0,0.46334362,3.293341,0.46334362,0.0,1.0181749,0.0,0.46334362,0.0,0.0,0.0,0.0,0.46334362,0.7787553,0.0,0.7787553,0.7787553,1.0181749,0.46334362,0.0,0.0,0.46334362,0.0,0.0,0.0,0.0,1.6342585,0.0,0.7787553,1.2112019,0.46334362,0.0,0.46334362,0.0,0.46334362,3.1270692,0.0,0.46334362,0.0,0.46334362,0.0,0.7787553
0.0,0.0,0.502487,0.0,0.0,0.502487,1.0846757,0.0,0.0,0.0,0.0,0.0,0.0,0.502487,0.0,0.0,0.0,3.1439846,0.502487,0.502487,0.0,0.0,0.0,0.0,0.0,0.0,0.0,0.0,0.0,1.4502391,0.502487,0.0,0.502487,0.0,0.0,0.0,0.0,0.0,2.0186648,0.502487,0.0,0.0,0.502487,0.0,0.0,0.0,1.8281901,0.502487,0.0,0.0,0.0,0.0,0.0,0.0,0.0,0.0,0.0,0.0,0.0,0.0,3.2250404,0.502487,0.0,1.0846757,1.0846757,1.5926906,0.8353641,0.502487,0.0,0.0,0.0,0.0,0.0,0.0,0.0,0.502487,0.0,0.0,0.0,0.8353641,0.0,0.502487,0.0,0.0,2.0186648,0.0,0.0,0.502487,0.0,0.0,0.0,0.502487,0.0,3.347048,0.0,1.0846757,0.8353641,0.502487,0.0,0.0
0.0,0.39176726,0.0,0.8914979,0.39176726,0.0,0.39176726,0.0,0.0,0.0,0.0,0.0,0.0,0.0,0.0,0.39176726,1.355206,3.0283604,0.0,1.0710263,0.0,0.0,0.39176726,0.6725294,0.0,0.0,0.0,0.0,0.0,0.8914979,0.0,0.0,0.8914979,0.0,0.0,0.0,0.0,0.39176726,1.7571565,0.6725294,0.0,0.0,0.0,0.0,0.39176726,0.8914979,1.4718189,0.39176726,0.0,0.0,0.6725294,0.39176726,0.39176726,0.0,0.0,0.0,0.0,0.0,0.0,0.39176726,3.3774512,1.355206,0.0,1.5762422,0.0,0.8914979,0.39176726,0.8914979,0.39176726,0.39176726,0.39176726,0.39176726,1.0710263,0.8914979,0.0,0.0,0.39176726,0.0,0.0,0.0,0.0,0.0,0.39176726,0.0,2.1602716,0.0,0.0,1.0710263,0.0,0.0,0.0,0.6725294,0.6725294,2.9808288,0.0,0.8914979,0.39176726,0.0,0.0,0.8914979
0.0,0.0,0.0,0.0,0.0,0.0,0.519811,0.0,0.0,0.0,0.0,0.0,0.0,0.0,0.0,0.0,0.519811,3.2132537,0.0,1.1135434,0.0,0.0,0.0,0.0,0.0,0.0,0.0,0.0,0.0,1.8646501,0.0,0.0,0.0,0.519811,0.86010945,0.519811,0.0,0.0,2.0563133,0.86010945,0.0,0.0,0.86010945,0.0,0.519811,0.0,1.3155603,0.0,0.0,0.0,0.519811,0.0,0.0,0.0,0.519811,0.0,0.0,0.0,0.0,0.519811,2.6356575,0.519811,0.0,0.0,0.0,0.86010945,0.86010945,0.519811,0.0,0.0,0.0,0.519811,0.0,0.519811,0.0,0.86010945,0.519811,0.519811,0.0,0.519811,0.0,0.86010945,0.0,0.0,1.9650666,0.0,0.86010945,0.519811,0.0,0.0,0.0,0.0,0.0,2.9655907,0.0,0.86010945,0.0,0.519811,0.0,1.6273286
0.0,0.0,0.78395724,0.0,0.78395724,0.0,0.0,0.0,0.0,0.0,0.0,0.0,0.0,0.0,0.0,0.0,1.0243136,3.1100514,0.0,0.0,0.0,0.0,0.46691197,0.0,0.0,0.0,0.0,0.0,0.0,0.0,0.46691197,0.0,0.78395724,1.3801014,0.0,0.0,0.0,0.0,1.9388294,0.46691197,0.0,0.0,0.0,0.46691197,0.0,0.46691197,1.7510222,0.46691197,0.46691197,0.0,0.0,0.0,0.0,0.0,0.0,0.46691197,0.0,0.0,0.0,0.0,2.460537,0.78395724,0.0,1.7510222,0.0,0.78395724,1.3801014,0.0,0.0,0.46691197,0.46691197,0.0,1.0243136,0.0,0.0,0.0,1.0243136,0.0,0.0,0.0,0.0,0.46691197,0.46691197,0.0,1.7510222,0.0,0.0,1.217948,0.46691197,0.46691197,0.0,0.46691197,0.46691197,3.4639585,0.0,0.78395724,0.46691197,0.78395724,0.0,0.0
0.0,0.0,0.46247107,0.0,0.0,0.0,0.0,0.46247107,0.0,0.0,0.0,0.0,0.0,0.0,0.0,0.46247107,0.0,3.3948998,0.0,1.0166715,0.0,0.0,0.46247107,0.7774821,0.0,0.0,0.0,0.0,0.0,1.7411581,1.2095491,0.0,0.7774821,0.0,0.46247107,0.0,0.0,0.0,2.156855,0.46247107,0.0,0.0,1.0166715,0.0,0.0,0.0,1.9286088,0.0,0.0,0.46247107,0.46247107,0.0,0.0,0.0,0.0,0.46247107,0.0,0.0,0.0,0.0,3.1248178,0.0,0.46247107,1.0166715,0.46247107,1.0166715,0.0,0.46247107,0.46247107,0.0,0.0,0.46247107,0.0,0.46247107,0.0,0.0,1.3711721,0.46247107,0.0,0.7774821,0.0,0.46247107,0.46247107,0.0,2.0106173,0.0,0.0,0.46247107,0.0,0.0,0.0,0.7774821,0.0,3.4144313,0.0,1.0166715,0.0,0.46247107,0.0,0.46247107
0.0,0.65221786,0.65221786,0.0,0.65221786,0.0,0.65221786,0.0,0.0,0.0,0.0,0.0,0.0,0.0,0.0,0.65221786,0.65221786,3.3204942,0.0,0.65221786,0.0,0.0,0.0,0.0,0.0,0.0,0.0,0.0,0.0,0.65221786,0.0,0.0,0.0,1.043659,0.0,0.0,0.0,0.0,2.2276616,1.043659,0.0,0.0,0.65221786,0.0,0.0,0.0,2.1232612,0.0,0.0,0.0,0.0,0.0,0.0,0.0,0.0,0.0,0.0,0.0,0.0,0.65221786,2.811599,1.3242546,0.0,0.65221786,0.0,1.3242546,0.65221786,0.0,0.0,0.0,1.043659,1.043659,1.3242546,0.0,0.0,0.0,0.0,0.0,0.0,0.0,0.65221786,0.0,0.0,0.65221786,2.006677,0.65221786,0.65221786,1.043659,0.0,0.0,0.0,1.043659,0.0,3.2154558,0.65221786,1.043659,0.0,0.0,0.0,1.3242546
0.0,0.0,0.0,0.0,0.0,0.0,0.77649826,0.0,0.0,0.0,0.0,0.0,0.0,0.0,0.0,0.0,0.77649826,3.6822813,0.0,1.2082716,0.0,0.0,0.0,0.0,0.0,0.0,0.0,0.0,0.0,1.5088527,0.77649826,0.0,0.0,1.2082716,0.0,0.0,0.0,1.2082716,1.5088527,0.77649826,0.0,0.0,0.0,0.0,0.0,0.0,1.9270525,0.0,0.0,0.0,0.0,0.0,0.0,0.0,0.77649826,0.0,0.0,0.0,0.0,0.0,2.4479504,0.77649826,0.0,1.7396566,0.0,0.0,0.0,0.77649826,0.0,0.0,0.0,0.0,0.0,0.0,1.2082716,0.77649826,1.2082716,0.0,0.0,0.0,0.0,0.0,0.0,0.0,0.77649826,0.0,0.0,0.77649826,0.0,0.0,0.0,0.0,0.0,3.244574,0.0,1.5088527,0.0,0.0,0.0,0.0
0.0,0.0,0.0,0.0,0.0,0.0,0.43648273,0.0,0.0,0.0,0.0,0.0,0.0,0.43648273,0.0,0.43648273,1.1597143,2.9758706,0.0,1.4547782,0.0,0.0,0.43648273,0.0,0.43648273,0.0,0.0,0.0,0.43648273,0.73932016,0.43648273,0.0,0.0,0.0,0.73932016,0.0,0.0,0.0,1.9487362,1.1597143,0.0,0.0,0.0,0.43648273,0.0,0.0,1.7792313,0.0,0.0,0.43648273,0.43648273,0.0,0.43648273,0.0,0.43648273,0.0,0.0,0.43648273,0.0,0.0,2.857485,0.0,0.0,0.9714478,0.0,0.73932016,0.73932016,0.43648273,0.0,0.0,0.0,0.0,0.0,0.43648273,0.0,0.0,1.1597143,0.43648273,0.0,0.43648273,0.43648273,1.1597143,0.0,0.0,1.7792313,0.0,0.9714478,0.43648273,0.0,0.73932016,0.0,1.1597143,0.43648273,3.1307096,0.0,0.43648273,0.73932016,0.0,0.43648273,0.43648273
0.0,0.0,0.0,0.6415604,0.0,0.0,0.6415604,0.0,0.0,0.0,0.0,0.0,0.6415604,0.6415604,0.0,0.0,0.6415604,3.5856903,0.0,0.6415604,0.0,0.0,0.0,0.0,0.0,0.0,0.0,0.0,0.6415604,1.5255713,1.029221,0.0,0.0,0.0,0.0,0.0,0.0,0.6415604,1.8557751,0.0,0.0,0.0,1.5255713,0.0,0.0,0.6415604,2.3020272,0.0,1.029221,0.0,0.0,0.0,0.0,0.0,0.0,0.0,0.0,0.0,0.0,1.029221,2.8953264,0.0,0.0,1.3078805,0.0,1.3078805,0.6415604,0.0,0.0,0.0,0.0,0.0,0.0,0.6415604,0.0,0.6415604,0.0,0.6415604,0.0,0.6415604,0.0,0.6415604,0.0,0.0,1.8557751,0.6415604,0.6415604,0.6415604,1.029221,0.0,0.0,0.0,1.029221,3.2989368,0.0,0.6415604,0.0,0.0,0.0,0.6415604
0.0,0.0,0.0,0.0,1.2879539,0.0,0.0,0.0,0.0,0.0,0.0,0.0,0.0,0.5046105,0.0,0.5046105,0.8384072,3.2038941,0.0,0.5046105,0.0,0.0,1.0882322,0.5046105,0.0,0.5046105,0.0,0.0,0.5046105,0.8384072,0.0,0.0,0.0,0.5046105,0.0,0.5046105,0.0,0.0,2.3212855,1.2879539,0.5046105,0.0,0.0,0.0,0.0,0.5046105,1.7217629,0.0,0.5046105,0.0,0.0,0.5046105,0.0,0.0,0.0,0.5046105,0.0,0.0,0.0,0.0,2.929656,1.2879539,0.0,0.8384072,0.0,0.0,0.5046105,0.0,0.0,0.0,0.0,0.5046105,0.0,1.0882322,0.0,0.5046105,1.0882322,0.8384072,0.0,0.0,0.0,0.0,0.5046105,0.0,1.4543505,0.0,0.0,0.5046105,0.5046105,0.0,0.5046105,0.8384072,0.5046105,3.120567,0.0,1.7217629,1.0882322,0.0,0.0,0.0
0.0,0.48383105,0.0,0.0,0.0,0.0,0.0,0.0,0.0,0.0,0.0,0.0,0.0,0.0,0.48383105,0.0,0.0,3.3235216,0.0,1.2496468,0.0,0.0,0.48383105,0.48383105,0.0,0.0,0.48383105,0.0,0.48383105,0.8085073,0.8085073,0.0,0.8085073,0.0,0.48383105,0.0,0.0,0.48383105,2.059883,0.8085073,0.0,0.0,0.8085073,0.0,0.0,0.0,1.887145,0.0,0.8085073,0.0,0.0,0.0,0.0,0.0,0.0,0.0,0.0,0.0,0.48383105,0.0,2.5015175,0.0,0.0,1.0532079,0.0,1.0532079,0.0,0.0,0.48383105,0.0,0.0,0.0,0.0,1.0532079,0.0,0.0,0.48383105,0.0,0.0,0.48383105,0.0,0.0,0.48383105,0.0,2.2071319,0.0,0.48383105,0.48383105,0.48383105,0.0,0.0,0.0,0.48383105,3.3235216,0.0,1.2496468,0.8085073,0.0,0.0,1.0532079
0.0,0.0,0.0,0.28422442,0.28422442,0.0,0.0,0.0,0.0,0.0,0.0,0.0,0.0,0.28422442,0.0,0.0,0.28422442,2.9486516,0.0,1.0893652,0.0,0.28422442,0.50528765,0.28422442,0.0,0.0,0.0,0.0,0.28422442,1.289191,0.0,0.0,0.0,0.0,0.0,0.0,0.0,0.28422442,1.7231658,1.1942611,0.0,0.0,0.0,0.28422442,0.0,0.28422442,2.0672872,0.0,0.50528765,0.0,0.0,0.0,0.0,0.0,0.0,0.0,0.0,0.0,0.0,0.0,2.626154,0.83937705,0.0,1.289191,0.0,0.9721626,0.28422442,0.28422442,0.0,0.0,0.28422442,0.50528765,1.1942611,0.6862199,0.28422442,0.0,0.50528765,0.28422442,0.0,0.6862199,0.0,0.50528765,0.0,0.0,1.8853148,0.50528765,0.0,0.6862199,0.0,0.50528765,0.0,0.50528765,0.28422442,2.6020808,0.0,0.83937705,0.28422442,0.50528765,0.0,1.3758854
0.0,0.0,0.0,0.0,0.0,0.0,0.0,0.0,0.0,0.0,0.0,0.0,0.0,0.0,0.0,0.0,0.0,3.1082225,0.0,1.5563989,0.0,0.0,0.72709507,0.0,0.0,0.0,0.0,0.0,0.4282246,0.4282246,0.0,0.0,0.0,0.0,0.0,0.0,0.0,0.4282246,1.5563989,0.0,0.0,0.0,0.0,0.0,0.0,0.0,1.8477155,0.0,0.0,0.0,0.0,0.0,0.4282246,0.0,0.0,0.0,0.0,0.0,0.0,0.4282246,3.0338771,0.72709507,0.0,0.956892,0.0,1.1436248,0.72709507,0.4282246,0.72709507,0.0,0.0,0.4282246,0.4282246,0.72709507,0.0,0.0,0.4282246,0.72709507,0.0,0.0,0.0,0.4282246,0.0,0.0,2.256802,0.0,1.3009144,0.4282246,0.4282246,0.0,0.0,0.0,0.4282246,2.6267488,0.0,1.3009144,0.956892,0.4282246,0.0,0.0
0.0,0.0,0.0,0.0,0.0,0.0,1.3649307,1.3649307,0.0,0.0,0.0,1.3649307,0.0,1.3649307,0.0,0.0,0.0,3.1914477,0.0,0.0,0.0,0.0,0.0,0.0,0.0,0.0,0.0,0.0,0.0,1.921457,1.3649307,0.0,1.3649307,0.0,0.0,0.0,0.0,0.0,1.3649307,0.0,0.0,0.0,0.0,0.0,0.0,0.0,2.2768934,0.0,0.0,0.0,0.0,1.3649307,0.0,0.0,1.3649307,0.0,0.0,0.0,0.0,0.0,2.5385902,0.0,0.0,1.3649307,0.0,0.0,0.0,1.3649307,0.0,0.0,0.0,0.0,0.0,0.0,0.0,0.0,0.0,1.3649307,0.0,0.0,0.0,1.3649307,0.0,0.0,0.0,0.0,0.0,0.0,0.0,0.0,0.0,0.0,0.0,3.1914477,0.0,0.0,0.0,1.3649307,0.0,0.0
0.0,0.68651384,0.68651384,0.0,0.0,0.0,0.68651384,0.0,0.68651384,0.0,0.0,0.0,0.0,0.0,0.0,0.0,0.68651384,2.9830909,0.0,1.0897579,0.0,0.0,0.0,0.0,0.0,0.0,0.0,0.0,0.0,1.0897579,0.68651384,0.0,0.0,0.0,0.0,0.0,0.0,0.0,1.5988033,0.0,0.0,0.0,0.0,0.0,0.0,0.0,1.0897579,0.0,0.0,0.0,0.0,0.0,0.0,0.0,0.0,0.0,0.0,0.0,0.68651384,0.0,2.8206902,1.0897579,0.0,0.68651384,0.0,1.3763278,0.68651384,0.68651384,0.0,0.0,0.68651384,0.68651384,1.0897579,0.0,0.0,0.0,0.0,0.68651384,0.0,0.0,0.0,0.0,0.0,0.0,1.9345115,0.0,0.0,0.68651384,0.0,0.0,0.0,0.0,0.0,2.8206902,0.0,1.3763278,0.0,0.0,0.0,0.0
0.0,0.67161494,0.0,0.0,0.0,0.0,0.0,0.0,0.0,0.0,0.0,0.0,0.0,0.0,0.0,0.0,1.0697985,3.0495248,0.0,1.7556105,0.0,0.0,0.0,0.0,0.0,0.0,0.0,0.0,0.0,1.0697985,1.0697985,0.0,0.0,0.67161494,0.0,0.0,0.0,0.0,2.1586185,0.67161494,0.67161494,0.67161494,0.0,0.0,0.0,0.67161494,1.5747602,0.0,0.0,0.0,0.0,0.0,0.0,0.0,0.0,0.0,0.0,0.0,0.0,0.0,2.7318277,0.0,0.0,1.0697985,0.0,0.0,0.0,0.67161494,0.0,0.0,1.0697985,0.0,0.0,0.67161494,0.0,0.0,0.0,0.67161494,0.0,0.0,0.67161494,0.0,0.67161494,0.0,1.9087088,0.0,0.0,1.3538196,0.0,0.0,0.67161494,1.3538196,0.0,3.2162683,0.0,0.0,0.67161494,0.0,0.0,1.0697985
0.0,0.0,0.66918904,0.0,0.0,0.0,0.0,0.0,0.0,0.0,0.0,0.0,0.0,0.0,0.0,0.0,0.66918904,3.1723576,0.0,1.0665388,0.0,0.0,0.0,0.0,0.0,0.0,0.0,0.0,0.0,1.0665388,0.0,0.0,0.0,0.0,0.0,0.0,0.0,0.0,2.0371304,0.0,0.0,0.0,0.66918904,0.0,0.0,0.0,2.0371304,0.0,0.0,0.0,0.0,0.0,0.0,0.0,0.0,0.0,0.0,0.0,0.0,0.66918904,2.9983819,0.0,0.66918904,0.66918904,0.0,0.66918904,0.0,1.0665388,0.0,0.0,0.0,0.66918904,0.0,0.66918904,0.0,0.0,0.0,0.66918904,0.0,0.0,0.0,0.0,0.0,0.0,1.5708244,0.0,0.66918904,0.0,0.66918904,0.0,0.0,0.0,0.66918904,3.0447946,0.0,1.0665388,0.0,0.0,0.0,0.0
0.0,0.0,0.0,0.0,0.0,0.0,1.1950982,0.0,0.0,0.0,0.0,0.0,0.0,0.0,0.0,0.0,0.0,3.2711914,0.0,0.76637024,0.0,0.0,0.76637024,0.0,0.0,0.0,0.76637024,0.0,0.0,1.1950982,0.0,0.0,0.0,0.0,0.0,0.0,0.0,0.0,1.7241521,1.1950982,0.76637024,0.0,0.0,0.0,0.0,0.0,1.7241521,0.76637024,0.0,0.0,0.0,0.0,0.0,0.0,0.0,0.76637024,0.0,0.0,0.0,0.0,3.078921,0.0,0.0,0.76637024,0.0,0.76637024,0.0,0.0,0.0,0.0,0.0,0.76637024,0.0,0.0,0.0,0.0,0.76637024,1.1950982,0.0,0.0,0.0,0.0,0.76637024,0.0,1.4942118,0.0,0.0,0.0,0.0,0.0,0.76637024,0.76637024,0.0,2.323909,0.0,1.1950982,0.76637024,0.0,0.0,0.0
0.0,1.2057257,0.77453846,0.0,0.0,0.0,0.0,0.0,0.0,0.0,0.0,0.0,0.0,0.0,0.0,0.0,0.0,3.2858236,0.0,1.5060248,0.0,0.0,0.77453846,0.0,0.0,0.0,0.0,0.0,0.0,0.77453846,0.77453846,0.0,0.77453846,0.0,0.0,0.0,0.0,0.0,1.9239498,1.2057257,0.0,0.0,0.0,0.0,0.0,0.0,1.5060248,0.0,0.0,0.0,0.0,0.0,0.0,0.0,0.0,0.0,0.0,0.0,0.0,0.0,2.7103868,0.0,0.0,1.2057257,0.0,0.0,1.2057257,0.0,0.0,0.0,0.0,0.77453846,0.0,0.0,0.0,0.0,0.77453846,0.0,0.0,0.0,0.0,0.0,0.0,0.77453846,1.9239498,0.77453846,0.0,0.0,0.0,0.0,0.0,0.77453846,0.0,2.8549902,0.0,1.7366629,0.77453846,0.77453846,0.0,0.77453846
0.7388914,0.0,0.0,0.0,0.0,0.0,0.0,0.0,0.0,0.0,0.0,0.0,0.0,0.0,0.0,0.0,0.0,3.0809302,0.0,0.7388914,0.0,0.0,0.0,0.0,0.0,0.0,0.0,0.0,0.0,1.6816568,0.7388914,0.0,0.0,0.0,0.0,0.7388914,0.0,0.0,2.0230935,1.4541492,0.0,0.0,0.7388914,0.0,0.0,0.0,2.0230935,0.0,0.0,0.0,0.0,0.0,0.0,0.0,0.0,0.0,0.0,0.0,0.0,0.0,2.2771552,0.7388914,0.0,0.0,0.0,1.1591511,0.7388914,0.7388914,0.0,0.0,0.0,1.1591511,0.0,0.7388914,0.0,0.0,0.0,0.7388914,0.7388914,1.4541492,0.0,0.7388914,0.7388914,0.0,1.6816568,0.7388914,1.1591511,0.0,0.7388914,0.7388914,0.0,1.1591511,0.0,3.0294108,0.0,1.4541492,1.1591511,0.0,0.0,1.1591511
0.0,0.7240154,0.0,0.0,0.0,0.0,1.1395618,0.0,0.0,0.0,0.0,0.0,0.0,0.7240154,0.0,0.0,0.7240154,4.8309965,0.0,1.4322467,0.0,0.7240154,0.0,1.4322467,0.0,0.0,0.7240154,0.0,0.7240154,1.998258,0.7240154,0.0,0.7240154,0.0,0.0,0.0,0.0,0.0,1.998258,1.4322467,0.0,0.0,0.0,1.1395618,0.0,0.0,1.4322467,0.7240154,0.0,0.0,0.7240154,0.0,0.7240154,0.0,0.0,0.7240154,0.0,0.0,0.0,0.7240154,3.102521,0.0,0.0,0.0,0.0,1.6583798,0.0,0.0,0.0,0.0,0.7240154,0.0,0.0,0.0,0.7240154,0.0,1.1395618,0.0,0.0,0.0,0.0,0.0,0.0,0.0,2.1328514,0.0,0.7240154,0.0,0.0,0.0,0.7240154,0.7240154,0.7240154,3.3909073,0.0,4.4167643,3.8436599,0.7240154,1.1395618,1.1395618
0.83610415,0.0,0.0,0.0,0.0,0.0,0.0,0.0,0.0,0.0,0.0,0.0,0.0,0.0,0.0,0.0,0.0,3.3012743,0.0,0.83610415,0.0,0.0,0.83610415,0.0,0.0,0.0,0.0,0.0,0.83610415,0.83610415,0.0,0.0,0.0,0.0,0.0,0.0,0.0,0.0,2.019798,0.0,0.0,0.0,0.83610415,0.0,0.0,0.0,0.83610415,0.83610415,0.83610415,0.0,0.0,0.0,0.0,0.0,0.0,0.0,0.0,0.0,0.0,0.0,2.8147094,0.0,0.83610415,0.83610415,0.0,0.83610415,1.2850146,0.0,0.0,0.0,0.0,0.83610415,0.83610415,0.0,0.0,0.0,0.83610415,0.0,0.0,0.0,0.0,0.0,0.0,0.83610415,1.8292867,0.0,0.83610415,0.0,0.0,0.0,0.0,0.0,0.0,2.4387653,0.83610415,1.2850146,0.83610415,0.0,0.0,0.0
0.0,0.0,0.0,0.6388464,0.6388464,0.0,0.0,0.6388464,0.0,0.0,0.0,0.0,0.0,0.0,0.0,0.0,0.0,3.0712466,0.0,1.5210825,0.0,0.0,1.0255356,0.0,0.0,1.0255356,1.5210825,0.0,0.0,1.3036959,0.6388464,0.0,0.0,0.0,0.0,0.0,0.0,0.0,1.5210825,0.0,0.0,0.6388464,0.0,0.0,0.0,0.0,2.0985522,0.6388464,0.0,0.0,0.0,0.0,0.0,0.0,0.0,0.0,0.0,0.0,0.0,0.0,3.1509123,0.6388464,0.6388464,1.0255356,0.0,1.0255356,0.6388464,0.6388464,0.0,0.0,0.0,0.0,0.0,0.0,0.0,0.0,0.0,0.0,0.0,0.0,0.0,0.0,0.6388464,0.6388464,1.6995476,0.0,0.0,0.0,0.0,0.0,0.0,0.0,0.0,3.188485,0.0,0.6388464,0.6388464,0.6388464,0.0,0.0
0.0,0.0,0.7312626,0.0,0.0,0.0,0.0,0.7312626,0.0,0.0,0.0,0.0,0.0,0.0,0.0,0.0,0.0,3.4044576,0.0,0.0,0.0,0.0,0.0,0.7312626,0.0,0.0,0.0,0.0,0.7312626,1.1491168,1.1491168,0.0,0.0,0.0,0.0,0.0,0.0,0.0,1.6697443,0.7312626,0.0,0.0,0.0,0.0,0.7312626,0.7312626,1.6697443,0.0,0.0,0.0,0.0,0.0,0.0,0.0,0.0,0.0,0.0,0.7312626,0.0,0.0,2.9037943,0.0,0.0,1.4429363,0.7312626,1.1491168,0.0,0.0,0.0,0.7312626,0.0,0.0,0.0,0.0,0.0,0.7312626,0.7312626,0.0,0.0,0.0,0.0,0.0,0.0,0.0,1.8545014,0.7312626,1.1491168,0.7312626,0.0,0.7312626,0.0,0.0,0.0,3.0154684,0.0,0.7312626,0.0,0.0,0.0,0.7312626
0.0,1.0402153,0.0,0.6496722,0.0,0.0,0.0,0.6496722,0.0,0.0,0.0,0.0,0.0,0.0,0.0,0.0,0.6496722,3.0506034,0.0,0.0,0.0,0.0,0.6496722,0.6496722,0.0,0.0,0.0,0.0,0.0,1.5389408,0.0,0.6496722,0.6496722,0.0,0.0,0.0,0.0,0.6496722,1.7182144,0.0,0.0,0.0,1.0402153,0.0,0.0,0.0,2.0020733,0.0,0.0,0.0,1.0402153,0.0,0.0,0.0,0.0,0.0,0.0,0.0,0.0,0.0,2.8603954,0.0,0.0,1.0402153,0.0,0.0,0.6496722,0.0,0.0,0.0,0.0,0.0,0.0,0.6496722,0.0,0.0,0.6496722,0.6496722,0.0,0.6496722,0.6496722,0.6496722,0.6496722,0.6496722,0.0,0.0,0.6496722,1.320352,0.0,0.0,0.0,0.6496722,0.0,2.806599,0.0,1.320352,0.6496722,0.0,0.0,1.320352
0.0,0.77121186,0.0,0.0,1.2014006,0.0,0.0,0.0,0.0,0.0,0.0,0.0,0.0,0.0,0.0,0.0,1.2014006,2.8491673,0.0,1.2014006,0.0,0.0,0.0,0.0,0.0,0.0,0.0,0.0,0.0,1.2014006,0.0,0.0,0.0,0.0,0.0,0.0,0.0,0.77121186,2.0762253,1.2014006,0.0,0.0,0.0,0.0,0.0,0.0,2.0762253,0.0,0.0,0.0,0.0,0.0,0.77121186,0.0,0.0,0.77121186,0.0,0.0,0.0,0.77121186,3.0330546,0.0,0.77121186,0.0,0.0,1.2014006,0.77121186,0.0,0.0,0.0,0.0,0.0,0.77121186,0.0,0.0,0.0,0.77121186,0.77121186,0.0,0.0,0.0,0.77121186,0.0,0.0,1.2014006,0.0,0.77121186,0.0,0.77121186,0.77121186,0.77121186,0.77121186,0.0,2.535588,0.0,0.0,0.0,0.0,0.0,1.2014006
0.0,0.0,0.0,1.1042438,0.0,0.0,0.0,0.0,0.0,0.0,0.0,0.0,0.0,0.0,0.0,0.0,0.0,3.3039613,0.0,1.1042438,0.0,0.0,0.0,0.0,0.0,1.1042438,0.0,0.0,0.0,0.0,0.0,0.0,1.1042438,0.0,0.0,0.0,0.0,0.0,1.9531449,0.0,0.0,1.1042438,0.0,0.0,1.1042438,1.1042438,1.9531449,0.0,0.0,0.0,0.0,0.0,0.0,0.0,0.0,0.0,0.0,0.0,0.0,1.1042438,2.9524322,1.1042438,0.0,0.0,0.0,1.1042438,1.1042438,0.0,0.0,0.0,1.1042438,0.0,0.0,0.0,1.1042438,0.0,0.0,0.0,0.0,1.1042438,0.0,0.0,0.0,0.0,1.1042438,1.1042438,0.0,0.0,0.0,0.0,0.0,1.1042438,0.0,2.2047262,0.0,0.0,1.616192,0.0,0.0,0.0
0.77878726,0.0,0.0,0.0,0.0,0.0,1.2112433,1.2112433,0.0,0.0,0.0,0.0,0.0,0.0,0.0,0.0,0.0,2.3447464,0.0,0.0,0.77878726,0.0,0.0,0.0,0.0,0.0,0.0,0.0,0.0,0.77878726,0.0,0.77878726,0.0,0.0,0.0,0.0,0.0,0.77878726,1.5121524,1.5121524,0.0,0.0,0.0,0.0,0.0,0.77878726,1.5121524,0.77878726,0.0,0.0,0.0,0.0,0.0,0.0,0.0,0.0,0.0,0.0,0.0,0.0,3.248644,0.0,0.0,0.0,0.0,1.5121524,0.0,0.0,0.0,0.0,0.0,0.0,0.0,0.0,0.0,0.0,0.77878726,0.77878726,0.0,0.0,0.0,0.0,0.0,0.77878726,1.743149,0.0,0.0,0.0,0.0,0.0,0.0,0.0,0.0,3.4167657,0.0,1.2112433,0.0,0.0,0.0,1.743149
0.0,0.0,0.0,0.0,0.0,0.0,0.0,0.0,0.0,0.0,0.0,0.0,0.0,0.0,1.0332849,0.0,1.0332849,3.3376977,0.0,0.0,0.0,0.0,0.0,0.0,0.0,0.0,0.0,0.0,0.0,1.0332849,0.0,0.0,0.0,0.0,0.0,0.0,0.0,0.0,1.8611063,1.0332849,0.0,0.0,0.0,0.0,0.0,0.0,1.5305169,0.0,0.0,0.0,0.0,0.0,0.0,0.0,0.0,1.0332849,1.0332849,0.0,0.0,1.0332849,3.6164606,1.0332849,0.0,1.0332849,0.0,0.0,0.0,0.0,0.0,0.0,0.0,0.0,0.0,0.0,1.0332849,0.0,0.0,0.0,0.0,0.0,0.0,0.0,0.0,0.0,1.8611063,0.0,0.0,1.8611063,0.0,0.0,0.0,1.0332849,0.0,3.514082,0.0,1.0332849,1.0332849,0.0,0.0,0.0
0.4770316,0.0,0.0,0.4770316,0.0,0.0,0.0,0.0,0.0,0.0,0.0,0.0,0.0,0.4770316,0.0,0.0,0.79866356,3.2605035,0.0,1.0416372,0.0,0.0,0.0,0.0,0.0,0.0,0.0,0.0,0.4770316,0.79866356,0.0,0.0,0.79866356,0.0,0.4770316,0.0,0.0,0.4770316,2.044349,0.79866356,0.0,0.4770316,0.4770316,0.0,0.4770316,0.79866356,2.1912842,0.0,0.0,0.0,0.4770316,0.0,0.0,0.0,0.0,0.0,0.0,0.0,0.0,0.0,3.0526977,0.4770316,0.0,1.0416372,0.0,1.4003012,1.0416372,0.4770316,0.0,0.4770316,0.4770316,1.2369637,0.0,0.0,0.0,0.4770316,0.79866356,0.0,0.0,0.0,0.4770316,0.4770316,0.4770316,0.0,1.0416372,0.0,0.0,0.4770316,1.0416372,0.4770316,0.0,0.0,0.0,2.9620996,0.0,0.79866356,0.0,0.4770316,0.0,0.79866356
0.0,0.0,0.0,0.0,0.0,0.780129,0.46428537,0.46428537,0.46428537,0.0,0.0,0.0,0.0,0.0,0.0,0.46428537,0.46428537,3.3593752,0.0,0.46428537,0.0,0.0,0.0,0.0,0.0,0.0,0.46428537,0.0,0.46428537,1.7451944,0.46428537,0.0,0.0,0.0,0.0,0.0,0.0,0.0,1.0197966,1.0197966,0.0,0.0,0.0,0.0,0.46428537,0.780129,2.2270288,0.0,0.46428537,0.0,0.46428537,0.0,0.0,0.0,0.0,0.0,0.0,0.0,0.0,0.780129,2.6390066,0.46428537,0.0,0.780129,0.0,1.2129843,0.46428537,1.2129843,0.0,0.0,0.0,0.46428537,0.0,1.0197966,0.0,0.0,0.0,1.0197966,0.46428537,0.46428537,0.46428537,0.46428537,0.46428537,0.0,1.9327915,0.46428537,0.0,0.46428537,0.0,0.0,0.0,0.780129,0.0,2.680348,0.0,0.46428537,0.0,0.0,0.0,0.0
0.0,0.0,0.0,0.0,0.8165966,0.48943415,1.0627013,0.0,0.0,0.0,0.0,0.0,0.0,0.0,0.0,0.0,0.48943415,3.1120634,0.0,1.0627013,0.0,0.0,0.0,0.48943415,0.48943415,0.0,0.0,0.0,0.8165966,1.424785,0.8165966,0.0,0.48943415,0.0,0.0,0.0,0.0,0.0,2.2864048,0.48943415,0.0,0.48943415,0.48943415,0.0,0.0,0.0,1.6900496,0.0,0.0,0.0,0.0,0.0,0.0,0.0,0.0,0.0,0.0,0.0,0.0,0.0,2.9273999,1.0627013,0.0,0.48943415,0.0,1.0627013,0.0,0.48943415,0.0,0.0,0.0,0.48943415,0.0,0.0,0.0,0.0,1.0627013,1.0627013,0.0,0.0,0.0,0.48943415,0.0,0.0,1.5661874,0.0,0.48943415,1.0627013,0.48943415,0.48943415,0.48943415,1.2600425,0.48943415,2.7821324,0.0,1.2600425,1.0627013,0.0,0.0,0.8165966
0.0,0.37920803,0.0,0.6534984,0.8685201,0.0,0.6534984,0.0,0.0,0.0,0.0,0.0,0.0,0.0,0.0,0.0,0.37920803,3.1993861,0.0,0.6534984,0.0,0.37920803,0.0,0.37920803,0.0,0.0,0.37920803,0.0,0.0,1.0453901,0.0,0.0,0.0,0.0,0.37920803,0.0,0.0,0.0,2.4904785,1.0453901,0.0,0.37920803,0.0,0.0,0.0,0.0,2.0690002,0.0,0.0,0.0,0.0,0.37920803,0.0,0.6534984,0.0,0.37920803,0.37920803,0.0,0.6534984,0.0,2.9190037,0.6534984,0.6534984,0.37920803,0.37920803,0.37920803,0.8685201,0.6534984,0.0,0.37920803,0.0,1.0453901,0.8685201,0.0,0.37920803,0.0,0.8685201,1.3262157,0.6534984,0.37920803,0.0,0.8685201,0.37920803,0.0,1.5452228,0.6534984,0.0,0.37920803,0.6534984,0.0,0.0,0.8685201,0.0,2.696909,0.0,0.8685201,0.0,0.37920803,0.0,0.0
0.0,0.0,0.43733606,0.0,0.0,0.0,0.43733606,0.0,0.0,0.43733606,0.0,0.43733606,0.0,0.43733606,0.0,0.0,0.43733606,2.8278294,0.0,1.1613698,0.0,0.0,0.0,0.0,0.0,0.0,0.43733606,0.0,0.0,0.43733606,0.0,0.0,0.7405806,0.0,0.0,0.0,0.0,0.43733606,1.5769219,1.4566267,0.0,0.0,0.0,0.0,0.0,0.0,2.2223125,0.0,0.7405806,0.0,0.0,0.0,0.0,0.0,0.0,0.0,0.0,0.0,0.0,0.97294676,2.8278294,0.0,0.0,0.0,0.0,0.97294676,0.7405806,0.0,0.0,0.0,0.0,0.43733606,0.0,0.7405806,0.0,0.43733606,0.0,0.43733606,0.0,0.0,0.0,0.43733606,0.0,0.0,1.5769219,0.0,0.43733606,0.97294676,0.0,0.0,0.0,0.7405806,0.7405806,2.8597574,0.0,0.97294676,0.0,0.0,0.0,0.7405806
0.0,0.0,0.0,0.553461,0.553461,0.0,0.553461,0.0,0.0,0.0,0.0,0.0,0.0,0.553461,0.0,0.0,1.1686938,3.2345781,0.0,0.9076634,0.0,0.0,0.0,0.0,0.0,0.0,0.553461,0.0,0.553461,0.553461,0.0,0.0,0.9076634,0.0,0.0,0.0,0.0,0.0,1.5467772,0.553461,0.0,0.0,0.0,0.0,0.0,0.553461,1.9335625,0.0,0.0,0.0,0.553461,0.553461,0.553461,0.0,0.0,0.0,0.0,0.0,0.0,0.0,2.7590756,0.0,0.0,0.0,0.0,1.1686938,0.553461,0.9076634,0.0,0.0,0.553461,0.0,0.0,0.553461,0.0,0.0,0.0,0.553461,0.0,0.553461,0.9076634,0.553461,0.9076634,0.0,1.9335625,0.553461,0.553461,1.5467772,0.0,0.553461,0.0,0.553461,0.9076634,2.8905401,0.0,0.9076634,0.553461,0.553461,0.0,0.9076634
0.0,0.0,0.4589283,0.0,0.4589283,0.4589283,0.772307,0.0,0.772307,0.0,0.0,0.0,0.0,0.0,0.0,0.0,0.4589283,3.141145,0.0,0.0,0.0,0.0,0.772307,0.0,0.4589283,0.0,0.0,0.0,0.0,1.2028248,0.772307,0.0,0.0,0.0,0.0,0.0,0.0,0.4589283,2.0023108,1.0105574,0.0,0.0,0.0,0.0,0.4589283,0.0,2.0780065,0.0,0.0,0.0,0.4589283,0.4589283,0.0,0.0,0.0,0.4589283,0.0,0.0,0.0,0.4589283,3.2818356,0.0,0.0,0.4589283,0.4589283,1.2028248,0.0,0.772307,0.0,0.0,0.4589283,0.4589283,0.4589283,0.772307,0.0,0.0,0.772307,0.4589283,0.0,0.0,0.0,0.4589283,0.0,0.4589283,1.9204124,0.0,0.4589283,0.4589283,0.4589283,0.0,0.4589283,0.772307,0.0,3.0894768,0.0,0.772307,0.4589283,0.4589283,0.4589283,0.772307
0.51318336,0.0,1.3035656,0.0,0.0,0.0,0.51318336,0.0,0.0,0.0,0.0,0.0,0.0,0.51318336,0.51318336,0.0,0.51318336,3.6520507,0.0,0.0,0.0,0.0,0.51318336,0.0,0.51318336,0.0,0.51318336,0.0,0.0,1.4708662,0.0,0.0,0.51318336,0.0,0.0,0.0,0.0,0.8506643,1.7394493,1.4708662,0.0,0.0,0.0,0.0,0.0,0.0,1.7394493,0.0,0.0,0.0,0.0,0.0,0.0,0.0,0.51318336,0.0,0.0,0.0,0.0,0.0,3.141123,0.0,0.0,0.8506643,0.0,0.0,0.0,0.0,0.0,0.0,0.0,0.0,0.0,1.1025388,0.0,0.0,1.1025388,0.8506643,0.0,0.0,0.8506643,1.6141479,0.0,0.0,1.7394493,0.51318336,0.51318336,0.8506643,0.0,0.0,0.51318336,0.8506643,0.51318336,3.081388,0.0,1.1025388,1.4708662,0.51318336,0.0,0.0
0.0,0.0,0.0,0.0,0.4046833,0.0,0.914883,0.0,0.0,0.0,0.0,0.0,0.0,0.914883,0.0,0.4046833,0.6919742,3.065815,0.0,1.251087,0.0,0.0,0.4046833,0.4046833,0.0,0.6919742,0.0,0.0,0.4046833,0.4046833,0.4046833,0.0,0.0,0.0,0.0,0.0,0.0,0.0,2.3004727,1.097048,0.0,0.0,0.0,0.0,0.0,0.4046833,1.5022522,0.0,0.0,0.0,0.0,0.0,0.0,0.0,0.0,0.0,0.4046833,0.0,0.0,0.0,3.2166226,0.0,0.4046833,0.914883,0.0,0.4046833,0.6919742,0.4046833,0.0,0.0,0.6919742,0.4046833,0.914883,0.6919742,0.0,0.6919742,0.6919742,0.0,0.0,0.0,0.0,0.0,0.0,0.4046833,1.9438986,0.4046833,0.0,0.6919742,0.4046833,0.0,0.0,0.0,0.4046833,2.9155505,0.0,0.914883,0.0,0.4046833,0.0,0.914883
0.0,0.5405786,0.0,0.0,0.0,0.0,0.0,0.0,0.0,0.0,0.0,0.0,0.5405786,0.0,0.0,0.0,0.5405786,3.048135,0.0,1.5227902,0.0,0.0,0.0,0.0,0.0,0.0,0.0,0.0,0.0,0.0,0.5405786,0.0,0.889536,0.0,0.0,0.0,0.0,0.0,2.6825957,0.0,0.0,0.0,0.0,0.0,0.5405786,0.0,2.1004689,0.0,0.0,0.0,0.0,0.0,0.0,0.0,0.0,0.0,0.0,0.0,0.0,0.0,3.3660192,0.0,0.0,1.14772,0.0,0.5405786,0.5405786,0.5405786,0.5405786,0.0,0.0,1.14772,0.889536,0.889536,0.0,0.5405786,0.5405786,0.5405786,0.0,0.5405786,0.0,0.5405786,0.0,0.0,1.14772,0.0,0.0,0.889536,0.5405786,0.5405786,0.0,0.0,0.0,2.9776702,0.0,1.14772,0.0,0.5405786,0.0,0.5405786
0.0,0.0,0.43276018,0.0,0.0,0.0,0.0,0.0,0.43276018,0.0,0.0,0.43276018,0.0,0.43276018,0.7338154,0.43276018,0.7338154,3.3727407,0.0,0.9648978,0.0,0.0,0.0,0.43276018,0.0,0.0,0.0,0.0,0.7338154,0.9648978,0.43276018,0.0,0.43276018,0.43276018,0.43276018,0.0,0.43276018,0.43276018,2.4237955,0.43276018,0.0,0.0,0.0,0.43276018,0.0,0.0,2.2684183,0.0,0.43276018,0.0,0.0,0.43276018,0.0,0.0,0.0,0.7338154,0.0,0.0,0.0,0.0,2.6387827,0.43276018,0.0,1.3103665,0.0,1.4466928,0.0,0.43276018,0.0,0.0,1.3103665,0.43276018,0.0,0.43276018,0.0,0.7338154,0.43276018,0.7338154,0.0,0.0,0.0,0.0,0.0,0.43276018,1.8586491,0.0,0.0,0.9648978,0.0,0.43276018,0.0,0.7338154,0.0,2.9658513,0.43276018,1.1524771,0.0,0.43276018,0.0,0.0
0.0,1.0403336,0.6497597,1.0403336,0.0,0.6497597,0.0,0.0,0.0,0.0,0.0,0.0,0.0,0.0,0.0,0.6497597,1.0403336,3.2105248,0.0,1.0403336,0.6497597,0.0,1.3204862,1.3204862,0.0,0.0,0.0,0.0,0.6497597,2.0022316,0.0,0.0,0.0,0.0,0.0,0.0,0.0,0.0,2.4833193,1.7183646,0.0,0.0,0.0,0.0,1.0403336,0.0,1.5390846,0.0,1.0403336,0.0,0.0,0.0,0.0,0.0,0.0,0.6497597,0.0,0.0,0.0,0.0,3.2817476,0.6497597,0.0,0.6497597,0.6497597,0.6497597,0.6497597,0.6497597,0.0,0.0,0.0,1.3204862,0.6497597,0.0,0.0,1.0403336,0.0,0.0,0.0,0.0,1.0403336,0.6497597,0.6497597,0.0,1.3204862,0.0,0.0,0.6497597,1.5390846,0.6497597,0.0,0.0,0.0,3.3798885,0.0,0.6497597,0.0,1.3204862,0.0,1.0403336
0.0,0.0,0.0,0.0,0.0,0.0,0.0,0.0,0.0,0.0,0.0,0.0,0.0,0.71616644,0.0,1.1291883,0.42087,2.933417,0.0,1.2854877,0.0,0.0,0.42087,0.0,0.0,0.71616644,0.0,0.0,0.42087,2.292117,0.9438509,0.0,0.42087,0.42087,0.0,0.0,0.42087,0.0,1.8298357,0.71616644,0.0,0.42087,0.42087,0.0,0.0,0.0,2.292117,0.42087,0.0,0.0,0.71616644,0.42087,0.0,0.0,0.0,0.71616644,0.42087,0.0,0.0,0.9438509,2.7834854,0.0,0.42087,1.1291883,0.0,0.42087,0.71616644,0.0,0.0,0.0,0.71616644,0.0,0.0,0.71616644,0.0,0.42087,0.42087,0.71616644,0.0,0.0,0.0,0.42087,0.0,0.42087,1.6460185,0.9438509,0.0,1.2854877,0.0,0.42087,0.0,1.4206275,0.9438509,3.4452333,0.0,1.1291883,0.42087,1.4206275,0.0,0.42087
0.0,0.78743327,0.78743327,0.0,0.0,0.0,0.0,0.46929967,0.0,0.0,0.0,0.0,0.0,0.0,0.0,0.0,0.0,3.2407875,0.0,0.78743327,0.46929967,0.0,0.46929967,0.0,0.0,0.0,0.0,0.0,0.0,2.3008947,0.46929967,0.0,0.46929967,0.0,0.0,0.0,0.0,0.46929967,1.22245,0.78743327,1.0284123,0.0,0.46929967,0.0,0.0,0.0,1.8547134,0.0,0.46929967,0.0,0.0,0.0,0.0,0.0,0.0,0.78743327,0.0,0.46929967,0.0,0.78743327,2.8076377,0.46929967,0.0,0.0,0.0,0.46929967,0.0,0.0,0.0,0.0,0.46929967,0.78743327,0.0,0.0,0.0,0.0,0.78743327,0.0,0.0,0.46929967,0.0,0.46929967,0.78743327,0.46929967,2.0265174,0.0,0.0,0.0,0.0,0.0,0.0,1.22245,0.0,3.1678863,0.0,1.5245867,0.78743327,1.384886,0.0,0.78743327
0.0,0.0,0.0,0.0,0.36301395,0.0,0.0,0.0,0.0,0.0,0.0,0.0,0.0,0.36301395,0.36301395,0.36301395,0.36301395,3.3053968,0.0,1.5043546,0.0,0.0,0.0,0.0,0.0,0.0,0.0,0.0,0.36301395,1.2881124,0.0,0.0,0.62877494,0.36301395,0.36301395,0.0,0.36301395,0.0,2.4038851,0.62877494,0.0,0.0,0.0,0.0,0.0,0.36301395,2.3635325,0.0,0.0,0.0,0.0,0.0,0.0,0.0,0.0,0.0,0.0,0.0,0.0,0.36301395,2.8941746,0.36301395,0.0,0.83853143,0.0,0.83853143,0.62877494,0.36301395,0.0,0.0,0.36301395,0.83853143,0.0,1.2881124,0.0,0.0,1.5043546,0.83853143,0.0,0.0,0.0,0.62877494,0.36301395,0.0,1.0118277,0.0,0.0,1.0118277,0.0,0.0,0.0,0.83853143,0.62877494,3.0913825,0.0,1.6820486,1.4020672,0.0,0.0,0.62877494
0.0,0.0,0.0,0.0,1.7364405,0.0,0.0,0.30732068,0.0,0.0,0.0,0.30732068,0.0,0.5420649,0.0,0.0,1.029221,2.6356208,0.0,1.3553752,0.0,0.0,0.30732068,0.0,0.0,0.0,0.0,0.0,0.5420649,0.0,0.7320461,0.0,0.0,0.0,0.30732068,0.0,0.30732068,0.30732068,2.2653656,0.8916323,0.0,0.30732068,0.0,0.0,0.30732068,0.0,1.67097,0.0,0.30732068,0.0,0.0,0.0,0.0,0.0,0.0,0.0,0.0,0.0,0.30732068,0.0,2.7794793,1.4440897,0.0,1.029221,0.0,0.8916323,1.029221,0.30732068,0.30732068,0.0,0.0,0.5420649,0.5420649,1.029221,0.0,0.0,1.1501484,0.30732068,0.30732068,0.5420649,0.0,0.7320461,0.0,0.0,1.7364405,0.0,0.0,0.5420649,0.30732068,0.5420649,0.0,0.5420649,0.0,2.885332,0.0,0.8916323,0.30732068,0.0,0.0,0.7320461
0.3385653,0.7924494,0.0,0.0,0.0,0.0,0.0,0.0,0.0,0.0,0.0,0.0,0.0,0.0,0.0,0.0,0.3385653,3.209757,0.0,1.4406563,0.0,0.0,0.0,0.5910407,0.0,0.7924494,0.3385653,0.0,0.3385653,0.96001416,0.0,0.0,0.0,0.0,0.3385653,0.0,0.0,0.0,2.1105525,0.5910407,0.0,0.0,0.0,0.0,0.0,0.0,2.0078025,0.0,0.5910407,0.0,0.0,0.0,0.0,0.0,0.0,0.0,0.0,0.0,0.0,0.0,2.8633583,0.5910407,0.0,0.7924494,0.5910407,0.7924494,0.96001416,0.96001416,0.0,0.0,0.7924494,0.7924494,0.0,0.5910407,0.5910407,0.3385653,1.4406563,0.0,0.3385653,0.0,0.0,1.1034893,0.0,0.5910407,1.6152875,0.0,0.3385653,0.5910407,0.0,0.0,0.3385653,0.3385653,0.3385653,3.1249344,0.0,1.3403901,0.0,0.3385653,0.0,0.7924494
0.2567044,0.46079,0.2567044,0.0,0.46079,0.0,0.46079,0.0,0.0,0.0,0.0,0.2567044,0.0,0.0,0.0,0.0,0.46079,2.5871506,0.0,1.0137722,0.0,0.0,0.2567044,0.46079,0.0,0.0,0.0,0.0,0.2567044,0.90150785,0.46079,0.46079,0.46079,0.0,0.0,0.2567044,0.2567044,0.2567044,2.1528356,1.3677814,0.0,0.0,0.0,0.0,0.2567044,0.2567044,1.9247242,0.0,0.0,0.0,0.0,0.0,0.0,0.0,0.0,0.0,0.0,0.6302014,0.0,0.2567044,3.1074703,0.7750275,0.0,1.2903247,0.2567044,0.90150785,0.0,0.46079,0.0,0.0,0.46079,0.2567044,0.2567044,0.7750275,0.0,0.46079,0.46079,0.0,0.0,0.2567044,0.2567044,0.0,0.46079,0.0,1.6287073,0.46079,0.6302014,0.6302014,0.0,0.0,0.0,0.7750275,0.0,2.9051023,0.0,0.6302014,0.2567044,0.46079,0.2567044,1.2903247
0.0,0.0,0.0,0.0,0.0,0.0,0.0,0.0,0.0,0.0,0.0,0.0,0.0,0.0,0.0,0.0,0.0,3.0361798,0.0,1.6024349,0.0,0.0,0.0,0.0,0.0,0.0,0.0,0.0,0.0,2.1894403,0.0,0.0,0.0,0.0,0.0,0.0,0.0,0.0,1.6024349,1.6024349,0.0,0.0,0.0,0.0,0.0,0.0,0.0,0.0,0.0,0.0,0.0,0.0,0.0,0.0,0.0,0.0,0.0,0.0,0.0,0.0,2.8249693,0.0,0.0,0.0,0.0,0.0,0.0,1.6024349,0.0,0.0,1.6024349,0.0,0.0,0.0,0.0,0.0,1.6024349,0.0,0.0,0.0,1.6024349,0.0,0.0,0.0,1.6024349,0.0,0.0,0.0,0.0,0.0,0.0,0.0,0.0,2.5568645,0.0,1.6024349,0.0,0.0,0.0,0.0
0.0,0.0,0.0,0.71075046,0.0,0.0,0.0,0.0,0.0,0.0,0.0,0.0,0.0,0.71075046,0.0,0.71075046,0.71075046,2.5972095,0.0,0.0,0.0,0.0,0.71075046,0.71075046,0.0,0.0,0.71075046,0.0,1.1220151,1.9759002,0.0,0.0,0.71075046,0.0,0.0,0.0,0.0,0.0,2.3340514,0.0,0.0,0.0,0.0,0.0,0.0,0.0,1.8209285,0.71075046,0.0,0.0,0.0,0.0,0.0,0.0,0.0,0.71075046,0.0,0.0,0.0,0.0,2.8660958,0.71075046,0.0,1.6374563,0.0,0.71075046,0.0,1.4125844,0.0,0.0,0.0,0.71075046,0.0,1.1220151,0.0,0.71075046,0.71075046,0.0,0.71075046,0.0,0.71075046,0.0,1.1220151,0.0,1.9759002,0.0,0.71075046,0.0,0.0,0.71075046,0.0,1.1220151,0.0,2.740663,0.0,0.0,1.1220151,0.0,0.0,0.0
0.0,1.2771262,0.8299304,0.0,0.0,0.8299304,0.0,0.8299304,0.0,0.0,0.0,0.0,0.0,0.0,0.0,0.0,0.0,2.87982,0.0,0.0,0.0,0.0,0.8299304,0.8299304,0.0,0.0,0.0,0.0,0.0,0.8299304,0.0,0.0,0.0,0.0,0.0,0.0,0.0,0.0,1.8201262,0.8299304,0.0,0.0,0.0,0.0,0.0,0.0,1.8201262,0.0,0.0,0.0,0.0,0.0,0.0,0.0,0.0,0.0,0.0,0.0,0.0,0.8299304,2.4288013,0.0,0.0,1.2771262,0.0,0.8299304,0.0,0.0,0.8299304,0.8299304,0.0,0.0,0.0,1.2771262,0.0,0.0,0.8299304,0.8299304,0.0,0.0,0.0,0.8299304,0.8299304,0.0,1.8201262,0.0,0.0,0.0,0.0,0.0,0.0,0.8299304,0.0,2.87982,0.0,1.2771262,0.0,0.0,0.0,1.2771262
0.0,0.0,0.0,1.0218788,0.0,0.0,0.0,0.0,0.0,0.0,0.0,1.0218788,0.0,0.0,0.0,0.0,1.0218788,3.1830137,0.0,0.0,0.0,0.0,0.0,0.0,0.0,0.0,0.0,0.0,1.0218788,1.516625,1.0218788,0.0,1.0218788,0.0,0.0,0.0,0.0,0.0,1.8461262,0.0,0.0,0.0,0.0,0.0,0.0,0.0,1.516625,0.0,0.0,1.0218788,0.0,0.0,1.0218788,0.0,0.0,0.0,0.0,0.0,0.0,1.0218788,2.7230885,0.0,0.0,1.0218788,0.0,0.0,0.0,0.0,0.0,0.0,0.0,0.0,0.0,0.0,0.0,0.0,1.0218788,1.0218788,0.0,0.0,0.0,0.0,0.0,0.0,2.0935466,0.0,1.0218788,0.0,0.0,0.0,0.0,0.0,1.0218788,2.833548,0.0,1.516625,0.0,1.516625,0.0,0.0
0.0,0.0,0.0,0.7807055,0.7807055,0.0,0.0,0.0,0.0,0.0,0.0,0.0,0.0,0.0,0.0,0.0,0.0,3.3396509,0.0,1.2137321,0.7807055,0.0,0.0,0.0,0.0,0.0,0.7807055,0.0,1.5149152,1.7460728,0.0,0.0,1.2137321,0.0,0.7807055,0.0,0.0,0.0,2.091626,0.7807055,0.0,0.0,0.7807055,0.0,0.0,0.0,1.2137321,0.0,0.0,0.0,0.0,0.0,0.0,0.0,0.7807055,0.0,0.0,0.0,0.0,0.0,2.865747,0.7807055,0.0,0.0,0.0,0.7807055,0.0,0.0,0.0,0.0,0.7807055,1.2137321,0.0,1.2137321,0.0,0.0,0.0,0.7807055,0.0,0.7807055,0.0,0.0,0.0,0.0,1.5149152,0.0,0.0,0.7807055,0.0,0.0,0.7807055,0.7807055,0.0,3.156031,0.7807055,0.7807055,1.2137321,0.0,0.7807055,0.7807055
0.0,1.751793,0.0,0.95100516,0.0,0.0,0.0,0.0,0.0,0.0,0.0,0.0,0.0,0.95100516,0.0,0.0,0.0,2.998714,0.0,1.751793,0.0,0.0,0.0,0.0,0.0,0.0,0.0,0.0,0.0,1.995141,1.4295022,0.0,0.95100516,0.0,0.0,0.0,0.0,0.0,1.751793,1.4295022,0.0,0.0,0.0,0.0,0.95100516,0.0,2.4947062,0.0,0.0,0.0,0.0,0.0,0.0,0.0,0.0,0.0,0.0,0.0,0.0,0.0,2.9162242,0.0,0.0,0.0,0.0,0.95100516,0.0,0.0,0.0,0.0,0.0,0.0,0.95100516,0.95100516,0.0,1.4295022,0.0,1.751793,0.0,0.95100516,0.0,1.4295022,0.0,0.0,1.4295022,0.95100516,0.0,0.0,0.0,0.0,0.0,0.0,0.0,3.1457176,0.0,2.4947062,1.4295022,0.95100516,0.0,0.0
0.0,0.0,0.0,0.0,0.0,0.0,0.9057714,0.0,0.0,0.0,0.0,0.0,0.0,0.0,0.0,0.0,0.9057714,2.6577778,0.0,0.9057714,0.0,0.0,0.0,0.0,0.0,0.0,0.0,0.0,0.0,1.3731278,0.9057714,0.0,0.9057714,0.0,0.0,0.0,0.0,0.0,2.7561033,0.9057714,0.0,0.0,0.9057714,0.0,0.0,0.0,0.9057714,0.0,0.0,0.0,0.0,0.0,0.0,0.0,0.0,0.0,0.0,0.0,0.9057714,0.0,2.426295,0.9057714,0.0,0.0,0.0,0.0,0.9057714,0.0,0.0,0.0,0.9057714,0.0,0.0,0.0,0.0,0.0,0.0,0.9057714,0.0,0.0,0.0,0.0,0.0,0.0,1.6903758,0.0,0.0,1.6903758,0.9057714,0.0,0.9057714,0.0,0.0,3.003696,0.0,0.0,1.3731278,0.0,0.0,0.9057714
0.0,0.0,0.0,0.0,0.844035,0.844035,0.844035,0.0,0.0,0.0,0.0,0.0,0.0,0.0,0.0,0.844035,0.0,3.2653363,0.0,1.2951285,0.0,0.0,0.844035,0.0,0.0,0.0,0.0,0.0,0.0,1.604867,0.0,0.0,0.0,0.0,0.0,0.0,0.844035,0.0,2.4515102,0.0,0.0,0.0,0.0,0.0,0.0,0.0,2.1921444,0.0,0.844035,0.0,0.0,0.0,0.0,0.844035,0.0,0.844035,0.844035,0.0,0.0,0.844035,3.0390785,0.844035,0.0,1.604867,0.0,0.0,0.844035,0.0,0.0,0.844035,0.0,0.0,0.844035,0.844035,0.0,0.0,0.0,0.0,0.0,0.0,0.0,1.2951285,0.0,0.0,2.1921444,0.0,0.0,0.844035,0.844035,0.0,0.0,1.2951285,0.844035,3.605356,0.0,2.6572707,2.1921444,0.0,0.0,0.0
0.0,0.0,0.0,0.0,0.0,0.0,0.0,0.0,0.0,0.0,0.0,0.0,0.0,0.0,0.0,0.0,1.5084871,3.4313722,0.0,0.0,0.0,0.0,0.0,1.0152103,0.0,1.0152103,0.0,0.0,0.0,1.0152103,0.0,0.0,0.0,0.0,0.0,0.0,0.0,0.0,0.0,0.0,0.0,0.0,0.0,0.0,1.0152103,0.0,0.0,0.0,1.0152103,0.0,1.0152103,0.0,0.0,0.0,0.0,0.0,0.0,0.0,0.0,1.0152103,2.7133396,0.0,0.0,1.0152103,0.0,0.0,0.0,1.0152103,0.0,0.0,0.0,1.0152103,0.0,0.0,0.0,1.0152103,1.0152103,0.0,0.0,0.0,0.0,1.0152103,0.0,0.0,1.5084871,0.0,0.0,0.0,0.0,0.0,0.0,0.0,0.0,3.0964515,0.0,1.8373431,0.0,1.0152103,0.0,1.0152103
0.0,0.0,0.0,0.0,0.0,0.0,0.0,0.59010714,0.0,0.0,0.0,0.0,0.0,0.958723,0.0,0.0,0.59010714,3.086885,0.0,1.4390593,0.0,0.0,0.59010714,0.59010714,0.0,0.0,0.0,0.0,0.59010714,1.2274584,1.2274584,0.59010714,0.958723,0.0,0.0,0.0,0.0,0.0,1.891495,0.59010714,0.0,0.59010714,0.0,0.0,0.0,0.0,1.7621745,0.0,0.59010714,0.0,0.0,0.59010714,0.0,0.0,0.0,0.59010714,0.0,0.0,0.0,0.0,2.838121,0.59010714,0.0,1.2274584,0.0,0.958723,0.0,0.59010714,0.0,0.0,0.0,0.59010714,0.0,0.958723,0.0,1.2274584,1.2274584,0.59010714,0.0,0.0,0.0,0.958723,1.2274584,0.0,1.4390593,0.0,0.0,1.2274584,0.59010714,0.59010714,0.0,1.2274584,0.0,3.451856,0.0,1.2274584,0.59010714,0.0,0.59010714,0.0
0.0,0.0,1.091398,0.0,0.0,0.0,0.0,0.0,0.0,0.0,0.0,0.0,0.0,0.0,0.0,0.0,0.68774134,3.5729806,0.0,0.68774134,0.0,0.0,0.68774134,0.68774134,0.0,0.0,0.0,0.0,0.68774134,1.6007745,1.3781747,0.0,1.091398,0.0,0.68774134,0.0,0.0,0.68774134,1.7827334,0.0,0.0,0.0,0.0,0.0,0.0,0.0,1.6007745,0.0,0.0,0.68774134,1.091398,0.0,0.0,0.0,0.68774134,0.0,0.0,0.0,0.0,0.0,2.6979356,0.68774134,0.0,0.0,0.0,0.0,0.68774134,0.0,0.0,0.68774134,0.0,0.0,0.68774134,1.091398,0.68774134,0.0,0.0,0.0,0.0,0.0,0.0,0.68774134,0.0,0.0,2.2928336,0.0,0.0,1.091398,0.0,0.68774134,0.0,1.3781747,0.0,3.4234977,0.0,1.3781747,2.187594,1.3781747,0.68774134,0.68774134
0.0,1.1067445,0.0,0.0,0.0,0.0,0.6992526,0.0,0.0,0.0,0.0,0.6992526,0.0,0.0,0.0,0.0,1.1067445,3.4775314,0.0,1.1067445,0.0,0.0,0.0,0.0,0.0,0.0,0.0,0.0,1.1067445,0.6992526,1.3954386,0.0,1.3954386,0.0,0.0,0.0,0.0,0.0,1.8019146,0.6992526,0.0,0.0,0.0,0.0,0.0,0.0,0.0,0.0,0.0,0.0,0.0,0.0,0.0,0.0,0.0,0.0,0.6992526,0.0,0.0,1.1067445,3.1897233,0.6992526,0.0,0.6992526,0.0,0.6992526,0.0,0.6992526,0.0,0.0,0.0,1.1067445,0.0,1.1067445,0.0,0.6992526,1.8019146,0.0,0.0,0.6992526,0.0,0.6992526,0.0,0.0,1.6191888,0.0,0.0,0.6992526,0.6992526,0.0,0.0,0.0,0.0,3.269805,0.0,0.0,0.6992526,0.6992526,0.0,0.0
0.0,0.0,0.0,0.0,0.0,0.0,0.0,0.0,0.0,0.0,0.0,0.0,0.0,0.0,0.0,0.0,0.0,2.992534,0.0,0.0,0.0,0.0,1.0011709,1.4913148,0.0,0.0,0.0,0.0,1.0011709,0.0,1.4913148,1.0011709,0.0,0.0,0.0,1.0011709,0.0,0.0,1.0011709,0.0,0.0,0.0,0.0,0.0,0.0,0.0,1.8187908,1.0011709,0.0,0.0,0.0,0.0,0.0,0.0,0.0,0.0,0.0,0.0,0.0,1.0011709,2.9022272,0.0,0.0,1.0011709,0.0,0.0,0.0,0.0,0.0,0.0,1.0011709,1.4913148,0.0,0.0,0.0,0.0,1.0011709,1.0011709,0.0,0.0,0.0,0.0,1.0011709,0.0,1.4913148,0.0,0.0,0.0,0.0,0.0,0.0,1.0011709,1.0011709,2.992534,1.0011709,1.4913148,0.0,0.0,0.0,1.4913148
0.0,0.0,0.0,0.0,0.0,0.0,0.0,0.0,0.0,0.0,0.0,0.0,0.0,0.0,0.0,0.0,0.0,3.6142318,0.0,1.2261808,0.0,0.0,0.0,0.0,0.0,0.0,0.0,0.0,0.7903165,1.9488301,0.7903165,0.0,0.7903165,0.0,0.0,0.0,0.0,0.0,1.9488301,0.0,0.0,0.0,0.0,0.0,0.0,0.7903165,2.1071253,0.0,0.0,0.0,0.0,0.0,0.0,0.0,0.0,0.7903165,0.0,0.0,0.0,0.7903165,2.6564083,0.7903165,0.0,1.2261808,0.0,1.2261808,0.7903165,0.7903165,0.0,0.0,0.7903165,0.0,0.0,1.2261808,0.7903165,0.0,1.2261808,1.5287228,0.0,0.0,0.7903165,1.2261808,0.0,0.0,2.2437537,1.2261808,0.0,0.0,0.0,1.2261808,0.0,0.7903165,0.0,3.2690353,0.0,1.2261808,0.0,0.0,0.0,1.2261808
0.0,0.0,0.0,0.0,0.0,0.0,0.0,0.0,0.0,0.0,0.0,0.0,0.0,0.0,0.0,0.6677052,0.6677052,3.756289,0.0,0.6677052,0.0,0.0,0.0,0.6677052,0.0,0.0,0.6677052,0.0,0.0,1.7489892,0.0,0.0,0.0,0.0,0.0,0.0,0.0,0.0,1.3478844,0.6677052,0.0,0.0,0.0,0.0,0.0,0.6677052,1.7489892,0.0,0.0,0.0,0.0,0.0,1.0645437,0.0,0.0,0.6677052,0.6677052,0.0,0.0,0.6677052,3.0862434,0.0,0.0,1.3478844,0.0,0.0,0.0,0.0,0.0,0.6677052,0.0,0.0,0.0,0.0,0.0,0.0,0.6677052,0.0,0.0,0.0,0.0,0.0,0.0,0.0,2.034484,0.0,0.0,0.0,0.0,0.6677052,0.6677052,0.6677052,0.0,3.0418959,0.0,1.3478844,0.6677052,0.0,0.0,0.0
0.0,0.0,0.0,0.0,0.0,0.6958078,0.0,0.0,0.0,0.0,0.0,0.0,0.0,0.0,0.0,0.0,0.6958078,3.3373294,0.0,1.3902826,0.0,0.0,0.6958078,0.0,0.0,0.0,0.0,0.0,0.0,0.6958078,0.6958078,0.0,0.0,0.0,0.0,0.6958078,0.0,0.0,2.2019496,0.0,0.0,0.0,0.0,0.0,0.0,0.0,1.6136914,0.0,0.0,0.0,0.0,0.0,0.0,0.0,0.0,0.6958078,0.0,0.0,0.0,0.0,3.3009546,0.0,0.0,0.6958078,0.0,1.6136914,0.0,0.0,0.0,0.0,0.0,0.0,1.3902826,0.0,0.0,0.0,1.6136914,0.0,0.0,0.0,0.6958078,0.0,0.0,0.0,1.6136914,0.0,0.0,0.0,0.0,0.0,0.0,1.1021582,0.6958078,3.501661,0.0,0.6958078,0.0,0.6958078,0.0,0.0
0.0,0.0,0.0,0.0,0.0,0.0,0.0,0.0,0.0,0.0,0.982499,0.0,0.0,0.982499,0.0,0.0,0.982499,3.794347,0.0,0.982499,0.0,0.0,0.982499,0.0,0.0,0.0,0.0,0.0,0.0,0.982499,1.4683918,0.0,0.982499,0.0,0.0,0.0,0.0,0.0,2.0392044,0.982499,0.0,0.0,0.0,0.0,0.0,1.4683918,0.982499,0.0,0.0,0.0,0.0,0.0,0.0,0.0,0.0,0.0,0.0,0.0,0.0,0.982499,3.2606642,0.982499,0.0,0.0,0.0,0.982499,0.982499,0.0,0.0,0.0,0.982499,0.0,0.0,0.0,0.0,0.0,0.982499,0.0,0.982499,0.0,0.0,0.982499,0.0,0.0,2.4003232,0.0,0.0,0.0,0.0,0.0,0.0,0.0,0.0,2.7750924,0.0,0.982499,1.7939851,0.0,0.0,0.0
0.67231816,0.67231816,0.0,0.0,0.0,0.0,1.0707427,0.0,0.0,0.0,0.0,0.0,0.0,0.0,0.0,0.0,0.0,5.6618247,0.0,1.3548858,0.0,0.0,1.0707427,0.0,1.0707427,0.0,0.0,0.0,0.0,1.7567995,0.67231816,0.67231816,0.67231816,0.67231816,1.0707427,0.0,1.0707427,0.0,2.1598897,0.0,0.0,0.0,0.0,0.67231816,0.0,0.67231816,2.042701,0.0,0.0,0.0,0.0,0.0,0.0,0.0,0.67231816,0.0,0.0,0.0,0.0,0.0,2.7331715,0.0,0.0,1.7567995,0.0,0.0,1.0707427,0.0,0.0,0.0,0.67231816,0.0,0.0,1.0707427,0.0,0.0,1.0707427,0.67231816,0.0,0.0,0.0,0.0,0.0,0.0,1.0707427,0.0,0.67231816,0.67231816,0.67231816,0.0,0.67231816,0.67231816,0.67231816,3.7874746,0.0,5.3652635,2.042701,0.0,0.0,0.0
0.0,0.0,0.0,0.7569356,0.7569356,0.0,1.4805133,0.0,0.0,0.0,0.0,0.7569356,0.0,0.0,0.0,0.7569356,0.0,3.2094884,0.0,0.0,0.0,0.0,0.0,0.0,0.0,0.0,0.0,0.0,0.0,0.0,0.7569356,0.0,0.7569356,0.0,0.7569356,0.0,0.0,0.0,1.1827903,1.1827903,0.0,0.0,0.0,0.7569356,0.0,0.0,2.0528927,0.0,0.0,0.0,0.0,0.0,0.0,0.0,0.0,0.0,0.0,1.1827903,0.0,0.0,3.5858426,0.0,0.0,1.7096335,0.0,1.4805133,0.0,0.0,0.0,0.0,0.0,0.0,0.0,0.7569356,0.0,0.0,0.0,0.0,0.7569356,0.0,0.0,0.0,1.1827903,0.0,2.4146276,0.7569356,0.0,0.0,0.0,0.7569356,0.0,0.0,0.0,3.113646,0.0,2.3079576,0.0,0.0,0.0,0.0
0.0,0.9865596,0.0,0.0,0.0,0.0,0.44511127,0.0,0.0,0.0,0.44511127,0.7520421,0.0,0.0,0.44511127,0.0,0.44511127,5.007804,0.0,0.0,0.0,0.0,0.0,0.44511127,0.0,0.0,0.44511127,0.7520421,0.0,1.888075,0.44511127,0.44511127,0.0,0.0,0.0,0.0,0.0,0.0,1.5942526,0.44511127,0.44511127,0.0,0.44511127,0.0,0.0,0.7520421,1.4733851,0.0,0.0,0.0,0.44511127,0.0,0.0,0.44511127,0.44511127,0.0,0.44511127,0.0,0.7520421,0.9865596,3.104821,0.44511127,0.0,1.7993927,0.0,1.3358742,0.44511127,0.44511127,0.0,0.0,0.44511127,0.0,0.0,0.44511127,0.0,0.7520421,0.9865596,0.0,0.0,0.0,0.0,0.0,0.7520421,0.0,1.9695293,0.0,0.44511127,0.9865596,0.0,0.7520421,0.44511127,1.888075,0.7520421,3.7623572,0.0,3.8131402,1.7993927,0.44511127,1.1763926,0.0
0.0,0.0,0.4688291,0.0,0.4688291,0.0,0.4688291,0.4688291,0.4688291,0.0,0.0,0.0,0.0,0.4688291,0.0,0.4688291,0.0,3.7298365,0.0,1.2215635,0.0,0.0,1.027605,0.4688291,0.0,0.0,0.4688291,0.0,0.7867485,1.3839439,0.7867485,0.4688291,0.0,0.0,0.0,0.0,0.4688291,0.7867485,1.9432235,0.7867485,0.0,0.0,0.7867485,0.4688291,0.4688291,0.0,1.5236036,0.0,0.4688291,0.0,0.0,0.0,0.0,0.4688291,0.0,0.0,0.0,0.0,0.4688291,0.4688291,2.5620558,0.7867485,0.0,0.4688291,0.0,0.7867485,1.027605,0.4688291,0.0,0.0,0.0,0.4688291,0.0,0.4688291,0.0,0.0,0.4688291,1.2215635,0.0,0.7867485,0.0,0.7867485,0.4688291,0.4688291,2.2379086,0.7867485,0.4688291,0.4688291,0.4688291,0.7867485,0.7867485,0.0,0.0,3.2158663,0.4688291,0.7867485,0.7867485,0.4688291,0.0,0.4688291
0.6508986,1.3222327,0.0,0.0,0.0,0.0,0.6508986,1.0418746,0.0,0.0,0.0,0.0,0.0,0.6508986,0.0,0.0,1.3222327,4.042227,0.0,0.0,0.0,0.0,0.6508986,0.0,0.0,0.0,0.0,0.0,0.0,1.7203197,1.0418746,0.0,0.0,0.0,0.0,0.0,0.0,0.6508986,2.0042922,0.0,0.0,0.0,0.0,0.0,0.0,0.0,2.1208358,0.0,1.0418746,0.6508986,0.0,0.0,0.0,0.6508986,0.0,1.0418746,0.0,0.0,0.0,0.0,2.809009,0.6508986,0.0,2.0042922,0.0,1.0418746,0.6508986,0.0,0.0,0.0,0.0,0.0,0.0,0.6508986,0.0,1.0418746,0.0,0.6508986,0.0,0.0,0.0,0.0,0.6508986,0.6508986,1.540956,0.0,0.6508986,0.6508986,0.0,0.0,1.0418746,1.8723524,0.0,3.885631,0.0,1.8723524,3.6294084,0.0,0.0,1.0418746
0.0,0.58086705,0.0,0.58086705,0.0,0.0,0.0,0.0,0.0,0.0,0.0,0.0,0.58086705,0.58086705,0.58086705,0.0,0.58086705,4.12138,0.0,0.0,0.0,0.0,1.212763,0.58086705,0.0,0.58086705,0.0,0.0,0.0,0.58086705,1.212763,0.0,0.0,0.0,0.0,0.0,0.0,0.9459176,1.9879704,0.9459176,0.0,0.58086705,0.58086705,0.0,0.0,0.58086705,2.268352,0.0,0.0,0.58086705,0.0,0.0,0.0,0.0,0.0,0.0,0.0,0.0,0.0,0.58086705,2.7197533,0.0,0.0,1.212763,0.0,0.0,0.58086705,0.0,0.0,0.0,0.9459176,0.0,0.0,0.0,0.58086705,0.0,1.212763,0.0,0.0,0.58086705,0.0,0.0,0.58086705,0.0,1.7449344,0.0,0.58086705,1.4231929,0.58086705,0.0,0.0,0.0,0.0,3.352202,0.58086705,1.5969479,0.0,0.58086705,0.0,0.0
0.0,0.831099,0.0,0.0,0.49951398,0.0,0.49951398,0.0,0.0,0.0,0.0,0.0,0.0,0.49951398,0.0,0.49951398,0.49951398,3.4484704,0.0,0.0,0.0,0.0,0.49951398,0.0,0.0,0.0,0.0,0.0,0.49951398,1.0796878,1.0796878,0.0,0.49951398,0.0,0.0,0.0,0.49951398,0.0,2.0952067,0.831099,0.0,0.0,0.49951398,0.0,0.0,0.0,2.0952067,0.0,0.0,0.49951398,0.49951398,0.0,0.0,0.0,0.0,0.0,0.831099,0.0,0.0,0.49951398,2.9851608,0.49951398,0.0,0.0,0.0,1.0796878,0.49951398,1.2786202,0.0,0.0,0.0,0.0,0.0,0.831099,0.0,0.49951398,1.2786202,0.0,0.0,0.0,0.0,0.0,0.0,0.0,2.3096483,0.0,0.0,0.831099,0.49951398,0.0,0.49951398,0.49951398,0.49951398,3.217797,0.0,1.2786202,1.0796878,0.831099,0.0,1.0796878
0.0,0.5898564,0.0,0.0,0.0,0.0,0.0,0.0,0.0,0.0,0.0,0.0,0.0,0.0,0.0,0.0,0.5898564,3.0863478,0.0,0.95837605,0.0,0.0,0.5898564,0.0,0.0,0.0,0.0,0.0,0.0,1.2270606,0.0,0.0,0.0,0.0,0.5898564,0.0,0.0,0.5898564,2.365067,0.95837605,0.0,0.95837605,0.0,0.0,0.0,0.0,1.7617084,0.0,0.0,0.0,0.0,0.0,0.0,0.0,0.0,0.0,0.0,0.5898564,0.0,0.0,3.3150244,0.0,0.0,0.0,0.0,0.5898564,0.0,0.0,0.0,0.0,0.5898564,0.0,0.5898564,0.5898564,0.0,0.0,1.2270606,1.2270606,0.0,0.0,0.0,0.5898564,0.0,0.5898564,1.43863,0.0,0.5898564,0.95837605,0.0,0.0,0.0,0.5898564,0.0,2.738717,0.0,1.6131604,0.95837605,0.5898564,0.0,0.0
0.0,0.0,0.0,0.0,0.73638684,0.0,0.43449825,0.43449825,0.0,0.0,0.0,0.0,0.0,0.0,0.0,0.0,0.43449825,3.1720316,0.0,0.73638684,0.0,0.0,0.73638684,0.0,0.0,0.43449825,0.0,0.0,0.43449825,1.3139764,0.43449825,0.0,0.0,0.0,0.0,0.0,0.0,0.0,2.1539264,0.43449825,0.43449825,0.0,0.0,0.0,0.0,0.43449825,2.088704,0.0,0.43449825,0.0,0.0,0.0,0.0,0.0,0.0,0.0,0.0,0.0,0.0,0.0,2.9705372,0.43449825,0.0,0.43449825,0.0,0.73638684,1.1558594,0.73638684,0.0,0.0,0.0,0.73638684,0.0,0.0,0.0,0.43449825,0.96795833,0.73638684,0.43449825,0.0,0.0,0.73638684,0.43449825,0.0,1.4504722,0.43449825,0.0,0.0,0.0,0.0,0.0,0.43449825,0.0,2.8521876,0.43449825,1.3139764,1.1558594,0.73638684,0.0,0.96795833
0.0,0.8206701,0.0,1.0674769,0.8206701,0.0,0.0,0.0,0.0,0.0,0.0,0.0,0.49226093,0.8206701,0.0,0.0,1.4303243,3.0611618,0.0,0.8206701,0.0,0.0,0.0,0.49226093,0.49226093,0.0,0.0,0.0,0.0,1.5719573,0.0,0.49226093,0.0,0.0,0.0,0.0,0.8206701,0.49226093,1.6959965,0.49226093,0.0,0.0,0.8206701,0.0,0.0,0.49226093,2.226583,0.0,0.0,0.0,0.0,0.0,0.0,0.0,0.0,0.0,0.0,0.0,0.0,0.8206701,2.571406,1.806334,0.49226093,1.0674769,0.49226093,0.49226093,0.49226093,0.49226093,0.0,0.0,0.0,0.49226093,0.0,0.49226093,0.0,0.0,1.0674769,0.8206701,0.49226093,0.49226093,0.0,1.2652683,0.0,0.49226093,1.0674769,0.0,0.0,1.4303243,0.49226093,0.0,0.0,0.0,0.49226093,3.0905132,0.0,1.0674769,0.8206701,0.0,0.0,1.0674769
0.0,0.423402,0.0,0.0,0.0,0.0,0.423402,0.423402,0.0,0.0,0.0,0.423402,0.0,0.0,0.71993333,0.0,0.423402,3.0707831,0.0,0.71993333,0.0,0.0,0.423402,0.423402,0.0,0.423402,0.0,0.0,0.9483491,1.4262092,0.71993333,0.0,0.0,0.0,0.0,0.0,0.71993333,0.71993333,1.7482139,0.9483491,0.0,0.0,0.423402,0.0,0.0,0.0,1.651958,0.423402,0.0,0.423402,0.0,0.423402,0.0,0.0,0.0,0.0,0.0,0.0,0.423402,0.0,2.8830528,0.0,0.0,0.9483491,0.0,0.71993333,0.0,0.423402,0.0,0.0,0.0,0.71993333,0.0,0.0,0.423402,0.0,1.13417,0.71993333,0.0,0.71993333,0.0,0.0,0.0,0.0,1.651958,0.0,0.0,1.2908128,0.423402,0.0,0.71993333,0.0,0.0,2.446076,0.0,0.71993333,0.9483491,0.423402,0.423402,0.9483491
0.0,0.6088758,0.0,0.6088758,0.0,0.0,0.0,0.0,0.0,0.6088758,0.0,0.0,0.0,0.0,0.0,0.0,0.6088758,3.1976185,0.0,1.6470839,0.0,0.0,0.6088758,0.6088758,0.0,0.0,0.6088758,0.0,0.0,1.2570653,0.6088758,0.0,0.0,0.0,0.0,0.0,0.0,0.9845948,0.9845948,0.0,0.0,0.6088758,0.0,0.0,0.0,0.0,1.796777,0.0,0.6088758,0.0,0.0,0.0,0.0,0.0,0.0,0.0,0.0,0.0,0.0,0.6088758,2.9234645,0.0,0.0,0.6088758,0.0,0.0,0.6088758,0.9845948,0.6088758,0.0,0.0,0.0,0.9845948,0.0,0.0,0.0,0.6088758,0.9845948,0.0,0.6088758,0.0,1.6470839,0.0,0.0,1.796777,0.6088758,0.6088758,0.6088758,0.6088758,0.0,0.0,0.0,0.6088758,3.0502548,0.0,1.2570653,0.0,0.0,0.0,0.6088758
0.0,0.7521607,0.0,0.0,1.1765476,0.0,0.0,0.0,0.0,0.0,0.0,0.0,0.7521607,0.44519183,0.0,0.44519183,0.44519183,2.8485596,0.0,1.1765476,0.0,0.0,1.3360394,0.44519183,0.0,0.0,0.0,0.0,0.7521607,0.9867003,0.7521607,0.0,0.44519183,0.0,0.0,0.0,0.0,0.0,1.7022572,0.44519183,0.44519183,0.0,0.0,0.0,0.0,0.44519183,1.7995799,0.0,0.0,0.0,0.0,0.0,0.0,0.0,0.0,0.44519183,0.0,0.0,0.44519183,0.0,2.59057,0.9867003,0.0,1.4735581,0.0,0.7521607,0.9867003,1.1765476,0.0,0.0,0.44519183,0.7521607,0.7521607,0.0,0.44519183,0.0,0.7521607,0.44519183,0.0,0.0,0.0,0.0,0.0,0.0,0.9867003,0.0,0.44519183,0.44519183,0.44519183,0.44519183,0.44519183,0.0,0.0,2.970725,0.44519183,1.3360394,0.0,0.0,0.0,0.44519183
0.0,0.0,0.0,0.0,0.0,0.0,0.0,0.0,0.0,0.0,0.0,0.0,0.6009546,0.0,0.0,0.0,0.6009546,3.367682,0.0,0.6009546,0.0,0.0,0.0,0.0,0.0,0.6009546,0.6009546,0.6009546,0.6009546,0.0,0.0,0.0,0.0,0.0,0.6009546,0.0,0.0,0.0,1.457553,0.6009546,0.0,0.0,0.97369814,0.0,0.0,0.6009546,1.7822399,0.0,0.0,0.6009546,0.0,0.0,0.0,0.0,0.0,0.0,0.6009546,0.6009546,0.0,0.0,3.07253,0.6009546,0.0,1.457553,0.6009546,0.0,1.2446089,0.6009546,0.0,0.0,0.0,0.0,0.0,0.6009546,0.6009546,0.0,0.6009546,0.0,0.0,0.97369814,0.0,0.6009546,0.0,0.0,1.2446089,0.0,0.0,0.6009546,0.0,0.6009546,0.0,0.6009546,0.0,3.1099682,0.0,0.97369814,0.0,0.0,0.0,1.457553
0.0,0.0,0.0,0.610409,0.9867003,0.0,0.610409,0.0,0.0,0.0,0.0,0.0,0.610409,0.0,0.0,0.0,0.0,3.0923874,0.0,0.9867003,0.0,0.0,0.0,0.0,0.0,0.610409,0.0,0.610409,0.610409,1.7995799,0.610409,0.0,0.0,0.0,0.610409,0.0,0.0,0.0,1.7995799,0.9867003,0.0,0.0,0.0,0.0,0.610409,0.610409,1.6497968,0.0,0.0,0.0,0.0,0.0,0.0,0.0,0.0,0.0,0.0,0.0,0.0,0.0,3.298674,0.0,0.610409,1.2594699,0.0,0.9867003,0.610409,0.610409,0.0,0.0,0.0,0.610409,0.0,0.0,0.0,0.0,0.0,0.0,0.0,0.0,0.0,0.0,0.0,0.610409,1.2594699,0.610409,0.0,1.2594699,0.610409,0.0,0.0,0.9867003,0.0,2.9266431,0.0,0.9867003,0.9867003,0.0,0.0,0.0
0.0,0.0,0.0,1.2738715,1.4394397,0.0,0.0,0.0,0.0,0.0,0.0,0.0,0.0,0.0,0.0,0.49692932,0.49692932,3.4420936,0.0,1.5814494,0.0,0.0,0.0,0.49692932,0.0,0.0,0.49692932,0.49692932,0.8273864,0.8273864,0.49692932,0.0,0.0,0.0,0.8273864,0.0,0.0,0.0,1.8163433,1.2738715,0.0,0.0,0.0,0.0,0.0,0.8273864,2.1660774,0.0,0.0,0.0,0.0,0.0,0.0,0.0,0.0,0.49692932,0.0,0.49692932,0.49692932,0.0,3.1304667,2.1660774,0.0,0.0,0.0,0.49692932,0.0,0.8273864,0.0,0.0,0.49692932,0.49692932,0.49692932,1.5814494,0.0,0.0,0.8273864,0.49692932,0.0,0.0,0.0,0.49692932,0.49692932,0.0,1.7057774,0.8273864,0.0,1.5814494,0.0,0.0,0.0,0.49692932,0.0,3.0725694,0.0,1.2738715,0.0,0.0,0.0,0.49692932
0.0,0.3633073,0.0,0.0,0.0,0.0,0.0,0.3633073,0.0,0.0,0.0,0.0,0.0,0.3633073,0.0,0.3633073,0.0,3.2399464,0.3633073,0.8390784,0.0,0.0,1.1601428,0.3633073,0.0,0.0,0.0,0.0,0.3633073,0.8390784,0.0,0.0,0.0,0.0,0.3633073,0.0,0.0,0.0,2.2784517,1.0124409,0.0,0.0,0.3633073,0.0,0.3633073,0.0,1.9013625,0.0,0.0,0.0,0.0,0.0,0.3633073,0.0,0.0,0.3633073,0.3633073,0.0,0.0,0.0,3.0094092,0.6292247,0.0,0.6292247,0.3633073,0.8390784,0.0,1.0124409,0.0,0.0,0.0,0.0,0.0,0.0,0.0,0.3633073,0.3633073,0.3633073,0.0,0.0,0.0,0.0,0.0,0.3633073,1.83369,0.6292247,0.0,0.8390784,0.8390784,0.3633073,0.3633073,0.6292247,0.6292247,2.942394,0.6292247,1.0124409,0.0,0.8390784,0.0,0.0
0.0,0.38128603,0.0,0.0,0.38128603,0.0,0.0,0.0,0.0,0.0,0.0,0.0,0.0,0.0,0.0,0.0,0.0,2.997272,0.0,1.4467224,0.0,0.0,0.0,0.0,0.0,0.0,0.38128603,0.0,0.38128603,0.0,1.049655,0.38128603,0.0,0.6566557,0.0,0.0,0.38128603,0.0,2.1314006,0.0,0.0,0.0,0.38128603,0.0,0.0,0.0,1.809244,0.0,0.0,0.0,0.0,0.0,0.38128603,0.0,0.0,0.0,0.0,0.38128603,0.0,0.0,2.8202865,0.38128603,0.0,0.38128603,0.38128603,0.38128603,0.38128603,0.6566557,0.0,0.0,0.38128603,0.0,0.0,0.0,0.38128603,0.0,1.049655,0.6566557,0.0,0.0,0.0,1.049655,0.0,0.0,1.730179,0.38128603,0.8723385,0.8723385,0.0,0.0,0.0,0.38128603,0.0,3.147594,0.0,1.049655,0.38128603,0.0,0.0,0.38128603
0.42716593,0.42716593,0.9550194,0.0,0.0,0.0,0.42716593,0.0,0.0,0.0,0.0,0.0,0.0,0.72552437,0.0,0.0,0.0,3.428903,0.0,0.0,0.0,0.0,0.9550194,0.42716593,0.42716593,0.0,0.72552437,0.42716593,0.72552437,1.2987015,0.0,0.0,0.72552437,0.0,0.42716593,0.0,0.0,0.0,1.8451533,0.42716593,0.0,0.42716593,0.42716593,0.0,0.0,0.42716593,2.0703745,0.42716593,0.42716593,0.0,0.0,0.0,0.0,0.0,0.42716593,0.0,0.42716593,0.42716593,0.0,0.0,2.950674,0.0,0.0,0.9550194,0.0,0.0,0.0,1.141553,0.0,0.0,0.42716593,0.0,0.0,0.42716593,0.42716593,0.0,0.9550194,0.9550194,0.0,0.42716593,0.0,0.0,0.0,0.42716593,1.2987015,0.0,0.42716593,0.9550194,0.9550194,0.0,0.0,0.42716593,0.0,3.0563788,0.0,1.2987015,0.9550194,0.72552437,0.0,1.553999
0.0,0.0,0.0,0.0,0.0,0.0,0.42926988,0.0,0.0,0.0,0.0,0.0,0.0,0.0,0.0,0.0,0.2374943,3.0495138,0.2374943,1.2274773,0.0,0.0,0.72864515,0.2374943,0.0,0.0,0.0,0.0,0.42926988,0.8502957,0.0,0.2374943,0.2374943,0.0,0.0,0.0,0.2374943,0.42926988,1.8915178,1.3030969,0.0,0.0,0.2374943,0.0,0.0,0.0,1.6656451,0.0,0.0,0.0,0.0,0.0,0.0,0.0,0.0,0.0,0.0,0.0,0.0,0.2374943,3.3252797,0.0,0.0,0.8502957,0.0,0.42926988,0.0,0.72864515,0.0,0.0,0.0,0.8502957,0.0,0.42926988,0.0,0.0,0.72864515,0.0,0.2374943,0.2374943,0.2374943,0.0,0.0,0.0,1.7621968,0.0,0.42926988,0.5901191,0.0,0.42926988,0.2374943,0.5901191,0.2374943,3.0237825,0.2374943,1.3030969,0.42926988,0.42926988,0.0,0.9587395
0.0,0.0,0.0,0.0,0.4861939,0.0,0.27235848,0.27235848,0.0,0.0,0.27235848,0.0,0.0,0.27235848,0.27235848,0.0,0.66226155,3.3839917,0.0,1.418417,0.0,0.0,0.0,0.0,0.0,0.0,0.27235848,0.0,0.27235848,1.3396007,0.27235848,0.4861939,0.4861939,0.0,0.0,0.0,0.0,0.0,2.104174,0.94207084,0.0,0.0,0.0,0.0,0.0,0.27235848,2.2126055,0.0,0.27235848,0.0,0.0,0.27235848,0.0,0.0,0.0,0.0,0.0,0.0,0.27235848,0.4861939,3.1719186,0.0,0.0,0.27235848,0.27235848,0.66226155,0.4861939,0.4861939,0.0,0.0,0.66226155,0.27235848,0.27235848,0.27235848,0.0,0.27235848,0.81192106,0.0,0.0,0.4861939,0.0,0.4861939,0.27235848,0.27235848,1.6232914,0.0,0.27235848,0.81192106,0.4861939,0.0,0.4861939,0.27235848,0.0,3.0005465,0.0,1.5595524,0.27235848,0.0,0.0,1.1604607
0.0,0.8878918,0.0,0.8878918,0.8878918,0.0,0.0,0.0,0.0,0.0,0.0,0.8878918,0.0,0.0,0.0,0.0,0.0,2.9750202,0.0,0.0,0.0,0.0,0.0,0.0,0.0,0.0,0.8878918,0.0,0.0,1.350668,0.0,0.0,0.0,0.0,0.0,0.0,0.8878918,0.0,2.8172045,0.0,0.0,0.0,0.8878918,0.0,0.0,0.0,0.8878918,0.0,0.0,0.0,0.0,0.0,0.0,0.8878918,0.0,0.8878918,0.8878918,0.0,0.0,0.8878918,2.098019,1.905089,0.0,1.350668,0.0,0.0,0.0,0.0,0.0,0.0,0.0,0.0,0.0,0.8878918,0.0,0.0,0.0,0.8878918,0.0,0.8878918,0.0,0.8878918,0.0,0.0,0.0,1.350668,0.0,0.8878918,0.0,0.0,0.0,1.350668,0.0,3.5231209,0.0,1.350668,0.0,0.0,0.0,0.0
0.0,0.0,0.0,0.0,0.0,0.0,0.0,0.0,0.0,0.0,0.0,0.0,0.0,0.0,0.0,0.0,0.8260122,3.0087905,0.0,0.0,0.0,0.0,0.8260122,0.0,0.0,0.0,0.0,0.0,0.0,0.0,0.0,0.0,0.0,0.0,0.0,0.0,0.0,0.0,1.8142979,0.0,0.0,0.0,0.0,0.0,0.0,0.8260122,1.8142979,0.0,0.0,0.8260122,0.0,0.0,0.0,0.0,0.0,0.0,0.0,0.0,0.0,0.0,2.7164223,0.8260122,0.0,1.2721126,0.0,1.2721126,1.5795095,0.0,0.0,0.0,0.0,0.0,0.0,0.0,0.0,0.0,0.0,0.0,0.0,0.0,0.0,0.0,0.0,0.0,1.2721126,0.0,0.8260122,0.0,0.0,0.0,0.0,0.8260122,0.0,3.1281304,0.0,1.2721126,0.0,0.0,0.0,0.0
0.0,0.8990636,0.0,0.0,0.0,0.0,0.0,0.0,0.0,0.0,0.0,0.0,0.0,0.0,0.0,0.0,0.0,3.4060528,0.0,1.3647137,0.0,0.0,0.0,0.0,0.0,0.0,0.0,0.0,0.0,1.9212081,0.8990636,0.0,0.0,0.0,0.0,0.0,0.0,0.0,1.6811823,0.8990636,0.0,0.0,0.8990636,0.0,0.8990636,0.0,0.8990636,0.0,0.8990636,0.8990636,0.8990636,0.0,0.0,0.0,0.0,0.0,0.0,0.0,0.0,0.0,2.5383217,0.8990636,0.0,0.8990636,0.0,0.8990636,0.8990636,1.3647137,0.0,0.0,0.0,0.0,0.0,0.0,0.0,0.0,1.6811823,0.0,0.0,0.0,0.0,0.0,0.8990636,0.0,2.1146283,0.8990636,0.0,0.0,0.8990636,0.0,0.0,0.8990636,0.0,3.356504,1.3647137,0.8990636,1.3647137,0.0,0.0,0.0
0.0,0.0,0.0,0.0,0.0,0.0,0.0,0.0,0.0,0.0,0.0,0.0,0.0,0.0,0.0,0.0,0.0,4.8676143,0.0,0.99232715,0.0,0.0,0.99232715,0.99232715,0.0,0.0,0.0,0.0,0.0,1.4804697,0.0,0.0,0.0,0.0,0.0,0.0,0.99232715,0.99232715,2.0528433,0.99232715,0.99232715,0.0,0.0,0.99232715,0.0,0.0,1.8070608,0.0,0.0,0.0,0.0,0.0,0.0,0.99232715,0.0,0.0,0.0,0.0,0.0,0.0,3.209434,0.0,0.0,0.0,0.0,0.0,1.4804697,0.0,0.99232715,0.0,0.0,0.0,0.0,0.0,0.0,0.0,1.4804697,0.0,0.0,0.0,0.0,0.0,0.99232715,0.99232715,1.8070608,0.0,0.0,0.0,0.0,0.99232715,0.0,1.4804697,0.0,3.209434,0.0,1.4804697,0.0,0.99232715,0.0,0.0
0.0,0.0,0.0,0.0,1.0415186,0.0,0.0,0.0,0.0,0.0,0.0,0.0,0.0,0.0,0.0,0.0,0.0,2.7516289,0.0,0.0,0.0,0.0,0.0,0.0,0.0,0.0,0.0,0.0,1.8718868,1.0415186,0.0,0.0,0.0,0.0,1.0415186,0.0,0.0,0.0,2.627174,1.0415186,0.0,0.0,0.0,0.0,0.0,0.0,0.0,0.0,0.0,0.0,0.0,0.0,0.0,0.0,0.0,1.0415186,0.0,0.0,0.0,0.0,2.9619255,0.0,0.0,0.0,0.0,1.5405236,0.0,1.0415186,0.0,0.0,0.0,0.0,0.0,0.0,1.0415186,1.0415186,0.0,0.0,0.0,0.0,0.0,0.0,0.0,0.0,2.1203516,0.0,0.0,1.5405236,0.0,1.0415186,0.0,0.0,0.0,2.9619255,0.0,1.0415186,0.0,0.0,0.0,0.0
0.0,0.0,0.0,0.0,0.0,0.0,0.0,0.0,0.0,0.0,0.0,0.0,0.0,0.0,0.0,0.0,0.0,3.3329325,0.0,1.2402272,0.0,0.0,0.80119383,0.0,0.0,0.0,0.0,0.0,0.80119383,0.0,0.0,0.0,0.0,0.0,0.0,0.0,0.0,0.0,2.3819132,0.80119383,0.0,0.0,0.0,0.0,0.0,0.0,1.9658525,0.0,0.0,0.0,0.0,0.0,0.0,0.0,0.80119383,0.0,0.0,0.0,0.0,0.0,2.6748514,0.0,0.0,0.0,0.0,1.5442802,0.0,1.5442802,0.80119383,0.0,0.0,0.0,0.0,0.80119383,0.0,0.0,0.0,0.80119383,0.0,0.0,0.0,0.0,0.0,0.0,1.7771192,0.0,0.0,0.0,0.0,0.0,0.0,0.80119383,0.0,2.124558,0.0,1.5442802,1.2402272,0.0,0.0,0.0
0.0,0.0,0.0,0.0,0.0,0.0,0.0,0.0,0.0,0.0,0.0,0.0,0.0,0.0,0.0,0.0,0.0,2.8197627,0.0,0.8894938,0.0,0.0,0.0,0.8894938,0.0,0.0,0.0,0.8894938,0.8894938,0.8894938,0.0,0.0,0.0,0.0,0.0,0.0,0.0,0.8894938,2.1004062,0.0,0.0,0.0,0.0,0.0,0.0,0.0,2.1004062,0.0,0.0,0.0,0.0,0.0,0.0,0.0,0.0,0.0,0.0,0.0,0.0,0.0,2.9776022,0.0,0.0,0.0,0.0,1.3526845,0.0,0.8894938,0.0,0.0,0.8894938,0.0,0.0,0.8894938,0.0,0.0,0.0,1.668026,0.0,0.0,0.0,0.0,0.8894938,0.0,1.668026,0.0,1.9074054,0.0,0.0,0.0,0.0,0.0,0.0,2.9776022,0.0,1.668026,1.3526845,0.0,0.0,0.0
0.0,0.0,0.0,0.0,0.84608066,0.0,0.84608066,0.0,0.0,0.0,0.0,0.0,0.0,0.0,0.0,0.0,1.2977335,3.1620266,0.0,1.6077335,0.0,0.0,0.0,0.0,0.0,0.84608066,0.0,0.0,0.0,1.2977335,1.2977335,0.0,0.0,0.0,0.0,0.0,0.0,1.2977335,1.8440324,0.0,0.0,0.0,0.0,0.0,0.0,0.84608066,0.84608066,0.0,0.0,0.0,0.0,0.0,0.0,0.0,0.0,0.84608066,0.0,0.0,0.0,0.0,2.9769025,0.0,0.0,1.2977335,0.0,1.2977335,0.84608066,0.0,0.0,0.0,0.0,0.0,0.84608066,1.2977335,0.0,0.0,0.0,0.0,0.0,0.0,0.0,0.84608066,0.84608066,0.84608066,2.1953306,0.0,0.0,0.0,0.84608066,0.0,0.0,0.0,0.0,2.7495403,0.0,1.2977335,0.0,0.84608066,0.0,0.0
0.0,0.0,0.0,0.0,0.0,0.0,0.94509935,0.0,0.0,0.0,0.0,0.0,0.0,0.0,0.0,0.0,0.0,2.9071066,0.0,0.0,0.0,0.0,0.0,0.0,0.0,0.0,0.0,0.0,0.0,1.7438302,0.94509935,0.0,0.0,0.0,0.0,0.94509935,0.0,0.94509935,2.4858632,0.94509935,0.0,0.0,0.0,0.0,0.0,0.0,1.9868158,0.0,0.0,0.94509935,0.0,0.0,0.0,0.0,0.0,0.0,0.0,0.0,0.0,0.0,2.6089332,0.94509935,0.0,0.0,0.0,1.4221773,0.0,0.0,0.0,0.0,0.0,0.94509935,0.0,0.0,0.0,0.94509935,0.94509935,0.0,0.0,0.0,0.0,0.0,0.0,0.0,0.94509935,0.0,0.0,0.0,0.0,0.0,0.0,0.0,0.0,3.1364923,0.0,0.0,0.0,0.0,0.0,0.0
0.0,0.0,0.0,0.0,0.0,0.0,0.0,0.0,0.0,0.0,0.0,0.0,0.0,0.0,0.0,0.0,0.6626105,2.8857663,0.0,1.0576859,0.0,0.0,0.0,0.6626105,0.0,0.0,0.0,0.0,0.0,0.0,0.0,0.0,0.0,0.0,0.6626105,0.0,0.0,1.0576859,2.142275,1.5601213,0.0,0.0,0.6626105,0.0,0.0,0.0,1.7403343,0.0,0.0,0.0,0.0,0.0,0.0,0.0,0.0,0.0,0.0,0.0,0.6626105,0.6626105,3.3074648,0.6626105,0.0,1.3401324,0.0,0.6626105,0.0,0.6626105,0.0,0.0,0.6626105,0.0,1.0576859,0.0,1.3401324,0.0,0.0,0.0,0.0,0.0,0.0,0.6626105,0.0,0.0,1.5601213,0.0,0.6626105,0.6626105,0.6626105,0.0,0.0,1.0576859,0.6626105,2.6502724,0.0,1.0576859,1.0576859,1.0576859,0.0,0.6626105
0.0,0.0,0.0,0.0,0.0,0.0,0.0,0.9556099,0.0,0.0,0.0,0.0,0.0,0.0,0.0,0.0,0.0,2.6248171,0.0,0.9556099,0.0,0.0,0.0,0.0,0.0,0.0,0.0,0.0,1.4352064,1.7579904,0.9556099,0.0,0.0,0.0,0.0,0.0,0.9556099,0.0,0.9556099,1.4352064,0.0,0.0,0.0,0.0,0.0,0.0,2.0016184,0.0,0.0,0.0,0.0,0.0,0.0,0.0,0.0,0.0,0.0,0.0,0.0,0.0,2.923313,0.0,0.0,1.7579904,0.0,0.9556099,0.0,0.0,0.0,0.0,0.0,1.4352064,0.0,0.0,0.0,0.9556099,0.0,0.9556099,0.0,0.0,0.9556099,0.0,0.0,0.0,0.9556099,0.0,0.0,0.0,0.0,0.0,0.0,0.9556099,0.9556099,2.734517,0.0,0.0,0.0,0.0,0.0,0.9556099
0.0,0.79011923,0.0,0.0,1.2259256,0.0,0.0,0.0,0.0,0.0,0.0,1.2259256,0.0,0.0,0.0,0.0,0.0,3.3134768,0.0,0.79011923,0.0,0.0,0.0,0.0,0.0,0.0,0.0,1.2259256,0.0,1.2259256,0.79011923,0.0,0.79011923,0.0,0.0,0.0,0.0,0.0,2.363612,0.79011923,0.0,0.0,0.0,0.0,0.0,0.0,1.9485204,0.0,0.79011923,0.0,0.0,0.0,1.2259256,0.0,0.79011923,1.2259256,0.0,0.0,0.0,0.0,2.4708865,0.0,0.0,0.79011923,0.0,0.0,0.79011923,0.79011923,0.0,0.0,0.0,0.0,0.0,0.79011923,0.0,0.79011923,0.0,0.79011923,0.0,0.0,0.79011923,0.0,0.0,0.0,1.2259256,0.0,1.5284399,0.0,0.0,0.0,0.79011923,1.5284399,0.0,3.268688,0.0,1.2259256,0.0,0.0,0.0,0.0
0.0,1.4057491,0.0,0.0,0.0,0.0,0.0,0.0,0.0,0.0,0.0,0.0,0.0,0.5707791,0.0,0.0,0.5707791,4.315966,0.0,0.0,0.0,0.0,0.0,0.0,0.0,0.0,0.5707791,0.0,0.0,2.4659815,0.0,0.0,1.1966265,0.0,0.0,0.0,0.0,0.93188465,2.0702503,1.4057491,0.0,1.1966265,0.0,0.0,0.0,0.0,1.5786129,0.0,0.0,0.0,0.0,0.0,0.0,0.0,0.0,0.0,0.0,0.0,0.0,0.0,2.968951,0.0,0.0,1.7259529,0.5707791,0.5707791,0.0,0.5707791,0.0,0.0,0.5707791,0.0,0.0,0.5707791,0.0,0.5707791,0.5707791,0.93188465,0.0,0.0,0.5707791,0.5707791,0.5707791,0.0,1.5786129,0.0,0.0,0.93188465,0.93188465,0.5707791,0.0,0.93188465,0.0,3.357149,0.0,0.0,0.0,0.5707791,0.5707791,0.5707791
0.0,1.0157717,0.631669,0.0,0.631669,0.0,0.631669,0.631669,0.0,0.0,0.0,0.0,0.0,0.0,0.0,0.0,0.631669,3.0566945,0.0,1.292599,0.0,0.0,0.0,0.0,0.0,0.0,0.0,0.0,0.0,1.0157717,1.0157717,0.0,0.0,0.0,0.0,0.0,0.0,0.631669,1.5091728,0.0,0.0,0.0,0.0,0.0,0.0,0.631669,1.5091728,0.631669,0.0,0.0,0.0,0.0,0.0,0.0,0.0,0.0,0.0,0.0,0.631669,1.0157717,2.9701931,0.0,0.0,0.0,0.0,0.631669,0.0,0.631669,0.0,0.0,0.0,0.631669,0.0,0.631669,0.631669,0.0,0.0,0.0,0.0,0.631669,0.0,0.0,0.0,0.0,1.6870902,0.631669,0.0,0.0,0.0,0.0,0.0,1.0157717,0.0,3.0143788,0.0,0.631669,0.0,0.0,0.0,1.6870902
0.0,1.0605779,1.0605779,0.0,0.0,0.0,1.0605779,0.6647578,0.0,0.0,0.0,0.0,0.0,0.6647578,0.6647578,1.0605779,0.0,4.1479692,0.0,0.6647578,0.0,0.0,0.6647578,0.0,0.0,0.0,0.0,0.0,0.6647578,1.7439859,1.7439859,0.6647578,0.0,0.0,0.6647578,0.6647578,0.0,0.0,1.5636199,0.0,0.0,0.0,0.0,0.0,0.0,0.0,1.8967376,0.0,0.0,0.0,0.6647578,0.0,0.0,0.0,0.0,0.6647578,0.6647578,0.0,0.0,0.0,2.71868,0.0,0.0,1.0605779,0.0,0.6647578,1.0605779,0.0,0.0,0.0,0.6647578,0.0,0.0,0.0,0.0,0.0,0.6647578,0.6647578,0.0,0.0,0.0,0.0,0.6647578,0.0,1.5636199,0.0,0.0,1.5636199,0.0,0.0,0.6647578,1.5636199,0.0,3.8354216,0.0,1.3434023,0.6647578,1.0605779,0.0,0.0
0.0,0.66608995,0.66608995,0.0,0.0,0.0,0.0,0.0,0.0,0.0,0.0,0.0,0.0,0.0,0.0,0.0,0.0,2.6569362,0.0,0.66608995,0.0,0.0,0.66608995,0.0,0.0,0.0,0.66608995,0.0,1.0623708,0.66608995,0.0,0.66608995,0.0,0.0,0.0,0.0,0.0,0.0,1.7462487,0.66608995,0.0,0.0,0.0,0.0,0.0,0.0,1.8990681,0.0,0.0,0.0,0.66608995,0.0,0.0,0.0,0.0,0.0,0.0,0.0,0.0,0.0,2.2533424,0.0,0.0,1.5657878,0.66608995,1.0623708,0.0,0.66608995,0.0,0.0,0.0,0.66608995,0.0,0.66608995,0.66608995,0.66608995,0.0,0.66608995,0.66608995,0.66608995,0.0,0.66608995,0.0,0.66608995,1.8990681,0.0,0.0,0.0,0.66608995,0.0,0.0,1.3454291,0.0,3.1662624,0.0,0.66608995,0.66608995,0.66608995,0.66608995,0.66608995
0.0,0.6016252,0.0,0.0,0.6016252,0.0,0.0,0.6016252,0.0,0.6016252,0.0,0.0,0.0,0.0,0.0,0.0,0.0,3.9055998,0.0,1.2456658,0.0,0.0,0.9746219,0.9746219,0.0,0.0,0.0,0.0,0.6016252,1.7834744,0.0,0.0,0.6016252,0.0,0.0,0.0,0.6016252,0.0,2.2247128,0.6016252,0.0,0.0,0.0,0.6016252,0.0,0.0,1.6342111,0.6016252,0.0,0.0,0.0,0.0,0.0,0.0,0.0,0.6016252,0.0,0.0,0.0,0.0,2.9523976,0.0,0.0,2.028235,0.6016252,1.2456658,0.0,0.0,0.0,0.6016252,0.6016252,0.6016252,0.0,0.0,0.6016252,0.0,0.0,0.0,0.0,0.9746219,0.6016252,0.6016252,0.6016252,0.0,2.1312916,0.0,0.6016252,0.6016252,0.6016252,0.0,0.0,1.9133246,0.0,3.0739455,0.6016252,0.6016252,0.0,1.4586917,0.0,0.6016252
0.0,0.6194615,0.0,0.0,0.0,0.0,0.0,0.0,0.0,0.0,0.0,0.0,0.0,0.99910665,0.0,0.0,0.6194615,3.0316942,0.6194615,0.99910665,0.0,0.0,0.0,0.0,0.0,0.6194615,0.6194615,0.0,0.6194615,1.2736243,0.99910665,0.0,0.99910665,0.6194615,0.0,0.0,0.0,0.0,2.1657736,0.6194615,0.0,0.0,0.99910665,0.0,0.0,0.0,1.9466943,0.0,0.6194615,0.0,0.0,0.0,0.0,0.0,0.0,0.0,0.0,0.0,0.0,0.6194615,3.0316942,0.0,0.0,0.0,0.0,0.6194615,0.0,0.0,0.0,0.0,0.0,0.0,0.0,0.99910665,0.99910665,0.0,0.6194615,0.0,0.0,0.0,0.99910665,0.0,0.0,0.0,1.6657494,0.6194615,0.6194615,1.2736243,0.0,0.0,0.6194615,0.0,0.0,2.799881,0.0,1.2736243,0.6194615,0.6194615,0.0,0.0
0.0,0.85340124,0.0,0.85340124,1.4745445,0.0,0.0,0.0,0.0,0.0,0.0,0.5151019,0.0,0.0,0.0,0.0,1.1057293,3.14569,0.0,0.0,0.0,0.0,0.0,0.0,0.0,0.0,0.0,0.0,0.85340124,1.1057293,0.0,0.0,0.5151019,0.0,0.0,0.0,0.0,0.0,1.8548082,0.0,0.5151019,0.0,0.0,0.0,0.0,0.5151019,2.278243,0.5151019,0.0,0.0,0.0,0.0,0.0,0.0,0.0,1.3070445,0.5151019,0.0,0.0,0.0,3.2291083,1.6179723,0.0,1.1057293,0.5151019,1.1057293,0.85340124,0.5151019,0.0,0.5151019,0.5151019,0.5151019,1.3070445,0.0,0.0,0.0,0.5151019,0.0,0.0,0.5151019,0.0,0.5151019,0.0,0.0,1.4745445,0.0,0.0,0.5151019,0.0,0.0,0.0,0.85340124,0.0,3.1162622,0.0,0.85340124,0.0,0.85340124,0.0,0.0
0.5406086,1.6681423,0.0,0.0,0.5406086,0.0,0.5406086,0.0,0.0,0.0,0.0,0.0,0.5406086,0.0,0.0,0.5406086,0.0,3.1140282,0.0,0.5406086,0.0,0.0,0.0,0.0,0.0,0.0,0.5406086,0.0,0.0,1.1477689,1.1477689,0.0,0.0,0.0,0.5406086,0.0,0.5406086,0.0,1.9075274,0.0,0.0,0.5406086,0.5406086,0.0,0.0,0.5406086,1.6681423,0.0,0.0,0.0,0.0,0.0,0.0,0.0,0.0,1.1477689,0.0,0.0,0.0,0.88957834,3.1757865,0.0,0.0,1.5228462,0.0,0.5406086,0.5406086,0.5406086,0.0,0.0,0.0,0.88957834,0.0,0.5406086,0.5406086,0.5406086,0.88957834,0.0,0.5406086,0.0,0.0,0.88957834,0.0,0.0,1.794981,0.0,0.88957834,0.88957834,0.88957834,0.0,0.5406086,0.0,0.0,3.5045755,0.0,1.5228462,0.0,0.5406086,0.0,0.5406086
0.5960466,1.2368625,0.0,0.0,0.0,0.0,0.0,0.0,0.0,0.0,0.0,0.0,0.0,0.5960466,0.0,0.0,0.0,3.1704426,0.0,0.5960466,0.0,0.0,0.0,0.0,0.0,0.0,0.0,0.5960466,0.0,0.5960466,1.9027799,0.0,0.5960466,0.0,0.0,0.0,0.0,0.0,2.1203873,0.0,0.0,0.5960466,0.0,0.0,0.0,0.0,1.9027799,0.0,0.5960466,0.0,0.5960466,0.0,0.0,0.0,0.0,0.5960466,0.0,0.0,0.0,0.0,3.1704426,0.9669302,0.0,1.6242571,0.5960466,0.5960466,1.2368625,0.5960466,0.0,0.5960466,0.0,0.0,0.0,0.0,0.0,0.0,0.0,0.9669302,0.0,0.0,0.0,0.5960466,0.0,0.0,1.4492029,0.5960466,0.9669302,1.2368625,0.5960466,0.0,0.0,0.9669302,0.0,3.099559,0.0,1.4492029,0.5960466,0.0,0.0,0.5960466
0.0,0.4809839,0.0,0.0,0.4809839,0.0,0.0,0.0,0.0,0.0,0.0,0.0,0.4809839,0.4809839,0.0,0.4809839,1.0483695,3.1975002,0.0,1.0483695,0.0,0.0,0.0,0.0,0.0,0.0,0.0,0.0,0.80438906,1.4081357,0.4809839,0.0,0.0,0.0,0.80438906,0.0,0.0,0.0,2.1296573,1.4081357,0.0,0.0,1.0483695,0.0,0.0,0.0,2.1296573,0.0,0.0,0.4809839,0.0,0.0,0.0,0.0,0.0,0.0,0.4809839,0.0,0.0,0.80438906,3.1457005,1.5488365,0.0,0.80438906,0.0,1.8808362,0.4809839,0.0,0.0,0.0,1.0483695,0.4809839,0.4809839,0.4809839,0.80438906,0.0,0.4809839,0.0,0.0,0.0,0.0,0.80438906,1.0483695,0.0,1.6721604,0.0,0.4809839,0.4809839,0.0,0.0,0.0,0.4809839,0.0,2.8722622,0.0,1.2443451,0.0,0.80438906,0.0,0.0
0.0,0.0,0.0,0.0,0.0,0.0,0.9101845,0.0,0.0,0.0,0.0,0.0,0.0,0.0,0.55525804,0.0,0.0,3.516464,0.0,0.9101845,0.0,0.55525804,0.55525804,0.55525804,0.9101845,0.0,0.0,0.55525804,1.1716061,0.9101845,0.0,0.0,0.9101845,0.0,0.0,0.0,0.0,0.0,1.6964121,1.5501024,0.0,0.0,0.0,0.0,0.0,0.0,2.365661,0.55525804,0.0,0.0,0.55525804,0.0,0.55525804,0.0,0.0,0.55525804,0.0,0.0,0.0,0.0,2.9347804,0.55525804,0.0,1.5501024,0.0,0.9101845,1.1716061,0.55525804,0.0,0.0,0.0,0.0,0.55525804,0.9101845,0.0,0.55525804,0.55525804,0.55525804,0.0,0.0,0.0,0.55525804,0.0,0.0,1.9371755,0.0,0.0,0.55525804,0.0,0.55525804,0.0,1.1716061,0.55525804,3.42412,0.0,1.6964121,0.0,0.55525804,0.55525804,1.1716061
0.0,0.50812036,0.0,0.0,0.0,0.0,0.50812036,0.0,0.0,0.0,0.0,0.0,0.0,0.0,0.0,0.0,0.0,3.0693119,0.0,0.50812036,0.0,0.0,0.0,0.0,0.0,0.0,0.0,0.0,0.50812036,0.84343094,0.50812036,0.0,0.84343094,0.0,0.0,0.50812036,0.0,0.50812036,2.1143022,0.50812036,0.0,0.0,0.0,0.0,0.0,0.0,2.1143022,0.0,0.0,0.0,0.0,0.0,0.0,0.0,0.0,0.0,0.0,0.0,0.0,0.0,3.1853495,0.0,0.0,1.0940994,0.0,0.84343094,0.50812036,0.0,0.0,0.0,0.0,0.50812036,0.50812036,0.50812036,0.84343094,0.0,1.2943588,1.0940994,0.0,0.0,0.0,1.0940994,0.50812036,0.0,1.9401041,0.50812036,0.0,0.0,0.0,0.0,0.0,0.0,0.0,2.9380198,0.0,1.2943588,0.50812036,0.0,0.0,0.50812036
0.0,0.59799254,0.96961504,0.0,0.0,0.59799254,0.96961504,0.59799254,0.0,0.0,0.0,0.0,0.59799254,0.0,0.0,0.59799254,0.0,3.5426116,0.0,0.59799254,0.0,0.0,0.59799254,0.0,0.59799254,0.59799254,0.0,0.0,0.59799254,2.021245,0.96961504,0.0,0.0,0.0,0.0,0.0,0.0,0.59799254,1.906464,0.59799254,0.0,0.0,1.6277341,0.0,0.0,0.0,2.1241975,0.59799254,0.59799254,0.0,0.59799254,0.0,0.0,0.0,0.0,0.0,0.0,0.0,0.0,0.96961504,3.103693,0.96961504,0.0,0.96961504,0.59799254,0.0,0.59799254,0.0,0.59799254,0.0,0.96961504,0.0,0.96961504,0.96961504,0.0,0.96961504,0.0,1.2399365,0.0,0.0,0.59799254,0.0,0.0,0.0,1.776779,0.59799254,0.0,0.0,0.0,0.0,0.0,0.96961504,0.59799254,3.2082384,0.59799254,0.96961504,0.0,0.59799254,0.0,0.0
0.0,0.0,0.0,0.5430453,1.151749,0.0,1.3571132,0.5430453,0.0,0.0,0.0,0.5430453,0.0,0.0,0.0,0.0,0.0,3.2108815,0.0,0.0,0.0,0.0,0.0,0.0,0.0,0.0,0.0,0.0,0.5430453,1.3571132,0.5430453,0.0,0.0,0.0,0.0,0.0,0.0,0.5430453,2.2674642,0.8930143,0.0,0.8930143,0.0,0.0,0.0,0.0,1.7998407,0.0,0.0,0.0,0.0,0.0,0.5430453,0.0,0.0,0.5430453,0.0,0.0,0.0,0.5430453,2.7816756,0.5430453,0.0,0.5430453,0.5430453,0.8930143,0.0,0.0,0.0,1.151749,0.0,0.0,0.8930143,0.5430453,0.0,0.0,0.0,0.8930143,0.0,0.0,0.0,0.0,0.0,0.0,1.151749,0.5430453,0.0,1.151749,0.0,0.0,0.0,0.8930143,0.0,3.2108815,0.0,1.3571132,0.5430453,0.8930143,0.0,0.5430453
0.0,0.0,0.6002855,0.0,0.0,0.0,0.6002855,0.0,0.0,0.0,0.0,0.0,0.0,0.0,0.0,0.0,0.6002855,3.4214902,0.0,1.7810075,0.0,0.0,1.6318245,0.0,0.0,0.0,0.0,0.0,0.0,1.6318245,0.0,0.0,0.0,0.0,0.0,0.0,0.6002855,0.0,1.910797,0.9727762,0.6002855,0.0,0.6002855,0.0,0.6002855,0.0,1.2435541,0.0,0.0,0.6002855,0.0,0.0,0.0,0.0,0.6002855,0.0,0.0,0.0,0.0,0.6002855,2.9917593,0.6002855,0.0,0.9727762,0.6002855,0.6002855,0.0,0.6002855,0.0,0.0,0.0,0.0,0.0,0.6002855,0.9727762,0.0,0.0,0.0,0.0,0.6002855,0.0,0.0,0.0,0.0,1.4564164,0.6002855,0.0,0.9727762,0.9727762,0.6002855,0.0,0.9727762,0.0,2.9495866,0.0,0.6002855,0.0,0.6002855,0.0,1.2435541
0.0,0.9262297,0.56672513,0.0,0.0,0.0,0.0,0.0,0.0,0.0,0.0,0.0,0.0,0.0,0.0,0.0,0.0,3.4003456,0.0,1.3987027,0.0,0.0,0.0,0.56672513,0.0,0.0,0.0,0.0,0.9262297,0.56672513,0.9262297,0.0,0.0,0.56672513,0.0,0.0,0.0,0.0,1.8464686,0.56672513,0.0,0.0,0.0,0.0,0.0,0.0,1.718277,0.0,0.9262297,0.0,0.0,0.0,0.0,0.0,0.0,0.0,0.0,0.0,0.0,0.0,2.8777752,0.0,0.0,0.56672513,0.0,1.718277,0.9262297,0.0,0.0,0.0,0.0,0.56672513,0.0,0.0,0.0,0.56672513,0.0,0.56672513,0.0,0.0,0.0,0.56672513,0.0,0.0,1.9600786,0.9262297,0.56672513,0.56672513,0.0,0.0,0.56672513,1.3987027,0.0,3.2042518,0.0,1.8464686,0.0,0.56672513,0.0,1.718277
0.0,0.0,0.0,0.0,0.0,0.0,0.0,0.0,0.0,0.0,0.0,0.0,0.0,0.5241307,0.5241307,0.0,0.0,3.3758314,0.0,1.4917686,0.0,0.0,0.5241307,0.5241307,0.0,0.0,0.0,0.0,0.0,0.5241307,0.0,0.0,0.0,0.0,0.5241307,0.0,0.0,0.0,1.4917686,1.6358733,0.0,0.0,0.0,0.0,0.0,0.5241307,1.1206901,0.0,0.5241307,0.0,0.0,0.0,0.0,0.5241307,0.0,0.0,0.0,0.0,0.0,0.0,2.5953906,0.0,0.0,0.5241307,0.0,0.0,0.86625135,0.5241307,0.0,0.0,1.3233439,0.5241307,0.0,1.1206901,0.0,0.0,1.1206901,0.5241307,0.0,0.0,0.0,0.0,0.5241307,0.5241307,1.7618035,0.0,0.0,0.86625135,0.0,0.0,0.0,1.1206901,0.0,3.1956341,0.0,0.86625135,0.5241307,0.0,0.0,0.5241307
0.0,0.34056765,0.0,0.0,0.34056765,0.0,0.5941501,0.0,0.0,0.0,0.0,0.0,0.0,0.0,0.34056765,0.0,0.34056765,2.8466413,0.0,0.5941501,0.0,0.0,0.0,0.0,0.0,0.0,0.0,0.0,0.0,0.5941501,0.0,0.0,0.0,0.0,0.34056765,0.34056765,0.0,0.34056765,1.836524,0.5941501,0.0,0.0,0.0,0.0,0.0,0.34056765,1.9581465,0.0,0.34056765,0.0,0.0,0.0,0.0,0.0,0.0,0.0,0.0,0.0,0.0,0.0,3.1663918,0.34056765,0.0,0.79626137,0.0,0.9643116,0.5941501,0.34056765,0.0,0.34056765,0.5941501,0.5941501,0.5941501,0.79626137,0.0,0.34056765,0.5941501,0.9643116,0.34056765,0.0,0.0,0.79626137,0.0,0.0,1.6208631,0.0,0.34056765,0.9643116,0.0,0.79626137,0.34056765,0.34056765,0.0,2.8228106,0.0,0.79626137,0.34056765,0.0,0.0,0.5941501
0.0,0.0,0.5022551,0.0,0.5022551,0.0,0.0,0.0,0.0,0.0,0.0,0.0,0.0,0.0,0.0,0.0,1.0842869,2.9584672,0.0,1.0842869,0.0,0.0,0.0,0.0,0.0,0.0,0.0,0.0,0.0,1.283645,0.0,0.0,0.0,1.283645,0.5022551,0.0,0.0,0.0,1.9274539,0.83503157,0.5022551,0.0,0.0,0.0,0.0,0.0,0.83503157,0.5022551,0.83503157,0.5022551,0.0,0.0,0.0,1.4497894,0.0,0.0,0.5022551,0.5022551,0.0,0.0,2.851347,0.5022551,0.0,1.0842869,0.0,0.0,0.5022551,0.0,0.0,0.0,0.0,0.5022551,0.0,0.0,0.0,0.0,0.0,0.5022551,0.0,0.0,0.0,0.5022551,0.0,0.5022551,1.283645,0.83503157,0.5022551,0.0,0.5022551,0.0,0.0,1.0842869,0.5022551,4.30506,0.5022551,1.283645,1.283645,0.83503157,0.5022551,1.4497894
0.0,0.0,0.0,0.24231105,0.24231105,0.0,0.0,0.0,0.0,0.0,0.0,0.0,0.0,0.24231105,0.0,0.0,0.0,2.7429085,0.0,1.2434956,0.0,0.0,0.0,0.0,0.0,0.24231105,0.0,0.0,0.60024834,0.4372098,0.0,0.0,0.0,0.0,0.0,0.24231105,0.24231105,0.4372098,1.7809391,1.39031,0.0,0.0,0.4372098,0.24231105,0.0,0.24231105,1.7809391,0.0,0.24231105,0.0,0.0,0.0,0.0,0.0,0.24231105,0.0,0.0,0.4372098,0.0,0.0,2.9637647,0.4372098,0.0,0.7403942,0.0,0.4372098,0.8632917,0.4372098,0.0,0.0,0.4372098,0.4372098,0.24231105,0.24231105,0.0,0.0,0.60024834,0.24231105,0.0,0.0,0.24231105,0.0,0.0,0.0,1.4563532,0.4372098,0.4372098,0.7403942,0.24231105,0.0,0.4372098,0.24231105,0.0,2.890361,0.24231105,0.7403942,0.4372098,0.0,0.4372098,0.4372098
0.0,1.2096728,0.0,0.0,0.0,0.0,0.0,0.0,0.0,0.0,0.0,0.0,0.0,0.0,0.0,0.0,0.0,3.5244005,0.0,1.2096728,0.0,0.0,0.0,0.0,0.0,0.0,0.0,0.0,0.0,1.7413036,0.0,0.0,1.2096728,1.2096728,0.0,0.0,0.0,0.0,0.0,1.2096728,0.0,0.0,0.0,0.0,0.0,0.0,2.3427238,0.0,0.0,0.0,1.2096728,0.0,0.0,0.0,0.0,0.0,0.0,0.0,0.0,1.2096728,2.546467,0.0,0.0,2.0865614,1.2096728,0.0,0.0,0.0,0.0,0.0,0.0,1.2096728,0.0,0.0,0.0,0.0,0.0,1.2096728,1.2096728,0.0,0.0,1.7413036,1.2096728,0.0,0.0,0.0,1.2096728,0.0,0.0,0.0,0.0,1.2096728,1.2096728,3.7691448,0.0,1.2096728,0.0,0.0,0.0,0.0
0.0,0.8961354,0.0,0.0,0.0,0.0,1.3610361,0.0,0.0,0.0,0.0,0.0,0.0,0.0,0.0,0.0,0.0,2.9124262,0.0,0.0,0.0,0.0,0.8961354,0.0,0.0,0.0,0.0,0.0,0.0,1.3610361,0.0,0.0,0.0,0.0,0.0,0.0,0.0,0.8961354,1.9169909,0.8961354,0.0,0.0,0.0,0.8961354,0.0,0.0,1.3610361,0.0,0.8961354,0.0,0.0,0.0,0.0,0.0,0.0,0.0,0.0,0.0,0.0,0.0,3.2996109,0.0,0.0,0.8961354,0.0,0.8961354,0.0,0.8961354,0.0,0.0,0.0,0.0,0.0,1.3610361,0.0,0.0,0.8961354,0.0,0.0,0.0,0.0,1.6771616,0.0,0.0,1.3610361,0.8961354,1.3610361,0.0,0.0,0.0,0.8961354,0.0,0.8961354,2.6426969,0.0,0.0,0.8961354,0.0,0.0,0.0
0.0,0.7427397,0.0,1.1642036,1.1642036,0.0,0.0,0.7427397,0.0,0.0,0.0,0.7427397,0.0,0.0,0.0,0.0,0.7427397,2.729284,0.0,1.6876467,0.0,0.0,0.0,0.0,0.0,0.0,0.7427397,0.0,0.0,0.0,0.0,0.7427397,0.0,0.0,0.0,0.0,0.0,1.1642036,1.873098,0.7427397,0.7427397,0.0,0.7427397,0.0,0.0,0.0,2.029478,0.0,0.0,0.7427397,0.0,0.0,0.0,0.0,0.0,0.0,0.0,0.0,0.0,0.0,2.729284,0.0,0.0,0.0,0.7427397,0.7427397,0.7427397,0.0,0.0,0.0,0.0,0.0,1.1642036,0.0,0.0,0.0,0.7427397,0.7427397,0.0,0.0,0.0,0.0,0.0,0.0,1.4597903,0.0,1.1642036,0.0,0.7427397,0.0,0.0,0.7427397,0.0,2.982072,0.7427397,1.1642036,0.7427397,0.0,0.0,0.7427397
0.0,0.74926704,0.0,1.4693357,1.1727601,0.0,0.74926704,0.0,0.0,0.0,0.0,0.0,0.0,0.74926704,0.0,0.0,0.74926704,2.875356,0.0,0.0,0.0,0.0,0.0,0.0,0.74926704,0.0,0.0,0.74926704,0.0,0.74926704,1.1727601,0.0,0.0,0.0,0.0,0.0,0.74926704,0.0,2.040271,1.4693357,0.0,0.0,0.0,0.74926704,0.74926704,0.0,1.6977776,0.0,0.0,0.74926704,0.0,0.0,0.0,0.0,0.0,0.0,0.0,0.0,0.0,0.0,2.4976985,0.74926704,0.0,1.1727601,0.0,0.74926704,1.1727601,1.1727601,1.1727601,0.0,0.0,0.0,0.74926704,0.0,0.0,0.0,1.4693357,1.6977776,0.0,0.0,0.0,0.0,0.0,0.0,1.4693357,0.74926704,0.0,0.0,0.0,0.0,1.1727601,0.0,0.0,2.9938622,0.0,1.883616,0.74926704,0.0,0.0,0.74926704
0.0,0.0,0.0,0.0,0.0,0.0,0.8695384,0.0,0.0,0.0,0.0,0.8695384,0.0,0.0,0.0,0.0,0.0,2.8695855,0.0,0.0,0.0,0.0,0.8695384,0.8695384,0.0,0.0,0.0,0.0,0.8695384,0.8695384,0.8695384,0.8695384,0.0,0.0,0.8695384,0.0,0.0,0.0,2.370306,0.8695384,0.0,0.0,0.8695384,0.0,0.0,0.0,0.8695384,0.0,0.0,0.0,0.8695384,0.0,0.0,0.0,0.0,0.0,0.0,0.0,0.0,0.0,2.8695855,0.0,0.0,0.8695384,0.0,0.0,0.8695384,0.0,0.0,0.0,0.8695384,0.8695384,0.0,0.0,0.0,0.0,1.3275043,0.0,0.8695384,0.0,0.0,0.0,0.0,0.0,1.640438,0.8695384,0.0,0.8695384,1.640438,0.0,0.0,0.0,0.8695384,3.0813198,0.0,0.0,0.0,0.0,0.8695384,0.0
0.0,0.0,0.85012686,0.85012686,1.6133963,0.0,0.85012686,0.0,0.0,0.0,0.0,0.0,0.0,0.0,0.0,0.0,1.3028822,3.61573,0.0,0.0,0.0,0.0,0.0,0.0,0.0,0.0,0.0,0.0,0.0,0.0,0.0,0.0,0.0,0.0,0.0,0.85012686,0.0,0.0,2.4612584,0.85012686,0.0,0.0,0.0,0.0,0.0,0.0,1.3028822,0.0,0.0,0.0,0.85012686,0.0,0.0,0.0,0.0,0.0,0.0,0.0,0.0,0.85012686,3.3720713,1.3028822,0.0,0.0,0.0,1.3028822,0.0,0.0,0.0,0.0,0.0,0.85012686,0.0,0.85012686,0.0,0.0,0.85012686,0.0,0.0,0.85012686,0.85012686,0.0,0.0,0.0,1.849993,0.85012686,0.85012686,0.0,0.0,0.0,0.0,0.0,0.0,2.5695152,0.0,1.6133963,0.0,0.0,0.0,1.3028822
0.0,0.0,0.0,0.0,1.7592828,0.0,0.0,0.0,0.0,0.0,0.78939676,0.0,0.0,0.0,0.0,0.0,0.78939676,2.8808234,0.0,1.7592828,0.0,0.0,0.0,0.0,0.0,0.0,0.0,0.0,0.78939676,1.224991,0.0,0.0,0.0,0.0,0.0,0.0,0.0,0.78939676,2.3624132,1.5274038,0.0,0.0,0.78939676,0.0,0.0,0.78939676,1.9473859,0.0,0.0,0.0,0.0,0.0,0.0,0.0,0.0,0.0,0.0,0.0,0.0,0.0,2.6548424,1.5274038,0.0,0.0,0.0,0.0,0.78939676,0.0,0.0,0.0,0.0,0.78939676,1.224991,0.0,0.0,0.78939676,0.78939676,0.0,0.0,0.0,0.0,0.0,0.0,0.0,0.78939676,0.0,0.0,0.0,0.78939676,0.0,0.0,0.78939676,0.0,2.94607,0.0,1.5274038,0.0,0.0,0.0,0.78939676
0.0,0.0,0.66151947,1.558342,0.66151947,0.0,0.0,0.0,0.0,0.0,0.0,0.0,0.0,0.0,0.0,0.0,1.0562158,2.9833908,0.0,0.66151947,0.0,0.0,0.66151947,0.66151947,0.0,0.66151947,0.0,0.0,0.66151947,1.3384696,0.0,0.0,0.0,0.0,0.0,0.0,0.0,0.66151947,1.3384696,0.66151947,0.0,0.0,0.0,0.0,0.0,0.0,1.8910627,0.0,0.66151947,0.0,0.0,0.0,0.66151947,0.0,0.0,0.0,0.0,0.0,0.0,0.0,2.883639,0.66151947,0.0,1.3384696,0.0,0.66151947,0.0,0.66151947,0.0,0.0,0.0,0.66151947,0.0,0.0,0.66151947,0.0,0.66151947,1.3384696,0.0,0.0,0.0,0.66151947,0.66151947,0.0,1.7384769,0.0,0.0,0.0,0.0,0.0,0.0,0.66151947,0.0,2.9347582,0.0,1.0562158,0.0,0.66151947,0.0,1.0562158
0.0,1.323445,0.0,0.0,0.8663312,0.0,0.0,0.0,0.0,0.0,0.0,0.8663312,0.0,0.0,0.0,0.0,0.8663312,3.1957662,0.0,0.0,0.0,0.0,0.8663312,0.0,0.0,0.0,0.0,0.0,0.8663312,0.8663312,0.0,0.0,0.0,0.0,0.0,0.0,0.0,0.0,2.0657036,0.8663312,0.0,0.0,0.0,0.0,0.0,0.0,2.4870176,0.0,0.0,0.0,0.0,0.0,0.0,0.0,0.0,0.8663312,0.0,0.0,0.0,0.0,3.0103438,0.0,0.0,0.0,1.323445,1.323445,0.0,0.0,0.0,0.0,0.8663312,0.8663312,0.0,0.8663312,0.0,0.0,0.0,0.0,0.8663312,0.0,0.8663312,0.0,0.8663312,0.0,2.0657036,0.0,0.0,0.0,0.0,0.8663312,0.0,1.323445,0.0,3.0103438,0.0,1.323445,0.0,0.8663312,0.0,0.0
0.0,0.0,0.0,0.0,0.7486207,0.0,0.0,0.0,0.0,0.0,0.0,0.0,0.0,0.0,0.0,0.0,0.0,2.9352024,0.0,1.1719135,0.7486207,0.0,0.0,0.0,0.0,0.7486207,0.0,0.0,0.0,0.0,0.0,0.0,0.0,0.0,0.0,0.0,0.0,0.0,2.665072,1.1719135,0.0,0.0,0.0,0.0,0.0,0.0,2.1745896,0.0,0.0,0.0,0.0,0.0,0.0,0.0,0.0,0.0,0.0,0.0,0.0,1.1719135,3.1944077,0.0,0.0,0.7486207,0.0,0.7486207,0.0,0.7486207,0.0,0.0,0.0,0.7486207,0.7486207,0.0,0.0,0.0,1.1719135,0.0,0.0,0.7486207,0.0,0.7486207,0.0,0.0,1.1719135,0.0,0.0,0.0,0.0,0.0,0.7486207,1.1719135,0.0,2.4003232,0.0,1.696776,0.7486207,0.0,0.0,1.1719135
0.0,0.61942184,0.61942184,0.61942184,1.9466207,0.0,0.61942184,0.0,0.0,0.0,0.0,0.0,0.0,0.0,0.0,0.0,0.61942184,3.1111276,0.0,0.0,0.0,0.0,0.0,0.0,0.0,0.0,0.0,0.0,0.0,0.9990524,0.0,0.0,0.0,0.0,0.0,0.0,0.0,0.9990524,2.1656976,0.0,0.61942184,0.61942184,0.61942184,0.61942184,0.0,0.0,1.9466207,0.0,0.0,0.0,0.0,0.0,0.0,0.0,0.0,0.61942184,0.0,0.0,0.0,0.0,3.2533836,1.2735626,0.0,0.0,0.0,0.9990524,0.9990524,0.0,0.0,0.0,0.0,0.9990524,1.2735626,0.0,0.0,0.61942184,1.2735626,0.61942184,0.61942184,0.0,0.0,0.61942184,0.0,0.0,1.9466207,0.0,0.0,0.61942184,0.0,0.0,0.0,0.9990524,0.0,2.8506613,0.0,0.9990524,0.61942184,0.61942184,0.0,0.61942184
0.8798907,0.0,0.53375167,0.53375167,0.0,0.0,0.53375167,0.0,0.0,0.0,0.0,0.0,0.0,0.8798907,0.0,0.0,0.0,2.8863435,0.0,0.0,0.0,0.0,0.0,0.0,0.0,0.0,0.0,0.0,1.1365355,0.8798907,0.0,0.0,0.0,0.0,0.53375167,0.0,0.0,0.0,2.5083864,0.53375167,0.0,0.0,0.0,0.0,0.0,0.0,2.2474759,0.0,0.53375167,0.0,0.0,0.0,0.0,0.0,0.0,0.0,0.0,0.0,0.53375167,0.0,2.9979093,0.0,0.0,0.53375167,0.0,0.0,1.1365355,1.3405834,0.0,0.0,0.53375167,0.8798907,0.0,0.53375167,0.0,0.0,0.8798907,0.0,0.53375167,0.0,0.0,0.0,0.0,0.0,1.1365355,0.0,0.8798907,0.8798907,0.53375167,0.0,0.0,0.53375167,0.0,2.715116,0.0,1.3405834,0.53375167,0.0,0.0,1.1365355
0.0,0.0,0.0,1.1786463,1.1786463,0.0,0.75376517,0.0,0.75376517,0.0,0.0,0.0,0.0,0.75376517,0.0,0.0,1.1786463,3.2484226,0.0,1.1786463,0.0,0.0,1.1786463,0.0,0.75376517,0.0,0.0,0.75376517,0.0,0.75376517,0.0,0.0,0.0,0.0,0.0,0.0,0.0,0.0,1.8908398,0.75376517,0.0,0.0,0.75376517,0.0,0.0,0.75376517,2.4091835,0.0,0.75376517,0.0,0.0,0.0,0.0,0.0,0.0,1.1786463,0.0,0.0,0.0,0.0,3.4094841,1.1786463,0.0,0.0,0.0,0.0,0.0,1.1786463,0.0,0.0,0.0,0.0,0.0,0.75376517,0.0,0.0,1.1786463,0.75376517,0.0,0.0,0.0,0.75376517,0.0,0.75376517,1.4758968,0.0,0.75376517,1.1786463,0.0,0.0,0.0,0.75376517,0.0,3.001951,0.75376517,0.75376517,0.75376517,0.75376517,0.0,1.1786463
0.6171332,0.0,0.6171332,0.0,0.0,0.0,0.0,0.0,0.0,0.0,0.0,0.0,0.0,0.0,0.0,0.6171332,0.0,2.894371,0.0,0.6171332,0.0,0.0,1.2699907,0.9959197,0.0,0.0,0.0,0.0,0.0,0.9959197,0.6171332,0.0,0.0,0.0,0.0,0.0,0.0,0.0,2.492948,0.6171332,0.0,0.0,0.6171332,0.0,0.0,0.0,2.1613047,0.0,0.0,0.0,0.0,0.0,0.0,0.0,0.0,0.0,0.0,0.0,0.0,0.6171332,2.894371,0.0,0.0,0.6171332,0.0,0.6171332,2.0578158,0.9959197,0.0,0.0,0.0,0.0,0.0,0.0,0.6171332,0.6171332,0.6171332,0.9959197,0.0,0.6171332,0.0,0.0,0.6171332,0.6171332,1.9423676,0.0,0.0,0.6171332,0.6171332,0.0,0.9959197,0.6171332,0.6171332,3.0268893,0.0,0.9959197,0.0,0.6171332,0.0,0.0
0.0,0.74055195,0.0,1.6842431,1.1613321,0.0,0.74055195,0.0,0.0,0.0,0.0,0.0,0.0,0.0,0.0,0.0,1.1613321,4.15158,0.0,0.0,0.0,0.0,1.1613321,0.0,0.0,0.0,0.0,0.0,0.0,1.1613321,1.1613321,0.0,0.0,0.0,0.0,0.0,0.0,0.0,2.0258503,1.1613321,0.0,0.0,0.74055195,0.0,0.0,0.0,1.1613321,0.0,0.74055195,0.0,0.74055195,0.0,0.0,0.0,0.0,0.0,0.0,0.0,0.0,0.0,2.9781067,1.6842431,0.0,0.74055195,0.0,1.6842431,0.74055195,0.0,0.74055195,0.0,0.74055195,0.74055195,0.74055195,1.1613321,0.0,0.0,1.1613321,0.0,0.0,0.0,0.0,1.1613321,0.74055195,0.0,1.4565846,0.74055195,0.0,0.74055195,0.0,0.74055195,0.74055195,1.1613321,0.0,3.132963,0.0,0.74055195,0.0,0.0,0.0,0.0
0.0,0.0,0.0,0.7615919,1.188869,0.0,0.0,0.0,0.0,0.0,0.0,0.0,0.0,0.0,0.7615919,0.0,0.0,3.1220114,0.0,1.4872813,0.0,0.0,0.0,0.0,0.0,0.0,0.0,0.0,0.0,0.7615919,0.0,0.0,0.0,0.0,0.0,0.0,0.0,0.0,1.9033625,0.0,0.0,0.0,0.0,0.0,0.0,0.7615919,1.9033625,0.0,1.188869,0.0,0.0,0.0,0.0,0.0,0.0,1.188869,0.0,0.0,0.0,0.0,3.0703893,1.9033625,0.0,0.7615919,0.0,0.7615919,0.0,1.188869,0.0,0.0,0.0,0.0,0.7615919,0.7615919,0.7615919,0.0,0.0,0.0,0.0,0.0,1.188869,0.0,0.0,0.0,1.9033625,0.0,0.0,0.0,0.7615919,0.0,0.0,0.0,0.0,3.0159566,0.0,0.0,0.0,0.0,0.0,1.188869
0.0,1.2775927,0.0,0.8302952,0.0,0.0,0.0,0.0,0.0,0.0,0.0,0.0,0.0,0.0,0.0,0.0,1.2775927,2.805053,0.0,0.0,0.0,0.0,0.0,0.0,0.0,0.0,0.0,0.0,0.0,1.2775927,0.0,0.0,0.8302952,0.0,0.0,0.0,0.0,0.0,2.0108922,0.0,0.0,0.0,0.0,0.0,0.0,0.0,1.5855525,0.0,0.0,0.0,0.0,0.0,0.0,0.0,0.0,0.8302952,0.0,0.8302952,0.0,0.8302952,3.0774934,0.0,0.0,0.8302952,0.0,0.8302952,0.0,0.8302952,0.0,0.0,0.0,0.0,0.0,0.0,0.0,0.0,0.0,0.8302952,0.8302952,0.8302952,0.0,0.0,0.0,0.0,1.5855525,0.0,0.8302952,0.8302952,0.0,0.0,0.0,0.0,0.0,3.2913795,0.0,0.0,0.0,0.0,0.0,1.2775927
0.0,0.0,0.0,0.0,0.0,0.0,0.6693285,0.0,0.0,0.0,0.0,0.0,0.0,0.6693285,0.0,0.0,0.6693285,2.898817,0.0,0.0,0.0,0.0,0.0,0.0,0.0,0.0,0.6693285,0.0,0.0,1.0667263,0.0,0.0,1.0667263,0.0,0.0,0.0,0.0,1.3503501,1.5710509,0.0,0.0,0.0,0.0,0.0,0.0,0.6693285,2.037379,0.0,0.0,0.0,0.0,0.0,0.0,0.0,0.0,0.6693285,0.0,0.0,0.0,0.0,2.844894,0.0,0.0,1.7517405,0.0,0.0,0.0,0.0,0.0,0.0,0.0,0.6693285,0.0,0.0,0.0,0.0,0.0,0.6693285,0.0,0.0,0.0,1.5710509,0.0,0.0,2.3541574,0.0,0.0,0.6693285,0.0,0.6693285,0.0,1.0667263,0.0,3.0450668,0.0,0.6693285,0.0,0.0,0.0,0.6693285
0.0,0.7479169,0.0,1.1709917,0.0,0.0,0.7479169,0.7479169,0.0,0.0,0.0,0.0,0.0,0.7479169,0.0,0.0,1.4673636,3.5692632,0.0,0.0,0.0,0.0,0.0,0.0,0.0,0.0,0.0,0.0,0.7479169,1.1709917,0.0,0.0,0.7479169,0.0,0.0,0.0,0.0,0.7479169,2.1734056,0.7479169,0.0,0.0,0.0,0.7479169,0.0,0.7479169,1.8814437,0.0,0.0,0.0,0.0,0.0,0.0,0.0,0.0,0.0,0.0,0.0,0.0,0.0,3.1463866,0.7479169,0.0,1.1709917,0.0,1.1709917,0.7479169,0.7479169,0.0,0.0,0.0,0.0,0.7479169,0.7479169,0.0,0.0,0.0,1.1709917,0.0,1.1709917,0.0,0.0,0.0,0.0,1.4673636,0.0,0.0,1.1709917,0.0,0.0,0.7479169,0.0,0.0,3.0973542,0.0,0.0,0.0,0.0,0.0,0.7479169
0.0,0.61666185,0.61666185,0.0,0.0,0.0,0.61666185,0.0,0.0,0.0,0.0,0.0,0.0,0.0,0.0,0.0,0.0,3.3424184,0.0,0.9952742,0.0,0.0,1.2692544,0.61666185,0.0,0.0,0.0,0.0,0.61666185,1.8109734,1.6608276,0.0,0.0,0.0,0.0,0.0,0.61666185,0.61666185,1.8109734,0.9952742,0.0,0.61666185,0.9952742,0.0,0.61666185,0.61666185,1.9414905,0.0,0.0,0.0,0.0,0.0,0.0,0.0,0.0,0.61666185,0.0,0.0,0.0,0.61666185,2.339887,0.0,0.0,1.484086,0.61666185,0.0,0.0,0.61666185,0.0,0.0,0.0,0.0,0.0,0.0,0.0,0.0,0.0,1.2692544,0.0,0.0,0.0,0.61666185,0.0,0.61666185,2.339887,0.0,0.9952742,0.0,0.61666185,0.9952742,0.61666185,1.6608276,0.9952742,3.651184,0.0,1.2692544,0.0,1.2692544,0.0,0.0
0.47705477,0.47705477,0.0,0.0,0.0,0.0,0.0,0.0,0.0,0.0,0.0,0.0,0.0,0.0,0.0,0.47705477,0.7986972,3.1876009,0.0,0.47705477,0.0,0.0,0.0,0.47705477,0.47705477,0.0,0.47705477,0.0,1.2370071,1.5407157,0.0,0.0,0.47705477,0.0,0.0,0.0,0.47705477,0.47705477,1.4003472,1.2370071,0.0,0.47705477,0.0,0.0,0.0,0.0,1.2370071,0.0,0.0,0.0,0.0,0.0,0.47705477,0.0,0.0,0.0,0.0,0.0,0.0,1.0416768,3.2125175,0.7986972,0.0,1.2370071,0.0,0.47705477,0.47705477,0.7986972,0.0,0.0,0.0,0.47705477,0.0,0.7986972,0.47705477,0.47705477,1.0416768,1.0416768,0.0,0.0,0.47705477,0.7986972,0.0,0.0,2.257431,0.0,0.7986972,0.47705477,0.47705477,0.0,0.0,0.47705477,0.0,3.1620474,0.47705477,0.7986972,0.0,0.7986972,0.47705477,1.0416768
0.882084,0.0,0.0,0.0,0.0,0.0,0.0,0.0,0.0,0.0,0.0,0.0,0.0,0.0,0.0,0.882084,0.0,3.2495508,0.0,0.882084,0.0,0.0,0.0,0.5353024,0.0,0.0,0.0,0.0,0.0,1.6578065,0.0,0.0,0.5353024,0.0,0.0,0.0,0.0,0.0,2.089348,0.882084,0.0,0.0,0.0,0.5353024,0.0,0.0,1.3433499,0.0,0.5353024,0.0,0.5353024,0.0,0.0,0.0,0.0,0.882084,0.0,0.0,0.0,0.0,3.5135248,0.5353024,0.0,0.5353024,0.0,1.1390802,0.0,0.882084,0.0,0.0,0.0,0.5353024,0.0,0.0,0.0,0.0,0.5353024,0.0,0.0,0.0,0.0,0.0,0.0,0.0,1.3433499,0.5353024,0.5353024,0.882084,0.0,0.0,0.0,0.5353024,0.5353024,3.001468,0.0,1.1390802,0.0,0.0,0.0,0.882084
0.0,0.0,0.0,0.0,0.0,0.5102396,0.0,0.0,0.0,0.0,0.0,0.0,0.5102396,0.5102396,0.0,0.0,0.0,3.1340923,0.0,1.4652098,0.0,0.0,0.0,0.0,0.0,0.84646064,0.5102396,0.0,0.0,1.4652098,0.0,0.0,0.0,0.0,0.0,0.0,0.84646064,0.0,2.396563,1.4652098,0.0,0.0,0.0,0.0,0.5102396,0.0,1.7333943,0.0,0.84646064,0.0,0.0,0.0,0.0,0.0,0.0,0.5102396,0.0,0.0,0.0,0.0,3.2437847,0.5102396,0.0,0.5102396,0.5102396,0.0,0.5102396,0.5102396,0.0,0.0,0.84646064,0.5102396,0.0,0.84646064,0.0,0.0,1.0976355,0.0,0.0,0.0,0.5102396,0.5102396,0.0,0.0,1.2982173,0.5102396,0.0,0.5102396,0.5102396,0.0,0.0,0.5102396,0.0,3.2944255,0.0,1.4652098,0.5102396,1.0976355,0.5102396,0.5102396
0.0,0.34173107,0.34173107,0.0,0.0,0.0,0.34173107,0.0,0.0,0.0,0.0,0.0,0.0,0.34173107,0.0,0.0,0.0,2.7514763,0.0,1.3485074,0.0,0.0,0.59595513,0.0,0.0,0.0,0.0,0.0,0.34173107,1.1108402,0.34173107,0.0,0.0,0.34173107,0.0,0.0,0.34173107,0.0,1.701324,0.96680397,0.0,0.0,0.59595513,0.0,0.0,0.0,1.9616044,0.0,0.34173107,0.0,0.0,0.0,0.0,0.0,0.0,0.34173107,0.0,0.0,0.34173107,0.0,3.3426702,0.7984731,0.0,0.96680397,0.34173107,1.1108402,0.34173107,0.59595513,0.0,0.0,0.0,0.0,0.0,0.96680397,0.34173107,0.0,0.59595513,0.0,0.0,0.34173107,0.0,0.34173107,0.0,0.34173107,2.070084,0.34173107,0.0,0.0,0.0,0.0,0.0,1.3485074,0.0,2.8737144,0.0,0.59595513,0.34173107,0.0,0.34173107,0.34173107
1.3299536,0.0,0.0,0.0,0.0,0.0,0.0,0.0,0.0,0.0,1.3299536,0.0,0.0,0.0,0.0,0.0,0.0,3.1461735,0.0,0.0,0.0,0.0,0.0,0.0,0.0,0.0,0.0,0.0,0.0,0.0,0.0,0.0,0.0,0.0,0.0,0.0,0.0,0.0,2.2345848,0.0,0.0,0.0,0.0,0.0,0.0,0.0,1.3299536,0.0,0.0,0.0,1.3299536,0.0,0.0,0.0,0.0,1.3299536,0.0,0.0,0.0,0.0,2.4951432,0.0,0.0,0.0,0.0,1.3299536,0.0,1.3299536,0.0,0.0,0.0,0.0,0.0,0.0,1.3299536,0.0,0.0,0.0,0.0,0.0,0.0,0.0,0.0,0.0,1.3299536,0.0,0.0,0.0,1.3299536,0.0,0.0,0.0,0.0,2.7016523,0.0,1.3299536,0.0,0.0,0.0,0.0
1.0266843,0.0,1.0266843,0.0,0.0,0.0,0.0,0.0,0.0,0.0,0.0,0.0,0.0,0.0,0.0,0.0,1.8524438,3.6993113,0.0,0.0,0.0,0.0,0.0,0.0,0.0,1.0266843,0.0,0.0,1.5224819,1.0266843,0.0,0.0,0.0,0.0,0.0,0.0,0.0,0.0,2.2984734,1.0266843,0.0,0.0,0.0,0.0,0.0,1.0266843,2.100123,0.0,0.0,0.0,0.0,0.0,0.0,0.0,0.0,1.0266843,0.0,0.0,0.0,0.0,3.1902013,1.0266843,0.0,0.0,1.0266843,0.0,1.0266843,0.0,0.0,0.0,0.0,1.0266843,0.0,2.100123,0.0,0.0,1.0266843,0.0,0.0,0.0,0.0,0.0,0.0,0.0,1.5224819,0.0,0.0,0.0,0.0,0.0,0.0,0.0,0.0,2.7300954,0.0,0.0,1.0266843,0.0,0.0,0.0
0.7951493,0.0,0.0,0.0,0.7951493,0.0,0.0,0.0,0.0,0.0,0.0,0.0,0.0,0.7951493,0.0,0.0,0.7951493,3.365216,0.0,0.7951493,0.0,0.0,0.0,0.0,0.0,0.0,0.0,0.0,0.7951493,1.2324271,0.7951493,0.0,0.0,0.0,0.0,0.0,0.0,0.7951493,1.5356438,0.0,0.0,0.7951493,0.0,0.0,0.0,0.0,2.2516499,0.0,0.0,0.0,0.0,0.0,0.0,0.0,0.0,1.5356438,0.0,0.7951493,0.0,0.0,2.479303,0.0,0.7951493,0.7951493,0.0,0.7951493,0.0,0.7951493,0.0,0.0,0.0,0.0,0.0,0.7951493,0.0,0.0,0.7951493,0.0,0.7951493,0.0,0.0,0.0,0.0,0.0,1.5356438,0.7951493,0.0,0.0,0.0,0.0,0.0,0.7951493,0.0,2.8209045,0.0,0.0,0.0,0.0,0.0,0.0
0.0,0.0,0.0,0.0,0.0,0.0,0.8281115,0.0,0.0,0.8281115,0.0,0.0,0.0,0.0,0.0,0.0,0.0,3.0123377,0.0,0.8281115,0.0,0.0,0.0,0.8281115,0.0,0.0,0.0,0.0,0.0,1.2747996,0.0,0.0,0.8281115,0.0,0.0,0.0,0.0,0.0,1.5824728,1.5824728,0.0,0.0,0.0,0.0,0.0,0.0,1.2747996,0.0,0.0,0.0,0.0,0.0,0.0,0.0,0.8281115,0.8281115,0.0,0.8281115,0.0,0.0,2.4258585,0.0,0.0,0.8281115,0.0,0.0,1.2747996,0.8281115,0.0,0.0,0.0,0.0,0.0,0.0,0.0,1.5824728,0.0,1.2747996,0.0,0.0,0.0,0.0,0.8281115,0.0,1.5824728,0.0,0.8281115,0.8281115,0.0,0.0,0.0,1.2747996,0.0,3.2876494,0.0,0.8281115,0.0,0.0,0.0,0.0
0.0,0.0,0.7882174,0.0,0.0,0.0,0.0,0.7882174,0.0,0.0,0.0,0.0,0.0,0.0,0.7882174,0.0,0.0,2.733956,0.0,0.7882174,0.0,0.0,0.0,0.0,0.0,0.7882174,0.0,0.0,0.0,1.223465,0.7882174,0.0,0.7882174,0.0,0.0,0.0,0.7882174,0.0,1.525712,0.0,0.0,0.7882174,0.7882174,0.0,0.0,0.0,2.1037478,0.0,0.0,0.0,0.0,0.0,0.0,0.0,0.0,0.0,0.0,0.0,0.0,0.0,2.5645432,0.0,0.0,0.0,0.0,0.0,0.0,0.7882174,0.0,0.0,0.0,0.0,0.0,0.0,0.7882174,0.0,0.7882174,1.223465,0.0,0.0,0.0,0.7882174,0.0,0.0,1.525712,0.0,0.0,0.7882174,0.0,0.7882174,0.0,0.0,1.223465,2.8089893,0.0,0.7882174,0.0,0.0,0.0,0.0
0.9599644,0.0,0.0,0.0,0.0,0.0,0.0,0.0,0.0,0.0,0.0,0.0,0.0,0.9599644,0.9599644,0.0,0.0,3.2878666,0.0,0.0,0.0,0.0,0.9599644,0.0,0.0,0.0,0.0,0.0,0.9599644,1.7638419,0.0,0.0,0.0,0.0,0.0,0.0,0.0,0.0,1.7638419,0.9599644,0.9599644,0.0,0.0,0.0,0.0,0.0,1.4405948,0.0,0.0,0.0,0.0,0.0,0.0,0.0,0.0,0.0,0.0,0.0,0.0,0.0,2.9300003,0.0,0.9599644,0.9599644,0.0,0.9599644,1.4405948,0.0,0.0,0.0,0.0,0.9599644,0.9599644,0.9599644,0.9599644,0.0,0.9599644,0.0,0.0,0.9599644,0.0,0.0,0.0,0.0,2.2036502,0.0,0.0,0.0,0.0,0.0,0.0,1.4405948,0.0,2.840016,0.0,0.0,1.4405948,0.0,0.0,1.4405948
0.0,0.0,0.0,0.0,0.0,0.0,0.0,0.0,0.0,0.0,0.0,0.0,0.0,0.0,0.0,0.0,0.0,2.9917085,0.0,0.6657679,0.0,0.0,0.0,0.0,0.0,0.0,0.0,0.0,0.0,0.0,0.0,0.0,0.0,0.0,0.0,0.0,0.0,0.0,1.5652639,1.3449391,0.0,0.0,0.6657679,0.0,0.0,0.0,1.3449391,0.0,1.0619375,0.0,0.0,0.0,0.0,0.0,0.0,0.0,0.0,0.6657679,0.0,1.0619375,2.1480198,1.0619375,0.0,0.6657679,0.0,0.0,0.6657679,0.0,0.0,0.0,0.0,0.0,0.6657679,1.3449391,0.0,0.0,0.0,0.0,0.0,0.0,0.0,0.6657679,0.0,0.0,1.0619375,0.6657679,0.0,0.6657679,0.0,0.0,0.0,0.0,0.0,2.2527494,0.0,1.3449391,1.0619375,0.6657679,0.0,0.0
0.0,0.7944171,0.7944171,0.0,0.7944171,0.0,0.7944171,0.0,0.0,0.0,0.0,0.0,0.0,0.0,0.0,0.7944171,0.0,2.7445626,0.0,1.2314813,0.0,0.0,0.0,0.7944171,0.0,0.0,0.0,0.0,0.0,1.7668864,0.0,0.0,0.7944171,0.0,0.0,0.7944171,0.0,0.0,2.1137106,0.0,0.0,0.0,0.0,0.0,0.0,0.0,1.7668864,0.0,0.0,0.0,0.0,0.0,0.0,0.0,0.0,1.2314813,0.0,0.0,0.0,0.0,2.5750144,0.0,0.0,0.7944171,0.0,0.0,0.0,1.5345962,0.0,0.0,0.0,0.0,0.0,0.0,0.0,0.0,0.7944171,0.7944171,0.0,0.0,0.0,0.0,0.7944171,0.0,1.5345962,0.7944171,0.7944171,1.2314813,0.0,0.0,0.0,1.2314813,0.0,3.016045,0.0,0.7944171,0.0,0.0,0.0,0.7944171
0.0,1.4014076,0.0,0.0,0.0,0.0,0.0,0.0,0.0,0.0,0.0,0.92839956,0.0,0.92839956,0.0,0.0,0.0,3.5007281,0.0,0.92839956,0.0,0.0,0.92839956,0.0,0.0,0.0,0.0,0.0,0.0,0.0,0.0,0.0,0.0,0.0,0.0,0.0,0.0,0.0,0.92839956,0.0,0.0,0.0,0.0,0.0,0.0,0.92839956,1.9631639,0.0,0.92839956,0.0,0.0,0.0,0.0,0.0,0.0,0.0,0.0,0.0,0.0,0.0,2.9634917,0.0,0.0,0.0,0.0,0.0,0.92839956,0.92839956,0.0,0.0,0.92839956,0.0,0.0,0.0,0.0,0.0,0.0,0.0,0.0,0.0,0.0,0.0,0.0,0.0,2.3206937,0.0,0.0,0.0,0.92839956,0.92839956,0.0,0.0,0.0,3.1762538,0.0,0.0,0.0,0.92839956,0.0,1.4014076
0.0,0.0,0.0,0.0,0.0,0.76446366,0.0,0.0,0.0,0.76446366,0.0,0.0,0.0,0.0,0.76446366,0.0,1.7212241,2.9634917,0.0,1.4914483,0.0,0.0,0.0,0.0,0.0,0.0,0.0,0.0,0.76446366,1.1926137,0.0,0.0,0.0,0.0,0.76446366,0.0,0.0,0.0,2.0652225,0.76446366,0.0,0.0,0.76446366,0.0,0.0,0.0,2.0652225,0.0,0.0,0.0,0.0,0.0,0.0,0.0,0.0,0.76446366,0.0,0.0,0.0,0.0,3.1271553,0.76446366,0.0,1.1926137,0.0,0.76446366,0.0,0.76446366,0.0,0.0,0.0,0.0,0.0,0.0,0.0,0.0,0.0,0.76446366,0.0,0.0,0.76446366,0.76446366,0.0,0.0,2.2010942,0.0,0.0,0.76446366,0.0,0.0,0.0,1.7212241,0.0,2.9634917,0.0,0.0,0.0,0.0,0.0,0.0
0.6702598,0.0,0.0,1.0679779,0.0,0.0,0.0,0.6702598,0.0,0.0,0.0,0.0,0.0,0.0,0.0,0.0,1.5725623,4.6903033,0.0,1.3517637,0.0,0.0,1.3517637,0.0,0.0,0.0,0.0,0.0,0.6702598,0.6702598,0.6702598,0.0,0.6702598,0.0,0.0,0.0,0.0,0.6702598,2.0390382,1.0679779,0.0,0.0,0.0,0.0,0.0,0.0,1.5725623,0.0,0.6702598,0.0,0.0,0.0,0.0,0.0,0.0,0.0,0.0,0.6702598,0.0,0.0,3.091242,0.6702598,0.0,1.5725623,0.0,0.6702598,0.6702598,0.6702598,0.0,0.0,0.0,0.0,1.0679779,0.0,0.0,0.0,0.0,1.0679779,0.0,0.0,0.0,0.0,0.0,0.0,1.7533176,0.0,0.0,0.0,0.0,0.0,0.0,0.6702598,0.0,2.9517884,0.0,0.6702598,0.6702598,0.6702598,0.0,0.0
0.0,0.71761453,0.0,0.0,0.0,0.0,0.0,0.0,0.0,0.0,0.0,0.0,0.0,0.0,0.0,0.0,0.71761453,2.6840305,0.0,0.71761453,0.0,0.0,0.0,0.0,0.0,0.0,0.0,0.0,0.0,1.4227744,0.0,0.0,0.0,0.0,0.0,0.71761453,0.0,0.71761453,1.6483034,0.71761453,0.0,0.0,0.0,0.0,0.0,0.71761453,0.71761453,0.0,0.71761453,0.0,0.0,0.0,0.0,0.0,0.0,1.1311042,0.0,0.71761453,0.0,0.0,2.9360964,0.0,0.0,0.0,0.0,0.0,0.71761453,0.71761453,0.0,0.0,0.71761453,0.0,0.0,1.6483034,0.0,0.71761453,0.71761453,0.0,0.0,0.0,0.71761453,0.0,0.0,0.0,1.9874947,0.0,0.0,0.71761453,0.0,0.0,0.0,1.1311042,0.0,2.9360964,0.0,0.71761453,0.0,0.71761453,0.0,1.1311042
0.0,1.1133602,0.70422846,1.1133602,1.6271095,0.0,0.0,0.70422846,0.0,0.0,0.0,0.0,0.0,0.0,0.0,0.0,0.70422846,3.828219,0.0,1.6271095,0.0,0.0,0.70422846,0.0,0.0,0.0,0.0,0.0,0.0,0.70422846,1.1133602,0.0,0.0,0.0,0.0,0.0,0.0,0.0,1.8101606,1.4028707,0.0,0.0,0.0,0.0,1.1133602,1.4028707,1.4028707,0.0,0.0,0.0,0.0,0.0,0.0,0.0,0.0,0.0,0.0,0.0,0.0,0.0,2.7932665,1.1133602,0.70422846,0.70422846,0.0,0.0,0.0,0.70422846,0.0,0.0,1.1133602,0.70422846,0.70422846,0.0,0.0,1.1133602,0.0,0.70422846,0.0,0.0,0.0,0.0,0.70422846,0.0,1.6271095,0.70422846,0.0,0.0,0.0,0.70422846,0.0,0.0,0.0,3.065525,0.0,1.1133602,0.0,1.1133602,0.0,0.0
0.0,0.8326379,0.0,0.0,0.0,0.0,0.0,0.0,0.0,0.0,0.0,0.0,0.8326379,0.0,0.0,0.0,0.0,4.969337,0.0,1.5888534,0.0,0.0,1.5888534,0.0,0.0,0.8326379,0.0,0.0,0.0,1.8241467,0.8326379,0.0,0.8326379,0.8326379,0.0,0.0,0.0,0.0,1.5888534,0.8326379,0.0,0.0,0.8326379,0.8326379,0.0,0.0,0.8326379,0.0,0.0,0.0,0.0,0.0,0.0,0.0,0.0,1.2805872,0.0,0.0,0.0,0.0,2.8843477,0.8326379,0.8326379,0.8326379,0.0,1.2805872,0.0,0.0,0.0,0.0,0.0,0.8326379,0.0,0.0,0.0,0.0,0.8326379,0.0,0.0,0.0,0.0,0.0,0.0,0.0,2.5411599,0.0,0.0,0.8326379,0.0,0.0,0.0,0.0,0.8326379,3.2460299,0.0,1.2805872,0.0,0.0,0.8326379,0.0
0.0,1.3174089,0.0,0.6477547,1.0376194,0.0,0.0,0.0,1.0376194,0.0,0.0,0.0,0.0,0.6477547,0.0,0.6477547,0.6477547,3.759274,0.0,0.6477547,0.0,0.0,0.0,0.6477547,0.0,0.0,0.6477547,0.0,0.6477547,0.6477547,1.0376194,0.0,0.0,0.0,0.0,0.0,0.0,0.0,1.8667848,0.0,0.0,0.0,0.0,0.0,0.0,0.0,2.3137672,0.0,0.6477547,0.0,0.6477547,0.0,0.0,0.0,0.0,1.0376194,0.0,0.6477547,0.0,0.6477547,2.7459826,0.6477547,0.0,0.6477547,0.6477547,1.0376194,0.6477547,1.0376194,0.6477547,0.0,0.0,0.6477547,1.0376194,0.0,0.0,0.0,0.6477547,0.0,0.0,0.0,0.0,0.6477547,0.0,0.0,1.3174089,1.0376194,1.0376194,0.0,0.0,0.0,0.6477547,1.3174089,0.0,2.9076467,0.0,1.5357869,0.0,0.0,0.0,0.6477547
0.0,1.1246758,0.0,0.0,0.7127582,0.0,0.0,0.0,0.0,0.0,0.0,0.0,1.1246758,0.0,0.0,0.0,0.7127582,3.5033894,0.0,1.1246758,0.0,0.0,0.0,0.0,0.0,0.0,0.0,0.0,0.0,0.7127582,1.6406335,0.0,0.0,0.0,0.7127582,0.0,0.7127582,0.7127582,2.5205715,0.0,0.0,0.7127582,0.7127582,0.0,0.0,0.7127582,1.6406335,0.7127582,0.0,0.0,0.0,0.7127582,0.0,0.0,0.0,0.0,0.0,0.0,0.0,0.7127582,2.9270976,0.7127582,0.0,1.6406335,0.0,0.0,0.0,0.7127582,0.0,0.0,0.0,0.0,0.0,0.7127582,0.7127582,0.0,1.6406335,0.7127582,0.7127582,0.0,0.0,0.0,0.0,0.0,2.1135125,0.0,0.0,0.7127582,0.7127582,0.0,0.0,0.7127582,0.0,3.2561955,0.7127582,0.7127582,1.1246758,1.1246758,0.7127582,0.0
0.0,0.0,0.0,0.6137327,0.9912602,0.0,0.0,0.0,0.0,0.0,0.0,0.0,0.6137327,0.0,0.0,0.0,1.6556667,4.0266976,0.0,0.9912602,0.0,0.0,0.6137327,0.0,0.0,0.9912602,0.0,0.0,0.0,0.6137327,0.6137327,0.0,0.0,0.0,0.0,0.0,0.0,0.6137327,2.4861627,0.9912602,0.0,0.6137327,0.0,0.0,0.0,0.6137327,1.9360327,0.0,0.0,0.0,0.6137327,0.0,0.0,0.0,0.0,0.0,0.6137327,0.0,0.0,0.0,2.9776146,1.4791597,0.0,0.0,0.0,0.0,0.6137327,0.0,0.0,0.0,0.6137327,0.0,0.6137327,0.6137327,0.6137327,0.6137327,0.6137327,0.0,0.0,0.0,0.0,0.9912602,0.9912602,0.0,1.9360327,0.0,0.9912602,0.6137327,0.0,0.9912602,0.0,0.6137327,0.6137327,2.7346492,0.0,1.8056433,0.0,0.0,0.0,0.0
0.0,0.0,0.0,0.0,0.0,0.0,2.409798,0.0,0.0,0.0,0.0,0.0,0.0,0.0,0.0,0.0,0.0,3.0569885,0.0,0.0,0.0,0.0,0.0,0.0,0.0,2.409798,0.0,0.0,0.0,0.0,0.0,0.0,0.0,0.0,0.0,0.0,0.0,0.0,0.0,0.0,0.0,0.0,0.0,0.0,0.0,0.0,2.409798,0.0,0.0,0.0,0.0,0.0,0.0,0.0,0.0,0.0,0.0,0.0,0.0,0.0,3.944656,2.409798,0.0,0.0,2.409798,0.0,0.0,0.0,0.0,0.0,0.0,2.409798,0.0,0.0,0.0,0.0,0.0,0.0,0.0,0.0,0.0,0.0,0.0,0.0,2.409798,0.0,0.0,0.0,0.0,0.0,0.0,0.0,0.0,0.0,0.0,0.0,0.0,0.0,0.0,0.0
0.0,0.0,0.0,0.0,0.0,0.0,0.0,0.0,0.0,0.0,0.0,0.0,0.0,0.0,1.0845461,0.0,0.0,3.590322,0.0,0.0,0.0,0.0,0.0,0.0,0.0,0.0,0.0,0.0,1.0845461,0.0,1.0845461,0.0,0.0,0.0,0.0,0.0,0.0,0.0,1.5925345,0.0,0.0,0.0,0.0,0.0,0.0,0.0,1.9277884,0.0,0.0,0.0,0.0,0.0,0.0,0.0,0.0,1.0845461,0.0,0.0,0.0,0.0,2.54542,0.0,0.0,0.0,0.0,1.0845461,0.0,0.0,0.0,1.0845461,0.0,0.0,1.0845461,1.0845461,1.0845461,0.0,1.0845461,0.0,0.0,0.0,0.0,0.0,0.0,0.0,1.0845461,0.0,0.0,1.5925345,0.0,0.0,0.0,0.0,0.0,2.813297,0.0,1.5925345,1.5925345,0.0,0.0,0.0
0.0,0.0,0.0,0.0,0.0,0.0,0.0,0.0,0.0,0.847679,0.847679,0.0,0.0,0.847679,0.0,0.0,0.0,3.3679397,0.0,0.0,0.0,0.0,0.0,0.0,0.0,0.847679,0.0,0.847679,0.0,0.0,0.0,0.0,0.0,0.0,0.0,0.0,0.847679,0.0,2.3359773,0.0,0.0,0.0,0.847679,0.0,0.0,0.0,1.8463883,0.0,0.0,0.0,0.0,0.0,0.0,0.0,0.0,0.0,0.0,0.847679,0.0,0.0,3.219516,0.847679,0.0,0.847679,0.0,0.847679,0.0,0.0,0.0,0.0,0.0,0.0,1.299768,1.299768,0.847679,0.0,0.847679,0.0,0.0,0.0,0.0,0.847679,0.0,0.0,2.3359773,0.847679,0.847679,0.847679,0.0,0.0,0.847679,0.0,0.0,2.5655649,0.0,0.0,0.847679,0.0,0.847679,0.847679
0.790185,0.790185,0.0,0.790185,0.790185,0.0,1.2260106,0.0,0.0,0.0,0.0,0.0,0.0,0.0,0.0,0.0,0.0,3.3135927,0.0,0.790185,0.0,0.0,0.0,0.790185,0.0,0.0,0.0,0.0,0.0,0.0,0.0,0.0,0.790185,0.0,0.0,0.0,0.0,1.2260106,1.9486237,0.790185,0.0,0.0,0.0,0.0,0.0,1.5285342,2.2435384,0.0,0.0,0.0,0.0,0.0,0.0,0.0,0.0,0.0,0.0,0.0,0.0,0.0,2.882186,0.790185,0.0,1.5285342,0.0,0.790185,1.760478,0.0,0.0,0.0,0.0,0.0,0.0,0.0,0.790185,0.0,0.0,0.0,0.0,0.0,0.0,0.790185,0.0,0.0,1.2260106,1.2260106,0.0,0.790185,0.0,0.0,0.0,0.0,0.0,2.363721,0.0,1.760478,0.790185,0.0,0.0,1.5285342
0.0,0.0,0.0,0.75127244,1.1753852,0.0,0.0,0.0,0.0,0.0,0.0,0.0,0.0,0.0,0.75127244,0.75127244,0.75127244,3.3276474,0.0,0.0,0.0,0.0,0.0,0.0,0.0,0.0,0.0,0.0,0.75127244,0.75127244,0.75127244,0.0,0.0,0.0,0.0,0.0,0.0,0.0,2.0435777,1.1753852,0.0,0.0,0.0,0.75127244,0.0,0.75127244,2.1790457,0.0,0.0,0.0,0.0,0.0,0.0,0.0,0.0,0.75127244,0.0,0.0,0.0,0.75127244,2.0435777,0.75127244,0.0,0.0,0.0,1.1753852,1.1753852,0.0,0.0,0.0,0.0,0.75127244,0.0,0.0,0.0,0.0,1.1753852,0.0,0.0,0.0,0.0,0.0,0.75127244,0.0,0.75127244,0.0,0.0,1.1753852,0.0,0.0,0.0,0.0,0.0,2.8139548,0.0,0.75127244,0.0,0.0,0.0,0.0
0.0,0.0,0.0,0.0,0.0,0.0,0.0,0.0,0.0,0.0,0.0,0.0,0.0,0.0,0.0,0.0,0.0,3.2930005,0.0,0.7324385,0.0,0.0,0.7324385,0.0,0.0,0.0,0.0,0.0,0.0,1.150665,0.7324385,0.0,0.0,0.0,0.0,0.0,0.0,0.0,2.5558012,0.0,0.7324385,0.0,0.0,0.0,0.0,0.0,1.8564128,0.0,0.0,0.0,0.0,0.0,0.0,0.0,0.0,0.0,0.7324385,0.0,0.0,0.0,2.9059362,0.7324385,0.0,0.0,0.0,0.0,0.0,0.0,0.0,0.7324385,0.0,0.0,0.0,0.0,0.0,0.0,1.4446672,0.0,0.0,0.0,0.0,0.7324385,0.0,0.0,1.6715838,0.0,0.0,0.0,0.0,0.0,0.0,0.0,0.0,2.7108402,0.0,1.150665,0.0,0.0,0.0,0.7324385
0.0,0.81978095,0.0,0.0,0.81978095,0.0,0.0,0.0,0.0,0.0,0.0,0.0,0.0,0.0,0.0,0.0,0.81978095,3.273366,0.0,0.0,0.0,0.0,1.2641281,0.81978095,0.0,0.0,1.5706986,0.0,0.81978095,1.5706986,0.81978095,0.0,0.0,0.0,0.0,0.0,0.0,0.81978095,1.5706986,0.0,0.0,0.0,0.0,0.0,0.0,0.81978095,2.2915258,0.0,0.0,0.0,0.0,0.0,0.0,0.0,0.81978095,0.81978095,0.0,0.0,0.0,0.81978095,2.6173978,0.81978095,0.0,0.81978095,0.0,0.81978095,0.81978095,0.0,0.0,0.0,0.0,0.0,0.0,0.81978095,0.0,0.0,0.0,1.2641281,0.0,0.0,0.0,1.2641281,0.0,0.0,1.5706986,0.0,0.0,0.0,0.0,0.0,0.0,0.81978095,0.0,3.6661243,0.0,1.2641281,0.0,1.9947021,0.0,0.0
0.0,0.0,0.0,0.0,0.0,0.0,0.0,0.0,0.0,0.0,0.7888066,0.0,0.0,0.0,0.0,0.0,0.0,4.205323,0.0,0.0,0.0,0.0,0.0,0.0,0.0,0.7888066,0.0,0.0,0.7888066,1.2242274,0.7888066,0.0,0.7888066,0.0,0.0,0.0,0.0,0.0,2.2412817,0.0,0.0,0.0,0.0,0.0,0.0,0.7888066,2.1046963,0.0,0.0,0.0,0.0,0.7888066,0.0,0.0,0.7888066,0.7888066,0.0,0.0,0.0,0.0,2.734966,0.7888066,0.0,1.5265573,1.2242274,0.0,0.7888066,1.2242274,0.7888066,0.0,0.0,0.0,0.0,1.2242274,0.0,0.7888066,0.7888066,0.7888066,0.0,0.0,0.0,0.0,0.0,0.0,1.9464589,0.0,0.0,0.0,0.0,0.0,0.0,0.0,0.0,2.2412817,0.0,1.2242274,0.7888066,1.5265573,0.0,0.7888066
0.0,0.0,0.0,0.9446188,0.9446188,0.0,0.0,0.0,0.0,0.0,0.0,0.0,0.0,0.0,0.0,0.0,0.0,2.9888082,0.0,0.9446188,0.0,0.0,0.0,0.0,0.0,0.0,0.0,0.0,0.0,0.0,0.0,0.0,0.0,0.0,0.9446188,0.9446188,0.0,0.0,1.7431815,0.0,0.0,0.0,0.0,0.0,0.0,0.0,2.1814523,0.0,0.0,0.0,0.0,0.0,0.0,0.0,0.0,0.0,0.0,0.0,0.0,0.0,2.608205,0.9446188,0.0,0.9446188,0.0,1.4215808,0.0,0.0,0.0,0.0,0.0,0.0,0.0,0.0,0.9446188,0.0,0.0,0.9446188,0.0,0.0,0.0,0.0,0.0,0.0,2.3447819,0.9446188,0.0,0.9446188,0.0,0.0,0.9446188,0.0,0.0,2.8165057,0.0,0.0,0.0,0.0,0.0,0.0
0.0,0.0,0.0,0.0,1.682013,0.0,0.0,0.0,0.0,0.0,0.0,0.0,0.0,0.73912,0.0,0.0,0.73912,2.9180665,0.0,0.73912,0.0,0.0,0.0,0.73912,0.0,0.73912,0.0,0.0,0.73912,1.1594514,0.0,0.0,0.73912,0.0,0.0,0.0,0.73912,0.73912,1.4544846,1.682013,0.0,0.0,0.0,0.0,0.0,0.0,2.1585581,0.0,0.0,0.0,0.0,0.0,0.0,0.0,0.0,0.0,0.0,0.73912,0.0,0.0,3.2643888,1.4544846,0.73912,1.4544846,0.0,0.73912,1.1594514,0.73912,0.0,0.0,0.0,1.1594514,0.0,0.0,0.0,1.1594514,0.0,0.0,0.73912,0.0,0.0,1.1594514,0.0,0.0,1.682013,1.1594514,0.0,1.1594514,0.73912,0.0,0.0,0.73912,0.0,2.5676389,0.0,1.1594514,0.0,0.0,0.0,0.0
0.0,0.80139697,0.0,0.0,0.80139697,0.0,0.0,0.0,0.0,0.0,0.0,0.0,0.0,0.0,1.2404891,0.0,0.0,3.2415388,0.0,0.80139697,0.0,0.0,0.0,0.0,0.0,0.0,0.0,0.0,0.0,0.80139697,0.0,0.0,0.0,0.0,0.0,0.0,0.0,0.0,2.1248825,0.80139697,0.0,0.0,0.0,0.0,0.0,0.0,0.0,0.0,0.0,0.0,0.0,0.0,0.0,0.80139697,0.0,0.80139697,0.0,0.0,0.0,0.0,3.2415388,0.0,0.0,0.80139697,0.0,0.80139697,0.0,0.80139697,0.0,0.0,0.0,0.0,0.80139697,0.80139697,0.0,0.0,0.0,0.0,0.0,0.0,0.0,0.0,0.0,0.0,0.0,0.0,0.80139697,0.80139697,0.0,0.80139697,0.0,0.0,0.0,2.6751945,0.80139697,1.2404891,0.0,0.0,0.80139697,1.2404891
0.0,0.0,0.0,0.0,0.0,0.0,0.0,0.0,0.4453934,0.0,0.0,0.0,0.0,0.0,0.0,0.4453934,0.4453934,2.632277,0.0,0.4453934,0.0,0.0,0.98705214,0.0,0.0,0.98705214,0.4453934,0.4453934,0.4453934,0.75245726,0.0,0.0,0.0,0.0,0.0,0.0,0.0,0.0,1.336453,0.75245726,0.0,0.0,0.4453934,0.0,0.0,1.9702051,1.8000481,0.0,0.0,0.0,0.0,0.0,0.0,0.0,0.0,0.0,0.0,0.0,0.0,0.0,2.8160625,0.75245726,0.0,0.0,0.0,0.4453934,0.98705214,0.4453934,0.0,0.0,0.0,0.4453934,1.1769357,0.4453934,0.0,0.0,1.336453,0.0,0.0,0.4453934,0.0,0.0,0.0,0.0,1.4739906,0.0,0.0,0.0,0.0,0.4453934,0.0,0.4453934,0.0,2.548131,0.0,0.98705214,0.4453934,0.0,0.0,0.4453934
0.0,0.8520497,0.0,0.0,0.0,0.0,0.0,0.0,0.0,0.0,0.0,0.0,0.0,0.0,0.0,0.0,1.3053269,3.582286,0.0,0.8520497,0.0,0.0,0.8520497,0.0,0.0,0.0,0.0,0.0,1.6160842,0.0,0.0,0.0,0.0,0.0,0.0,0.0,0.0,0.0,1.8528216,0.0,0.0,0.0,0.0,0.0,0.0,0.0,2.044104,0.0,0.0,0.0,0.0,0.0,0.0,0.0,0.0,0.8520497,0.0,0.0,0.0,0.0,3.1720192,1.6160842,0.0,0.8520497,0.0,0.8520497,0.0,0.0,0.0,0.0,0.0,0.0,0.8520497,0.0,0.0,0.0,1.3053269,0.8520497,0.0,0.0,0.0,1.3053269,0.0,0.0,1.8528216,0.0,0.0,0.8520497,0.0,0.0,0.0,0.0,0.0,2.4643278,0.0,0.0,0.0,0.0,0.0,0.0
1.0403731,1.0403731,0.47629064,0.0,0.79758906,0.0,0.0,0.0,0.0,0.0,0.0,0.0,0.47629064,0.0,0.47629064,1.0403731,0.0,3.805029,0.0,0.79758906,1.0403731,0.0,0.0,0.0,0.0,0.0,0.0,1.3988291,0.47629064,1.2355772,1.7716805,0.79758906,0.47629064,0.0,0.79758906,1.2355772,1.3988291,0.0,1.5391325,0.0,0.0,0.0,0.79758906,1.0403731,0.0,0.47629064,1.2355772,0.0,0.0,0.0,1.0403731,0.47629064,0.0,0.47629064,0.47629064,0.79758906,0.79758906,0.47629064,0.0,0.0,1.6621511,0.47629064,0.0,2.3759708,0.0,0.0,0.79758906,0.0,0.47629064,0.0,0.0,0.0,0.0,0.0,0.0,0.0,0.47629064,0.0,0.0,0.0,0.47629064,0.0,0.47629064,0.47629064,1.8703885,0.47629064,0.47629064,2.0426478,0.79758906,0.0,1.2355772,1.6621511,0.0,3.6432424,0.79758906,1.2355772,0.0,0.79758906,1.2355772,0.0
0.68022734,1.5886853,0.0,0.0,0.0,0.0,0.68022734,1.849839,0.0,0.39687043,0.39687043,0.39687043,0.39687043,0.0,0.39687043,0.39687043,0.0,3.81401,0.0,0.68022734,0.0,0.68022734,0.0,1.2342546,0.0,0.0,0.0,0.0,0.68022734,1.7701328,3.2331007,0.9007668,0.9007668,0.39687043,1.0813484,1.483907,0.9007668,0.0,1.483907,0.39687043,0.39687043,0.39687043,0.0,1.3668514,0.0,0.0,1.483907,0.0,0.9007668,0.39687043,0.39687043,0.68022734,0.0,0.0,0.0,0.9007668,0.68022734,0.0,0.0,0.39687043,1.3668514,0.0,0.0,2.578631,0.0,1.0813484,0.39687043,0.39687043,0.39687043,0.0,0.0,0.0,0.0,0.39687043,0.0,0.39687043,0.68022734,0.0,0.39687043,0.0,0.39687043,0.0,1.0813484,0.0,1.849839,0.0,0.0,1.483907,0.0,0.68022734,1.2342546,1.9236586,0.0,3.4863229,1.3668514,1.6835186,0.68022734,0.0,1.3668514,0.39687043
1.3862194,1.0985456,0.0,0.0,0.0,0.0,1.3862194,1.3862194,0.0,0.6930972,0.0,0.0,0.6930972,0.0,0.6930972,0.0,0.0,4.3173895,0.0,1.3862194,0.0,0.0,1.6093578,1.0985456,0.0,0.0,0.6930972,0.6930972,0.0,1.7916762,1.3862194,0.6930972,0.0,0.0,1.0985456,0.6930972,0.6930972,0.6930972,1.7916762,0.6930972,0.0,1.0985456,0.0,0.6930972,0.0,0.6930972,1.6093578,0.0,1.6093578,0.6930972,0.6930972,0.0,0.0,0.0,0.0,0.6930972,1.0985456,1.0985456,0.0,0.6930972,1.3862194,0.6930972,0.0,2.302495,0.6930972,0.0,1.7916762,1.0985456,0.6930972,0.6930972,0.6930972,0.0,0.6930972,0.6930972,0.0,1.0985456,0.0,0.0,0.6930972,0.6930972,0.0,0.0,0.6930972,0.0,1.7916762,0.0,0.0,1.3862194,0.0,0.6930972,0.6930972,2.079354,0.0,3.737572,1.3862194,1.3862194,0.0,0.0,0.6930972,0.0
0.0,1.2037628,0.32842007,0.0,0.32842007,0.0,0.5752329,1.079722,0.0,0.0,0.32842007,0.0,0.0,0.0,0.0,0.32842007,0.0,4.5087295,0.0,1.079722,0.0,0.0,0.93808705,0.5752329,0.0,0.32842007,0.32842007,0.5752329,0.93808705,1.2037628,1.5038441,0.0,0.93808705,0.0,1.2037628,0.7730284,0.0,0.0,1.663262,0.32842007,0.0,0.32842007,0.0,0.0,0.5752329,0.32842007,1.3141015,0.32842007,0.32842007,0.0,0.93808705,0.5752329,0.0,0.32842007,0.32842007,1.079722,0.32842007,0.7730284,0.0,0.32842007,2.0293486,0.0,0.0,1.9215566,0.7730284,1.079722,0.5752329,0.0,0.93808705,0.0,0.32842007,0.0,0.0,0.7730284,0.0,0.7730284,0.7730284,0.0,0.32842007,0.0,0.7730284,0.5752329,0.7730284,0.0,1.734354,0.0,0.0,0.93808705,0.0,0.0,0.7730284,1.2037628,0.5752329,3.4064476,0.5752329,0.5752329,0.32842007,0.0,0.93808705,0.93808705
0.0,1.9898533,0.53157294,0.0,0.53157294,0.0,1.1329558,0.53157294,0.0,0.0,0.0,0.0,1.3366909,0.53157294,0.53157294,0.53157294,0.87680674,5.8368044,0.53157294,0.0,1.505861,0.0,1.505861,2.1653523,0.53157294,1.3366909,0.53157294,1.1329558,0.87680674,3.093231,2.2427588,0.0,0.0,0.0,1.505861,0.0,0.0,0.0,1.505861,0.0,0.0,0.0,0.53157294,0.0,1.505861,0.0,1.1329558,0.0,1.8890152,1.1329558,0.0,1.7768568,0.0,0.0,0.0,1.3366909,0.0,0.0,0.0,0.0,2.0814478,0.53157294,0.0,2.1653523,0.53157294,0.0,1.6505108,0.87680674,0.53157294,0.87680674,0.0,0.0,0.0,0.53157294,0.0,1.7768568,0.87680674,0.0,0.87680674,0.0,0.0,0.87680674,0.53157294,0.0,1.1329558,0.0,0.0,1.3366909,1.1329558,0.0,0.0,0.87680674,0.87680674,3.5661106,1.1329558,1.7768568,0.0,0.0,0.0,0.87680674
0.0,1.3333381,0.0,0.0,0.3822745,0.0,0.8741525,1.0516806,0.0,0.3822745,0.0,0.65815645,0.3822745,0.3822745,0.65815645,0.0,0.0,5.5457892,0.3822745,0.8741525,0.65815645,0.0,1.0516806,1.8118494,0.3822745,0.3822745,0.3822745,0.8741525,1.0516806,2.1877851,1.3333381,0.3822745,0.0,0.3822745,2.333336,1.202393,0.3822745,0.3822745,1.8118494,1.0516806,0.3822745,0.65815645,0.65815645,0.65815645,0.65815645,0.3822745,1.202393,0.65815645,0.65815645,0.8741525,1.0516806,1.202393,0.3822745,0.3822745,0.0,0.65815645,0.3822745,0.65815645,0.3822745,0.65815645,2.4603689,0.3822745,0.0,1.8118494,0.0,0.0,0.65815645,0.3822745,0.8741525,0.3822745,0.65815645,0.0,0.3822745,0.3822745,0.0,0.3822745,0.3822745,0.0,0.0,0.3822745,0.3822745,0.3822745,0.65815645,0.0,1.8118494,0.0,0.3822745,1.202393,0.3822745,0.65815645,1.3333381,0.8741525,0.65815645,3.3651164,0.8741525,1.6468357,0.8741525,0.8741525,0.3822745,0.3822745
0.503417,1.8301653,0.8366972,0.0,0.0,0.0,0.8366972,1.2857716,0.503417,0.0,0.0,0.0,1.2857716,0.503417,0.8366972,0.0,0.0,4.2811804,0.503417,1.2857716,0.503417,0.0,0.8366972,2.252001,0.0,0.0,0.503417,0.0,0.0,2.547769,2.252001,0.8366972,0.8366972,0.503417,2.318567,0.8366972,0.0,0.503417,1.8301653,0.503417,0.0,0.0,0.503417,0.0,0.8366972,0.0,1.2857716,0.0,0.503417,0.0,0.0,1.7192878,0.0,0.0,0.0,0.0,0.8366972,0.503417,0.0,0.0,1.7192878,0.0,0.0,1.5945654,0.8366972,0.503417,1.2857716,0.0,0.8366972,0.0,0.0,0.0,0.503417,0.0,0.503417,1.5945654,0.0,0.0,0.503417,0.0,0.0,0.8366972,0.0,0.0,1.2857716,0.0,0.0,0.8366972,0.503417,0.0,0.8366972,1.086234,0.0,3.2273,0.0,1.2857716,0.503417,0.503417,0.503417,1.086234
0.0,0.44347584,0.0,0.0,0.44347584,0.0,0.8735018,0.0,0.0,0.0,0.0,0.0,0.0,0.24612293,0.24612293,0.44347584,0.60822654,3.7579043,0.0,1.0829562,0.44347584,0.0,0.0,0.0,0.0,0.60822654,0.44347584,0.24612293,0.60822654,1.7955892,0.60822654,0.0,0.0,0.24612293,0.74963486,0.0,0.24612293,0.8735018,2.0039508,1.3325158,0.0,0.0,0.0,0.24612293,0.24612293,0.24612293,1.6459341,0.24612293,0.0,0.0,0.0,0.0,0.0,0.0,0.0,0.0,0.44347584,0.8735018,0.24612293,0.44347584,2.2074661,0.24612293,0.0,1.2560464,0.0,0.74963486,0.24612293,0.0,0.0,0.0,0.0,0.44347584,0.0,0.74963486,0.0,0.0,1.1732417,0.0,0.44347584,0.0,0.0,0.74963486,0.44347584,0.44347584,1.7481499,0.24612293,0.0,0.9837029,0.0,0.0,0.0,0.8735018,0.0,2.844054,0.0,1.1732417,0.60822654,0.0,0.0,0.44347584
0.0,0.0,1.2298515,0.0,0.0,0.0,0.0,0.0,0.0,0.0,1.2298515,0.0,0.0,0.0,0.0,0.0,0.0,3.126168,0.0,1.2298515,0.0,0.0,1.2298515,1.7649778,0.0,0.0,1.2298515,0.0,1.2298515,1.2298515,0.0,0.0,1.2298515,0.0,0.0,0.0,0.0,0.0,1.7649778,1.2298515,0.0,0.0,0.0,0.0,1.2298515,0.0,1.2298515,0.0,0.0,0.0,0.0,0.0,0.0,0.0,0.0,0.0,0.0,0.0,0.0,0.0,2.7424083,0.0,0.0,1.7649778,0.0,0.0,0.0,1.2298515,0.0,0.0,0.0,0.0,0.0,0.0,0.0,1.2298515,0.0,1.2298515,0.0,1.2298515,0.0,0.0,0.0,0.0,1.7649778,0.0,0.0,0.0,0.0,0.0,1.2298515,1.2298515,0.0,3.402818,0.0,1.2298515,0.0,0.0,0.0,0.0
0.71127766,1.1227139,0.71127766,0.0,0.0,0.0,0.71127766,0.71127766,0.71127766,0.0,0.0,0.0,0.0,0.0,0.0,0.0,0.0,5.946639,0.71127766,1.4133683,0.0,0.0,1.1227139,0.71127766,0.0,0.0,0.71127766,0.0,0.71127766,1.8217969,0.71127766,0.0,0.71127766,0.0,0.0,0.0,0.0,0.71127766,0.71127766,0.0,0.0,0.0,0.0,0.0,0.0,0.0,0.0,0.0,1.1227139,0.0,0.0,0.71127766,0.0,0.0,0.0,0.0,0.0,0.0,0.0,1.1227139,2.806318,0.0,0.71127766,2.4306192,0.0,0.0,0.71127766,0.71127766,0.0,0.71127766,0.71127766,0.71127766,0.0,0.71127766,1.1227139,0.71127766,0.71127766,0.71127766,0.0,0.0,0.0,0.0,0.71127766,0.0,2.2292328,0.0,0.71127766,0.71127766,0.0,0.0,0.71127766,1.4133683,0.0,3.402016,1.1227139,2.1109574,1.1227139,0.0,0.0,0.0
0.0,0.0,0.0,0.0,0.0,0.7702135,0.0,0.0,0.0,0.0,0.0,0.0,0.0,0.0,0.0,0.0,0.0,3.6100268,0.0,1.2001017,0.0,0.0,0.0,0.0,0.0,0.0,0.0,0.0,0.0,0.7702135,0.0,0.0,0.0,0.0,0.0,0.0,0.7702135,0.7702135,2.2106442,0.7702135,0.0,0.7702135,0.0,0.7702135,0.0,0.0,2.6219475,0.0,0.0,0.0,0.0,0.0,0.0,0.0,0.0,0.0,0.0,0.7702135,0.0,0.0,3.08576,0.0,0.0,0.0,0.0,0.7702135,0.7702135,0.0,0.0,0.0,0.0,0.7702135,0.0,0.7702135,0.0,0.0,0.0,1.7300453,0.0,0.0,0.0,0.0,0.0,0.0,1.2001017,0.0,0.7702135,0.7702135,0.0,0.0,0.7702135,0.7702135,0.0,2.77776,0.0,0.0,1.2001017,0.0,0.7702135,0.0
0.0,0.0,0.0,0.0,0.0,0.0,0.0,0.0,0.0,0.0,0.0,0.0,0.0,0.6498034,0.0,0.0,1.0403929,6.1039004,0.0,0.0,0.0,0.6498034,1.8704144,1.0403929,0.6498034,0.0,0.0,0.0,1.0403929,1.5391564,1.3205532,0.0,0.0,0.0,0.6498034,0.0,0.0,0.0,2.1188202,1.0403929,0.0,0.0,0.6498034,0.0,0.6498034,0.0,1.0403929,0.0,0.6498034,0.6498034,0.0,0.0,0.0,0.0,0.0,1.3205532,0.0,0.0,0.6498034,0.0,2.9602754,0.0,0.0,1.0403929,0.0,1.0403929,0.6498034,0.0,0.0,0.0,0.0,0.0,0.6498034,1.0403929,0.0,1.0403929,0.6498034,0.6498034,0.0,0.6498034,0.0,0.0,0.6498034,0.0,1.8704144,0.0,0.0,0.6498034,0.6498034,0.0,0.0,0.6498034,0.0,3.1339252,0.6498034,1.3205532,3.050865,0.0,0.0,0.0
0.0,1.5590334,0.81155574,0.0,0.0,0.0,0.0,0.0,0.81155574,0.0,0.81155574,0.81155574,0.0,0.0,0.0,0.0,0.81155574,3.8565545,0.0,1.2535671,0.0,0.0,0.0,0.0,0.0,0.0,0.0,0.0,0.0,1.7926977,1.2535671,0.0,0.0,0.0,0.0,0.0,0.0,1.2535671,1.9819719,0.81155574,0.0,0.0,0.81155574,0.0,0.0,0.0,1.7926977,0.0,0.81155574,0.0,0.0,0.0,0.0,0.0,0.0,0.0,0.0,0.0,0.0,0.0,2.773644,0.0,0.0,1.2535671,0.81155574,0.81155574,0.0,1.2535671,0.0,0.0,0.0,0.0,0.81155574,0.81155574,0.81155574,0.0,0.0,0.81155574,0.0,0.81155574,0.81155574,1.2535671,0.0,0.81155574,0.81155574,0.81155574,0.0,0.0,0.0,0.81155574,0.0,1.2535671,0.0,3.2099056,0.0,1.5590334,1.2535671,0.0,0.0,0.81155574
0.0,0.0,0.0,0.68451047,0.0,0.0,0.0,0.0,0.0,0.0,0.0,0.0,0.68451047,0.0,0.0,1.08708,0.0,4.2313967,0.0,1.08708,0.0,0.0,1.7773232,0.0,0.0,0.0,0.0,0.0,0.0,0.68451047,1.08708,0.0,0.68451047,0.0,0.0,0.0,0.0,0.0,2.064278,1.08708,0.68451047,0.0,0.0,0.0,0.68451047,0.0,2.1818185,0.0,0.0,0.68451047,0.0,0.0,0.0,0.0,0.0,0.0,0.0,0.0,0.0,0.0,2.9792583,0.0,0.68451047,1.5955832,0.0,1.5955832,1.3733112,0.68451047,0.0,0.0,1.08708,0.0,0.0,0.68451047,0.0,0.0,0.0,0.0,0.68451047,0.0,0.0,0.0,0.0,0.0,1.5955832,0.0,0.0,1.08708,0.0,0.0,0.0,1.08708,0.0,3.5384994,0.0,1.08708,2.928011,0.0,0.0,0.68451047
0.0,0.0,0.0,0.8469932,0.0,0.0,0.0,0.0,0.0,0.0,0.0,0.0,0.0,0.0,0.0,0.0,0.8469932,3.218364,0.0,0.8469932,0.0,0.0,1.2988952,0.8469932,0.0,0.0,0.0,0.0,0.8469932,1.2988952,0.0,0.0,0.8469932,0.0,0.0,0.0,0.0,0.0,2.0364182,0.8469932,0.0,0.0,0.8469932,0.0,0.0,0.0,1.6090114,0.0,0.0,0.0,0.0,0.0,0.0,0.0,0.0,0.0,0.0,0.0,0.0,0.0,2.7510362,0.8469932,0.0,1.2988952,0.0,0.8469932,0.8469932,0.8469932,0.0,0.0,0.0,0.0,0.0,0.0,0.0,0.0,1.2988952,0.0,0.0,0.0,0.0,0.0,0.0,0.0,1.2988952,0.0,0.8469932,0.0,0.0,0.0,0.0,1.6090114,0.0,2.5644572,0.0,1.2988952,1.2988952,0.0,0.0,0.0
0.58914095,0.0,0.0,0.58914095,0.0,0.0,0.0,0.0,0.0,0.0,0.0,0.0,0.0,0.0,0.0,0.0,0.95738614,3.397451,0.0,0.58914095,0.0,0.0,0.0,0.95738614,0.0,0.0,0.0,0.0,0.0,1.2259256,0.0,0.58914095,0.0,0.0,0.0,0.58914095,0.0,0.0,2.2851167,1.2259256,0.0,0.58914095,0.0,0.0,0.58914095,0.0,2.106808,0.0,0.0,0.0,0.0,0.0,0.0,0.0,0.0,0.95738614,0.0,0.0,0.0,0.0,3.084815,1.4374051,0.58914095,0.58914095,0.0,0.95738614,0.0,0.58914095,0.0,0.58914095,0.0,0.95738614,1.4374051,0.0,0.0,0.0,0.0,0.95738614,0.0,0.0,0.0,0.0,0.0,0.58914095,2.1999314,0.95738614,0.0,1.2259256,0.0,0.0,0.0,0.95738614,0.0,2.7878683,0.0,0.95738614,0.0,0.0,0.58914095,0.0
0.0,0.0,0.0,0.0,0.0,0.0,1.5883365,1.5883365,0.0,0.0,1.0810587,0.0,0.0,0.0,0.0,0.0,0.0,4.051544,1.0810587,0.0,0.0,0.0,0.0,1.9232843,0.0,0.0,0.0,1.0810587,0.0,1.0810587,0.0,0.0,0.0,0.0,0.0,1.0810587,0.0,0.0,1.5883365,0.0,0.0,0.0,0.0,0.0,0.0,0.0,1.5883365,0.0,0.0,0.0,0.0,0.0,0.0,0.0,0.0,0.0,0.0,1.0810587,1.0810587,1.9232843,2.1737506,0.0,0.0,1.5883365,0.0,0.0,1.0810587,0.0,0.0,0.0,0.0,1.0810587,1.0810587,0.0,1.0810587,0.0,0.0,0.0,0.0,0.0,0.0,0.0,0.0,1.0810587,0.0,0.0,0.0,1.0810587,0.0,0.0,1.0810587,1.0810587,0.0,2.9194014,0.0,1.0810587,0.0,0.0,0.0,0.0
0.58633256,0.58633256,0.0,0.0,1.606819,0.0,0.0,0.0,0.0,0.0,0.58633256,0.0,0.0,0.0,0.0,0.0,0.0,3.7672603,0.0,0.0,0.0,0.0,0.58633256,1.4325905,0.58633256,0.0,0.0,0.0,0.9534975,1.8842919,0.58633256,0.0,0.58633256,0.0,0.9534975,0.58633256,0.58633256,0.58633256,1.8842919,0.9534975,0.0,0.0,0.0,0.58633256,0.58633256,0.0,1.606819,0.0,0.0,0.0,0.0,0.58633256,0.0,0.0,0.58633256,0.0,0.9534975,1.221465,0.0,0.58633256,2.1012595,1.606819,0.0,0.58633256,0.9534975,0.9534975,0.58633256,0.0,0.0,0.0,0.0,0.58633256,0.58633256,0.9534975,0.0,0.0,0.58633256,0.58633256,0.0,0.0,0.0,0.9534975,0.58633256,0.0,2.1943142,0.58633256,0.58633256,1.221465,0.0,0.0,0.58633256,0.9534975,0.58633256,3.247227,0.0,0.9534975,0.9534975,0.58633256,0.0,0.0
0.0,1.3049351,0.0,0.0,0.0,0.0,0.8517415,0.0,0.0,0.8517415,0.0,0.0,0.0,0.8517415,0.0,0.0,0.0,3.9779093,0.0,0.8517415,0.0,0.8517415,0.0,0.8517415,0.0,0.0,0.0,0.0,0.0,1.6156534,0.0,0.0,0.0,0.0,0.8517415,0.0,0.0,0.0,2.043636,0.0,0.0,0.0,0.0,1.3049351,0.8517415,0.8517415,1.3049351,0.0,0.0,0.0,0.8517415,1.3049351,0.0,0.0,0.0,1.3049351,0.0,1.6156534,0.0,0.8517415,2.3423896,0.0,0.0,1.8523684,0.0,0.8517415,0.8517415,0.0,0.8517415,0.0,0.0,0.0,0.0,0.0,0.0,0.0,0.0,0.8517415,0.0,0.8517415,0.0,0.0,1.3049351,0.0,0.8517415,0.0,0.0,1.3049351,0.8517415,0.0,0.0,0.8517415,0.0,3.1134975,0.8517415,1.6156534,1.6156534,0.0,0.0,0.8517415
0.0,0.7964508,0.0,0.0,0.0,0.0,1.2341077,0.7964508,0.7964508,0.0,0.0,0.7964508,0.47550595,0.47550595,0.0,0.0,0.47550595,3.8030028,0.47550595,0.47550595,0.47550595,0.0,0.7964508,2.1169705,0.0,0.7964508,0.47550595,0.7964508,0.7964508,2.481476,1.0390335,0.0,0.0,0.0,2.7082531,0.7964508,0.0,0.47550595,1.5375053,0.0,1.2341077,1.2341077,0.47550595,0.47550595,0.0,0.0,0.7964508,0.0,1.3972689,0.47550595,0.7964508,1.5375053,0.0,0.47550595,0.7964508,1.2341077,0.0,0.47550595,0.0,0.0,2.253772,0.7964508,0.0,2.253772,0.47550595,0.7964508,1.5375053,0.0,1.5375053,0.0,0.0,0.0,0.0,0.0,0.47550595,0.47550595,0.7964508,0.47550595,0.47550595,0.47550595,0.7964508,1.0390335,1.0390335,0.0,1.7699609,0.47550595,0.0,0.7964508,0.47550595,0.47550595,1.3972689,1.3972689,1.2341077,3.4673042,0.47550595,1.2341077,1.3972689,1.3972689,0.0,0.47550595
0.42856002,0.0,0.7275926,0.0,0.0,0.0,1.5571585,0.42856002,0.7275926,0.0,0.0,0.42856002,1.301615,0.42856002,1.4375274,0.42856002,0.0,4.2177515,0.42856002,0.7275926,0.42856002,0.42856002,0.7275926,2.7021115,0.0,0.42856002,0.42856002,1.8485265,0.42856002,2.4128613,1.663995,0.957485,0.42856002,0.0,3.200386,0.0,0.42856002,0.0,1.9294178,0.957485,0.0,0.0,0.0,0.42856002,0.0,0.42856002,1.1442808,0.0,0.42856002,0.957485,0.7275926,0.957485,0.0,0.42856002,1.1442808,1.1442808,0.42856002,0.0,0.0,0.0,1.4375274,0.0,0.0,1.301615,0.42856002,1.301615,1.4375274,0.957485,0.7275926,0.0,0.7275926,0.42856002,0.0,0.957485,0.42856002,0.7275926,0.0,0.7275926,0.7275926,0.0,0.0,0.0,1.301615,0.0,1.8485265,0.0,0.7275926,0.7275926,0.0,0.0,0.42856002,1.4375274,0.7275926,3.1783435,0.7275926,1.301615,0.7275926,2.138964,0.0,0.7275926
0.0,0.5008167,0.8329685,0.0,0.0,0.0,0.8329685,0.0,0.5008167,0.5008167,0.0,0.0,0.5008167,0.5008167,1.0818746,0.0,0.0,4.8086233,0.0,1.2810097,0.0,0.0,0.5008167,2.3126302,0.0,0.8329685,0.5008167,0.5008167,0.5008167,2.5916135,0.5008167,0.5008167,1.2810097,0.0,2.7695572,0.0,0.5008167,0.5008167,2.4337091,1.0818746,0.0,0.0,0.0,0.0,0.0,0.0,1.7138841,0.0,0.0,0.8329685,0.0,0.5008167,0.0,0.0,0.8329685,0.5008167,0.0,0.5008167,0.0,0.0,2.9205692,0.5008167,0.0,1.2810097,0.0,1.0818746,2.1748447,0.8329685,1.2810097,0.0,0.5008167,0.0,0.0,0.8329685,0.5008167,0.5008167,0.8329685,0.0,0.0,0.0,0.8329685,0.0,0.0,0.5008167,1.2810097,0.8329685,0.5008167,0.5008167,0.0,0.5008167,0.5008167,0.5008167,1.0818746,3.319727,0.8329685,1.0818746,0.0,1.9243383,0.0,0.5008167
0.0,0.9784052,0.9784052,0.44044828,0.44044828,0.0,1.1673961,0.9784052,0.0,0.0,0.0,0.44044828,0.0,0.0,1.9583238,0.44044828,0.44044828,3.9170685,0.74517345,0.74517345,0.0,0.44044828,1.3262835,2.1687849,0.0,0.9784052,0.44044828,2.2879236,0.44044828,3.41215,1.9583238,0.0,1.3262835,0.0,3.1650336,0.0,0.44044828,0.0,0.9784052,0.74517345,0.74517345,0.0,1.8770245,0.0,0.44044828,0.0,0.74517345,0.0,0.44044828,0.74517345,0.0,2.0335076,0.0,0.0,0.9784052,1.5838789,0.0,0.0,0.0,0.44044828,3.516037,0.0,0.0,1.8770245,0.0,0.0,3.0408263,1.1673961,0.0,0.44044828,2.1687849,0.0,0.9784052,0.44044828,2.696995,0.44044828,0.44044828,0.74517345,0.9784052,0.74517345,0.74517345,0.74517345,0.0,0.0,1.6914284,0.0,0.0,0.44044828,0.0,0.74517345,0.44044828,0.74517345,1.3262835,3.1171856,0.74517345,0.0,0.0,2.4436214,0.0,0.44044828
1.0138096,1.0138096,1.2903671,0.0,0.0,0.0,1.0138096,0.0,0.0,0.0,0.63022876,0.0,1.0138096,0.63022876,0.63022876,0.0,0.63022876,5.603728,0.0,1.0138096,1.2903671,0.0,1.5067761,1.6845827,0.63022876,1.2903671,0.0,1.2903671,1.0138096,2.1863167,1.0138096,0.0,0.0,0.63022876,2.7679958,0.0,0.0,0.63022876,1.5067761,0.0,0.0,0.0,0.0,0.63022876,1.2903671,0.63022876,1.0138096,0.0,1.5067761,0.0,0.0,1.0138096,0.0,0.0,0.63022876,1.6845827,0.0,0.63022876,0.0,0.63022876,2.82166,0.0,0.0,1.2903671,0.0,1.0138096,1.9665922,0.63022876,1.0138096,0.0,0.0,0.0,0.0,0.0,1.5067761,1.0138096,0.0,0.0,0.0,0.63022876,0.0,0.0,0.63022876,0.0,1.5067761,0.0,0.63022876,0.0,0.63022876,0.63022876,0.0,0.0,1.0138096,2.9672735,0.63022876,0.63022876,0.0,1.2903671,0.63022876,0.0
0.0,0.7910408,0.7910408,0.0,0.0,0.33782628,1.2271174,0.0,0.0,0.0,0.9584256,0.0,0.0,0.0,1.6902556,1.6132246,0.33782628,3.8547783,0.33782628,0.0,0.33782628,0.0,1.8910854,0.0,1.2271174,2.0582497,0.9584256,0.33782628,1.1017689,1.6902556,0.58989215,0.0,0.9584256,0.33782628,0.9584256,0.33782628,0.0,0.0,1.6132246,0.7910408,0.58989215,0.0,1.3384894,0.33782628,0.33782628,0.0,1.761775,0.0,1.3384894,0.33782628,0.0,2.6290576,0.0,0.0,0.0,1.2271174,0.0,0.58989215,0.0,0.58989215,3.6046505,0.0,0.0,1.2271174,0.0,0.33782628,3.1572654,0.33782628,0.0,0.0,1.4386913,0.0,0.0,1.2271174,3.4888988,0.7910408,0.33782628,1.3384894,0.33782628,1.3384894,0.0,0.0,0.33782628,0.33782628,1.6132246,0.58989215,0.0,0.0,0.0,0.7910408,0.58989215,0.33782628,0.0,3.1572654,0.33782628,0.9584256,0.33782628,0.9584256,0.33782628,0.7910408
0.38696197,0.66526246,0.0,0.0,0.0,0.0,1.2126855,0.88273454,0.0,0.0,0.0,0.38696197,0.38696197,0.0,0.38696197,1.0612571,0.0,5.158683,0.0,0.88273454,0.38696197,0.0,0.66526246,1.658705,0.0,0.38696197,0.38696197,0.38696197,0.88273454,1.5644413,0.88273454,0.0,0.0,0.38696197,1.658705,0.0,0.66526246,0.66526246,1.8241467,1.4603584,0.38696197,0.38696197,0.66526246,0.0,0.0,0.0,2.0301208,0.0,0.38696197,0.0,0.0,0.66526246,0.38696197,0.0,0.66526246,1.2126855,0.0,1.4603584,0.0,0.0,2.4331756,0.0,0.0,1.0612571,0.38696197,0.38696197,1.9660637,0.88273454,0.0,0.0,0.38696197,0.38696197,0.0,0.66526246,1.5644413,0.66526246,0.38696197,0.38696197,0.0,0.0,0.0,0.66526246,0.66526246,0.0,1.658705,0.0,0.0,1.0612571,0.0,0.0,0.0,0.88273454,0.38696197,2.9907207,0.38696197,1.2126855,0.38696197,0.38696197,0.66526246,0.38696197
0.0,1.2684458,0.0,0.41281438,0.0,0.0,0.41281438,0.0,0.0,0.0,0.0,0.41281438,0.41281438,0.704151,0.41281438,0.41281438,0.9294808,4.4404674,0.9294808,0.704151,0.0,0.0,1.5211425,1.1132572,0.0,0.0,0.0,0.0,1.4027549,1.1132572,1.4027549,0.0,1.1132572,0.0,0.41281438,0.0,0.0,0.41281438,2.216704,0.41281438,0.0,0.0,0.704151,0.704151,0.0,0.0,1.8100324,0.0,0.0,0.0,0.9294808,1.2684458,0.0,0.0,0.0,0.41281438,0.0,0.0,0.0,0.41281438,2.5049887,0.41281438,0.41281438,1.1132572,0.0,0.0,1.9647002,1.4027549,0.0,0.0,0.0,0.41281438,0.41281438,0.0,1.9647002,0.41281438,0.41281438,0.41281438,0.0,0.9294808,0.0,0.704151,0.0,0.0,2.0986195,0.9294808,0.0,0.704151,0.0,0.41281438,0.41281438,1.1132572,0.0,2.8828506,0.0,1.2684458,0.704151,0.704151,0.41281438,0.41281438
0.69278073,0.28749883,0.0,0.51053244,0.0,0.0,0.846879,0.0,0.0,0.0,0.0,0.28749883,0.0,0.0,0.0,0.0,0.28749883,3.7128568,0.0,0.69278073,0.0,0.28749883,0.28749883,0.0,0.0,0.0,0.51053244,0.0,0.69278073,1.2987499,1.0981237,0.0,0.0,0.0,0.69278073,0.28749883,0.0,0.28749883,2.0788002,0.846879,0.0,0.0,0.51053244,0.0,0.28749883,0.0,2.158836,0.0,0.51053244,0.0,0.51053244,0.0,0.0,0.0,0.0,0.28749883,0.0,0.69278073,0.28749883,0.0,2.8896794,0.28749883,0.0,0.28749883,0.69278073,0.28749883,1.0981237,0.846879,0.0,0.0,0.0,0.846879,0.0,0.69278073,0.69278073,0.28749883,0.51053244,0.0,0.51053244,0.0,0.0,0.51053244,0.28749883,0.0,1.7911487,0.0,0.0,0.0,0.0,0.0,0.28749883,0.28749883,0.0,3.0595722,0.0,1.2034597,0.846879,1.6088516,0.0,0.51053244
0.64814603,0.64814603,0.0,0.37569046,0.0,0.0,0.0,0.37569046,0.0,0.64814603,0.0,0.0,0.0,0.0,0.0,0.0,1.0381491,3.3122857,0.0,0.37569046,0.0,0.0,0.0,0.64814603,0.0,0.0,0.0,0.0,0.8620411,1.1878378,0.64814603,0.0,0.0,0.0,0.64814603,0.0,0.0,0.8620411,2.5176892,0.8620411,0.0,0.0,0.0,0.0,0.0,0.37569046,2.6549232,0.0,0.37569046,0.0,0.0,0.0,0.0,0.0,0.37569046,0.8620411,0.0,0.0,0.0,0.0,3.295533,0.37569046,0.0,0.8620411,0.0,0.8620411,1.0381491,1.3180096,0.0,0.0,0.0,0.37569046,0.64814603,0.8620411,0.37569046,0.0,0.0,0.0,0.37569046,0.37569046,0.0,0.64814603,0.0,0.0,1.794416,0.0,0.37569046,0.64814603,0.0,0.0,0.0,0.37569046,0.0,2.5886583,0.0,1.3180096,0.37569046,0.37569046,0.37569046,0.37569046
0.0,0.0,0.0,0.0,0.6101786,0.0,0.35092446,0.0,0.0,0.35092446,0.0,0.0,0.35092446,0.6101786,0.0,0.0,0.0,3.2173412,0.0,0.0,0.0,0.0,0.6101786,0.0,0.0,0.0,0.0,0.35092446,0.81586915,1.3718556,0.0,0.35092446,0.0,0.0,0.0,0.0,0.35092446,0.0,2.147899,0.9863838,0.0,0.0,0.6101786,0.0,0.0,0.0,1.9293916,0.0,0.0,0.0,0.35092446,0.35092446,0.0,0.0,0.0,0.0,0.0,0.35092446,0.0,0.0,2.8561726,0.6101786,0.0,0.6101786,0.0,0.0,0.35092446,0.0,0.35092446,0.0,0.0,0.6101786,0.0,0.0,0.0,0.35092446,0.6101786,0.0,0.0,0.35092446,0.0,0.81586915,0.35092446,0.35092446,1.8663938,0.6101786,0.35092446,0.81586915,0.0,0.0,0.0,0.9863838,0.0,2.8066316,0.0,1.1320149,0.6101786,0.6101786,0.0,0.35092446
0.0,0.86251557,0.0,0.0,0.0,0.0,0.0,0.0,0.0,0.0,0.86251557,0.0,0.0,0.0,0.0,0.0,0.0,3.8325624,0.0,1.3186111,0.0,0.0,0.0,0.0,0.0,0.86251557,0.0,0.0,0.0,0.86251557,0.86251557,0.0,1.6306784,0.0,0.0,0.0,0.0,0.0,1.8681728,0.86251557,0.0,0.0,0.0,0.0,0.0,0.0,1.3186111,0.0,0.86251557,0.0,0.86251557,0.0,0.0,0.0,0.0,0.0,0.0,0.0,0.0,0.0,3.1313903,0.0,0.0,0.86251557,0.0,1.3186111,0.0,0.86251557,0.0,0.0,0.0,0.86251557,0.86251557,0.0,0.0,0.0,0.86251557,0.0,0.0,0.0,0.0,0.0,0.0,0.0,2.2207975,0.0,0.0,0.86251557,0.0,0.86251557,0.0,1.6306784,0.0,3.2963235,0.0,0.0,1.3186111,0.0,0.86251557,0.0
0.0,0.0,0.0,0.0,0.0,0.0,0.6718492,0.6718492,0.0,0.0,0.0,0.6718492,0.0,0.0,0.0,0.0,0.0,3.946739,0.0,0.6718492,0.0,0.0,0.6718492,1.3541749,0.0,0.6718492,0.0,0.0,0.0,2.041867,0.0,0.0,0.6718492,0.0,0.0,0.0,0.0,0.0,2.041867,1.070113,0.6718492,0.0,0.0,0.0,0.0,0.0,1.3541749,0.0,0.0,0.0,0.0,0.0,0.0,0.0,0.0,0.6718492,0.6718492,0.6718492,0.0,1.070113,3.094346,0.0,0.0,1.070113,1.070113,1.070113,1.7560065,0.0,0.0,0.0,0.0,0.0,0.0,0.6718492,0.0,0.0,0.0,0.6718492,0.0,0.0,0.0,0.0,0.6718492,0.0,2.3588278,0.0,0.0,0.0,0.0,0.0,1.070113,0.6718492,0.0,3.6469195,1.070113,1.3541749,1.3541749,0.0,0.0,0.6718492
0.0,0.0,0.0,0.0,0.0,0.0,1.8774934,1.3266901,1.3266901,1.3266901,0.0,0.0,0.0,0.0,0.0,1.3266901,0.0,4.463895,0.0,1.3266901,0.0,0.0,0.0,0.0,0.0,0.0,0.0,0.0,0.0,0.0,0.0,0.0,1.3266901,0.0,2.2306216,0.0,0.0,0.0,1.3266901,0.0,0.0,0.0,1.8774934,0.0,0.0,0.0,0.0,0.0,1.3266901,0.0,0.0,0.0,0.0,0.0,0.0,1.3266901,1.3266901,1.3266901,0.0,0.0,2.4910707,0.0,1.3266901,1.8774934,0.0,0.0,1.8774934,0.0,0.0,0.0,0.0,0.0,0.0,0.0,0.0,0.0,0.0,0.0,0.0,0.0,0.0,0.0,1.3266901,0.0,0.0,0.0,0.0,0.0,0.0,0.0,0.0,0.0,1.3266901,3.6828535,0.0,1.3266901,1.3266901,0.0,0.0,0.0
0.0,0.0,0.0,1.0054374,0.0,0.0,1.0054374,0.0,0.0,0.0,0.0,0.0,1.0054374,0.0,0.0,0.0,1.0054374,4.301227,0.0,0.0,1.0054374,0.0,0.0,0.0,0.0,0.0,1.0054374,0.0,0.0,1.4965389,1.4965389,0.0,1.0054374,1.0054374,0.0,0.0,1.0054374,0.0,1.8244375,0.0,0.0,0.0,1.0054374,0.0,0.0,0.0,1.8244375,0.0,0.0,0.0,0.0,0.0,0.0,0.0,0.0,1.4965389,0.0,1.8244375,0.0,1.0054374,1.8244375,1.0054374,0.0,1.0054374,0.0,1.4965389,2.0709567,0.0,0.0,0.0,0.0,0.0,0.0,0.0,0.0,1.8244375,0.0,0.0,0.0,0.0,0.0,1.0054374,0.0,0.0,1.4965389,0.0,0.0,1.0054374,0.0,1.0054374,0.0,0.0,0.0,3.3579292,0.0,1.4965389,1.4965389,0.0,0.0,0.0
0.0,0.0,0.0,0.0,0.0,0.0,0.0,0.0,0.0,0.0,0.0,0.0,0.0,0.0,0.0,0.0,0.0,4.733249,0.0,1.1269976,0.0,0.0,0.0,1.6434048,0.0,0.0,1.1269976,0.0,0.0,2.2348952,1.1269976,0.0,0.0,0.0,1.1269976,0.0,0.0,0.0,2.2348952,0.0,1.1269976,0.0,0.0,0.0,1.1269976,0.0,0.0,0.0,0.0,0.0,0.0,0.0,0.0,0.0,0.0,0.0,0.0,1.1269976,0.0,1.1269976,2.436406,0.0,0.0,1.9822598,0.0,0.0,0.0,0.0,0.0,0.0,0.0,0.0,0.0,1.1269976,1.1269976,0.0,1.6434048,0.0,0.0,0.0,0.0,0.0,0.0,0.0,0.0,1.1269976,0.0,0.0,0.0,0.0,0.0,1.1269976,1.1269976,3.4749322,0.0,2.436406,1.1269976,0.0,0.0,0.0
0.0,1.1563071,0.7367273,0.0,0.0,0.7367273,0.7367273,1.1563071,0.0,0.7367273,1.1563071,0.0,0.7367273,0.0,1.1563071,0.0,0.7367273,4.503195,0.0,0.0,0.0,0.0,1.6782827,2.8528032,1.1563071,0.0,0.0,0.7367273,0.7367273,2.4757712,1.1563071,0.0,1.1563071,0.0,3.076974,0.0,0.0,0.0,1.4509724,1.1563071,0.7367273,0.0,0.7367273,0.0,0.0,0.0,1.1563071,0.0,0.0,0.0,0.7367273,0.0,0.0,0.0,1.1563071,1.1563071,0.0,0.0,0.0,0.0,2.0194957,0.7367273,0.0,2.0194957,0.0,1.4509724,2.154504,0.0,1.1563071,0.0,0.0,0.0,0.0,0.7367273,0.7367273,0.7367273,1.1563071,0.0,0.0,0.0,0.0,0.0,1.1563071,0.0,2.0194957,0.0,0.7367273,1.1563071,0.7367273,0.0,0.7367273,0.7367273,0.7367273,3.1726575,0.7367273,1.8633724,1.6782827,0.7367273,0.0,0.0
0.0,1.825674,0.0,0.0,0.0,0.0,1.2819024,0.0,0.0,0.0,0.0,0.0,0.0,0.0,1.2819024,0.0,1.2819024,5.2525597,0.0,0.0,0.0,0.0,0.0,0.0,1.2819024,0.0,0.0,1.2819024,0.0,2.6403024,1.825674,0.0,1.2819024,0.0,2.1759403,1.2819024,1.2819024,1.2819024,0.0,0.0,1.2819024,0.0,0.0,0.0,0.0,0.0,0.0,0.0,0.0,1.2819024,0.0,0.0,0.0,0.0,1.2819024,0.0,0.0,0.0,0.0,1.2819024,1.825674,0.0,0.0,2.8106627,0.0,1.2819024,1.2819024,0.0,0.0,0.0,0.0,0.0,0.0,0.0,1.2819024,0.0,0.0,0.0,0.0,0.0,0.0,0.0,1.2819024,0.0,1.2819024,0.0,0.0,1.2819024,0.0,1.825674,1.2819024,2.1759403,1.2819024,3.4732656,1.825674,2.1759403,0.0,0.0,0.0,0.0
0.0,1.3953625,1.1066768,0.0,0.0,0.0,1.3953625,0.0,0.0,0.6992017,1.1066768,0.0,0.6992017,0.0,1.3953625,1.3953625,0.0,5.4926615,0.0,0.0,0.0,0.0,1.1066768,0.6992017,0.0,0.6992017,0.0,1.956267,0.6992017,2.4959788,2.313457,0.0,1.1066768,0.0,2.4959788,0.0,1.1066768,0.6992017,1.80183,0.0,1.1066768,0.0,1.6191076,0.6992017,0.0,0.0,0.0,0.0,0.6992017,0.0,0.0,1.1066768,0.0,0.0,1.3953625,1.3953625,0.0,0.0,0.0,0.0,2.090013,0.0,0.0,1.6191076,0.0,1.6191076,2.9017775,0.0,0.6992017,0.0,0.6992017,0.0,1.1066768,0.6992017,2.4088764,0.0,0.0,1.1066768,0.0,1.1066768,0.6992017,0.0,0.6992017,0.0,1.6191076,0.0,0.0,1.6191076,0.6992017,0.0,1.1066768,0.6992017,1.1066768,3.5380802,1.1066768,1.6191076,0.6992017,2.4088764,0.6992017,0.0
0.0,0.0,0.9000154,0.0,0.0,0.0,0.9000154,0.0,0.9000154,1.3659085,0.9000154,0.0,0.0,0.0,0.0,0.0,0.0,6.420075,0.0,0.0,0.9000154,0.0,0.9000154,0.9000154,0.0,0.0,0.0,1.3659085,0.0,2.6487792,1.6824882,0.0,0.9000154,0.0,1.6824882,0.9000154,0.9000154,0.0,0.9000154,0.0,0.0,0.0,1.6824882,0.0,0.9000154,0.0,0.9000154,0.0,0.9000154,0.0,0.0,0.0,0.0,0.0,0.9000154,2.1160393,0.0,0.0,0.0,0.0,2.1160393,0.0,0.0,1.9225777,0.0,0.0,2.2780716,0.0,0.0,0.0,0.0,0.0,0.9000154,0.9000154,1.6824882,0.0,0.9000154,0.0,0.0,0.0,0.0,0.0,0.9000154,0.0,0.9000154,0.0,0.0,1.3659085,0.0,0.9000154,0.0,0.0,0.0,3.5430367,1.6824882,0.9000154,0.0,0.0,1.3659085,0.9000154
0.0,0.5957175,0.9664759,0.0,0.5957175,0.0,0.5957175,0.0,0.0,1.2363422,0.0,0.0,0.0,0.5957175,1.6236684,0.9664759,0.9664759,7.2963734,0.5957175,0.5957175,0.0,0.5957175,1.6236684,0.5957175,0.0,1.2363422,0.9664759,0.5957175,0.0,2.3769488,1.448642,0.0,1.6236684,0.0,1.2363422,0.5957175,0.0,0.0,1.448642,0.5957175,0.0,1.448642,0.0,0.0,0.0,0.0,0.5957175,0.0,0.5957175,0.0,0.0,0.5957175,0.0,0.0,0.9664759,1.6236684,0.5957175,0.0,0.5957175,1.2363422,2.213024,1.2363422,0.5957175,0.9664759,0.0,1.2363422,3.0614407,0.0,0.0,0.5957175,0.0,0.0,0.9664759,0.0,1.2363422,0.5957175,0.5957175,0.0,0.5957175,0.0,0.0,0.0,0.5957175,0.0,1.448642,0.0,0.0,0.0,0.9664759,0.0,1.2363422,0.5957175,0.0,2.9399717,0.5957175,2.213024,0.0,2.5813513,0.5957175,0.0
0.0,1.2725749,0.0,0.0,0.0,0.0,1.2725749,0.0,1.8148355,1.2725749,0.0,0.0,0.0,0.0,0.0,2.1644833,0.0,5.4913445,0.0,0.0,0.0,0.0,1.2725749,1.8148355,1.2725749,0.0,1.2725749,0.0,0.0,2.1644833,2.423043,0.0,0.0,1.2725749,1.2725749,0.0,1.2725749,1.2725749,1.8148355,0.0,0.0,0.0,0.0,0.0,0.0,0.0,2.6282973,0.0,0.0,0.0,0.0,0.0,0.0,0.0,2.1644833,2.7985122,0.0,0.0,0.0,0.0,1.8148355,0.0,0.0,2.1644833,1.8148355,0.0,0.0,0.0,0.0,0.0,0.0,0.0,0.0,0.0,0.0,0.0,0.0,0.0,0.0,0.0,0.0,0.0,0.0,0.0,1.2725749,0.0,0.0,1.8148355,0.0,0.0,0.0,1.2725749,1.2725749,3.070852,0.0,2.423043,1.2725749,0.0,0.0,1.2725749
0.0,1.237311,0.0,0.0,0.0,0.4772172,1.0419538,0.4772172,0.0,0.0,0.0,0.0,0.4772172,0.0,0.4772172,0.7989327,0.0,6.938194,0.4772172,0.0,0.7989327,0.0,0.7989327,0.4772172,0.4772172,0.0,0.7989327,1.4006698,0.4772172,2.790526,0.7989327,0.0,1.4006698,0.0,1.4006698,0.4772172,0.0,0.4772172,1.9623224,0.4772172,0.0,0.7989327,1.9623224,0.4772172,1.0419538,0.0,1.6641313,0.0,0.4772172,0.0,0.4772172,0.0,0.0,0.0,0.4772172,0.7989327,0.4772172,0.0,0.0,1.237311,2.2578144,0.0,0.0,0.7989327,0.7989327,1.0419538,1.6641313,0.0,0.0,0.4772172,0.4772172,0.0,0.0,0.7989327,1.5410521,0.0,0.4772172,0.7989327,0.4772172,0.0,0.4772172,1.0419538,0.0,0.4772172,1.5410521,0.7989327,0.0,1.0419538,1.237311,0.0,0.0,1.237311,0.0,3.0816271,0.4772172,1.9623224,0.4772172,1.0419538,0.7989327,0.4772172
0.0,1.1546676,0.0,0.7354804,0.0,0.0,0.7354804,1.1546676,0.0,0.0,0.0,0.0,0.7354804,0.0,0.0,1.1546676,0.0,4.385936,0.0,0.0,0.7354804,0.7354804,1.4491405,1.1546676,0.0,0.0,0.0,0.7354804,0.0,1.4491405,0.0,0.0,0.0,0.7354804,2.4735794,0.0,0.0,0.0,2.2712877,0.0,0.7354804,0.0,0.7354804,0.7354804,0.7354804,1.1546676,1.8613509,0.0,0.0,0.0,1.1546676,1.4491405,0.0,0.0,0.0,0.7354804,0.0,0.0,0.0,0.0,2.0174205,0.0,0.0,1.8613509,0.0,1.6763368,1.1546676,0.0,0.7354804,0.0,0.0,0.0,0.0,0.7354804,0.0,0.0,1.1546676,0.0,0.7354804,0.0,0.7354804,0.0,0.7354804,0.0,2.1523886,0.0,0.7354804,1.4491405,0.0,0.7354804,0.7354804,1.4491405,0.0,3.4123044,0.0,1.8613509,1.6763368,0.0,0.0,1.1546676
0.0,0.3842821,0.66120195,0.66120195,1.2068082,0.3842821,1.0557878,0.0,0.0,0.3842821,0.3842821,0.0,0.0,0.0,0.8778322,0.66120195,0.3842821,4.676216,0.3842821,1.0557878,0.0,0.0,1.557824,0.66120195,0.0,0.0,0.66120195,0.66120195,0.3842821,2.0228493,0.66120195,0.0,0.0,0.3842821,1.3379855,0.0,0.0,0.66120195,2.0228493,1.0557878,0.0,0.0,0.8778322,0.0,0.0,0.0,1.737936,0.66120195,0.0,0.0,0.3842821,0.0,0.0,0.0,0.66120195,0.0,0.0,0.8778322,0.0,1.2068082,2.4661376,1.8171277,0.0,1.2068082,0.0,1.3379855,0.66120195,1.0557878,0.3842821,0.0,0.0,0.0,0.8778322,0.8778322,0.0,0.66120195,0.8778322,0.3842821,0.3842821,0.3842821,0.66120195,0.66120195,0.8778322,0.0,1.8171277,0.0,0.0,1.4539337,0.0,0.0,0.3842821,0.8778322,0.3842821,3.2147288,0.0,2.0228493,0.3842821,0.3842821,0.0,0.3842821
0.0,0.55217576,0.55217576,0.0,0.0,0.0,0.0,0.0,0.0,0.0,0.55217576,0.55217576,0.0,0.0,1.1666088,0.0,0.9058592,4.4341946,0.55217576,0.9058592,0.0,0.0,2.1246877,1.8179467,0.0,0.0,0.55217576,0.9058592,0.55217576,2.6579149,0.55217576,0.9058592,0.55217576,0.0,1.6904961,0.0,0.0,0.55217576,1.9309744,0.0,0.0,0.55217576,1.5443962,0.55217576,0.0,0.0,1.8179467,0.0,0.55217576,0.0,0.0,0.9058592,0.0,0.0,0.55217576,1.1666088,0.0,0.55217576,0.0,0.9058592,2.1246877,0.55217576,0.0,2.1246877,0.0,1.5443962,1.3732378,0.0,0.55217576,0.55217576,0.0,0.0,0.9058592,0.9058592,1.3732378,0.0,0.0,0.0,0.0,0.0,0.55217576,0.0,0.0,0.0,2.1246877,0.0,0.55217576,0.9058592,0.0,0.9058592,0.0,0.9058592,0.55217576,3.36754,0.55217576,1.5443962,1.1666088,1.1666088,0.55217576,0.0
0.0,0.45683753,1.0069417,0.45683753,0.0,0.0,0.76924884,0.76924884,0.76924884,0.45683753,0.45683753,0.0,0.0,0.0,0.45683753,0.45683753,0.76924884,4.1697297,0.0,0.45683753,0.0,0.0,1.0069417,1.99739,0.0,0.45683753,0.45683753,0.76924884,0.76924884,2.3287554,0.76924884,0.45683753,0.45683753,0.0,1.99739,0.76924884,0.0,0.45683753,1.4983798,0.0,0.0,0.0,0.76924884,0.0,0.76924884,0.0,2.3836331,0.45683753,0.76924884,0.45683753,0.0,0.45683753,0.0,0.0,0.0,1.1988465,0.45683753,1.1988465,0.0,0.0,2.143348,0.45683753,0.45683753,1.0069417,0.0,0.76924884,0.45683753,0.45683753,0.0,0.0,0.0,0.0,0.0,0.76924884,0.76924884,0.45683753,0.45683753,0.0,0.0,0.45683753,0.0,0.45683753,0.45683753,0.45683753,2.0730295,0.0,0.45683753,0.45683753,0.45683753,1.7285674,0.45683753,1.0069417,0.76924884,3.5434546,0.0,1.9155575,1.1988465,1.1988465,0.76924884,0.45683753
0.0,1.5242589,0.0,1.2221543,1.2221543,0.0,0.7872049,0.46914274,0.0,0.7872049,0.0,0.46914274,0.0,0.46914274,0.7872049,0.46914274,1.0281432,4.6266117,0.46914274,0.46914274,0.0,0.0,1.755957,1.5242589,0.46914274,1.0281432,0.46914274,1.3845719,0.46914274,2.0261536,0.0,0.0,0.46914274,0.0,0.46914274,0.0,0.0,0.46914274,2.3005176,0.7872049,0.0,0.0,1.3845719,0.0,0.0,0.46914274,1.5242589,0.46914274,0.7872049,1.0281432,0.7872049,1.2221543,0.46914274,0.0,0.0,0.0,0.0,0.0,0.0,0.7872049,2.4138217,2.1021173,0.0,2.1727157,0.0,1.2221543,1.9439414,0.46914274,0.0,0.0,1.0281432,0.0,1.3845719,1.2221543,1.85436,0.0,1.2221543,0.0,0.0,0.0,0.0,0.0,0.46914274,0.7872049,1.6468034,0.7872049,0.0,0.7872049,0.46914274,1.3845719,0.46914274,1.3845719,0.46914274,3.6247678,0.7872049,2.238657,0.46914274,2.0261536,0.0,0.46914274
0.46695638,1.0243899,0.0,1.2180316,1.7511206,0.0,0.7840219,0.46695638,0.0,0.0,0.0,0.0,0.0,0.0,0.0,0.46695638,0.0,4.1319385,0.0,0.0,0.0,0.0,0.46695638,1.3801906,0.0,0.0,0.46695638,0.0,0.0,0.7840219,0.46695638,0.0,1.0243899,0.46695638,0.0,0.46695638,0.0,0.0,2.2334328,0.0,0.0,0.46695638,0.0,0.0,0.0,0.0,2.2334328,0.0,0.7840219,0.0,0.0,0.46695638,0.0,0.0,0.0,0.46695638,0.46695638,0.46695638,0.0,0.0,2.4606457,1.3801906,0.0,1.2180316,0.46695638,1.3801906,0.0,0.46695638,0.0,0.46695638,0.0,0.46695638,0.7840219,0.46695638,0.7840219,0.0,1.6420836,0.7840219,0.46695638,0.46695638,0.0,0.0,0.0,0.0,1.3801906,0.7840219,0.0,0.7840219,0.46695638,0.46695638,0.46695638,1.0243899,1.0243899,2.9367228,0.0,1.2180316,0.46695638,0.0,0.46695638,0.0
0.40441787,0.6915759,0.0,0.0,0.0,0.40441787,0.91440487,0.6915759,0.0,0.40441787,0.0,0.0,0.0,0.6915759,0.0,0.0,1.0965167,3.9287424,0.0,0.40441787,0.0,0.0,0.0,1.2505176,0.0,0.0,0.6915759,0.40441787,0.0,2.2484784,1.5016321,0.40441787,0.40441787,0.0,0.40441787,0.6915759,0.0,0.6915759,2.6361372,0.0,0.0,0.0,0.0,0.40441787,0.40441787,0.40441787,1.6069226,0.0,0.40441787,0.40441787,0.40441787,0.40441787,0.0,0.0,0.0,0.91440487,0.40441787,0.0,0.40441787,0.40441787,2.299755,0.6915759,0.40441787,2.012178,0.0,1.2505176,0.6915759,0.0,0.0,0.40441787,0.0,0.0,0.0,0.0,0.40441787,0.40441787,0.6915759,0.6915759,0.6915759,0.0,0.40441787,0.6915759,1.3839365,0.40441787,1.8691416,0.40441787,0.40441787,1.3839365,0.40441787,0.0,0.0,1.5016321,0.40441787,3.493458,0.6915759,0.91440487,0.0,0.40441787,0.40441787,0.0
0.0,1.2590032,0.0,0.48887277,0.0,0.0,0.8157871,0.0,0.0,0.8157871,0.48887277,0.0,0.0,0.8157871,0.0,0.0,0.48887277,3.6427872,0.0,0.8157871,0.0,0.0,0.48887277,0.48887277,0.0,0.48887277,0.0,0.0,0.48887277,0.8157871,0.8157871,0.0,0.0,0.8157871,0.0,0.0,0.0,0.0,2.2187908,0.8157871,0.0,0.48887277,0.48887277,0.0,0.0,0.0,2.147769,0.0,0.0,0.48887277,0.48887277,0.0,0.0,0.0,0.0,0.0,0.0,0.0,0.48887277,0.48887277,2.2851014,0.0,0.0,1.988528,0.0,1.0617518,0.0,0.0,0.0,0.0,0.0,0.0,0.0,1.0617518,0.48887277,0.0,0.8157871,0.0,0.0,0.8157871,0.48887277,0.8157871,0.48887277,0.48887277,2.147769,0.0,0.0,0.48887277,0.0,0.0,0.48887277,1.0617518,0.0,2.6560564,0.48887277,1.4236832,0.48887277,0.48887277,0.0,0.0
0.0,0.91743225,0.40609947,0.0,0.0,0.0,0.69409853,0.40609947,0.0,0.0,0.0,0.0,0.0,0.0,0.69409853,0.69409853,0.69409853,4.0182505,0.40609947,0.40609947,0.0,0.40609947,0.0,0.40609947,0.0,0.0,0.40609947,0.0,1.0998806,1.5055568,1.7063044,0.0,0.0,0.40609947,0.0,0.40609947,0.40609947,0.0,2.1989152,0.0,0.0,0.0,0.0,0.0,0.0,0.0,2.1989152,0.0,0.40609947,0.0,0.0,0.40609947,0.0,0.0,0.0,0.40609947,0.40609947,0.0,0.0,0.40609947,2.304297,0.0,0.0,1.7063044,0.40609947,0.40609947,0.91743225,0.0,0.0,0.0,0.0,0.0,0.0,0.69409853,0.40609947,0.0,0.40609947,0.0,0.0,0.40609947,0.69409853,1.5055568,0.69409853,0.0,1.7063044,0.40609947,0.91743225,0.69409853,0.69409853,0.69409853,0.0,1.2541218,0.0,2.805147,0.0,1.9475405,1.0998806,0.40609947,0.40609947,0.40609947
0.0,1.3024335,0.0,0.0,0.428952,0.0,1.1450471,0.428952,0.0,0.0,0.0,0.0,0.0,0.0,0.0,0.428952,0.72817385,3.7434824,0.0,0.428952,0.0,0.0,0.0,0.0,0.0,0.428952,0.428952,0.0,0.0,1.6649064,1.9303789,0.0,0.428952,0.72817385,0.0,0.0,0.428952,0.72817385,2.0052254,0.0,0.0,0.0,0.0,0.0,0.428952,0.0,1.9303789,0.0,0.0,0.0,0.0,0.0,0.0,0.0,0.0,0.428952,0.0,0.0,0.428952,0.72817385,2.7031603,0.0,0.0,1.7614422,0.428952,0.72817385,1.1450471,0.428952,0.0,0.0,0.0,0.0,0.0,0.95817786,0.0,0.0,0.428952,0.0,0.0,0.0,0.0,0.428952,0.0,0.0,1.6649064,0.0,0.428952,0.95817786,0.0,0.72817385,0.0,0.0,0.0,3.264821,0.0,2.3131297,0.72817385,0.72817385,1.1450471,0.428952
0.0,1.0425875,0.0,0.0,0.0,0.0,1.0425875,0.0,0.0,0.6514256,0.0,0.6514256,0.6514256,0.6514256,0.0,1.0425875,1.0425875,4.358438,0.0,0.0,0.0,0.0,0.0,0.0,0.0,0.0,0.6514256,0.6514256,0.0,2.121805,1.0425875,0.0,1.0425875,0.0,0.6514256,0.0,0.0,0.0,2.121805,1.0425875,0.0,0.0,0.6514256,0.0,0.0,0.6514256,1.5418215,0.0,1.0425875,0.0,0.0,0.0,0.0,0.0,0.6514256,0.6514256,0.0,0.0,0.0,1.0425875,1.7212241,0.6514256,0.0,2.2261858,0.0,0.6514256,0.0,0.6514256,0.0,0.0,0.6514256,0.0,0.6514256,0.6514256,0.0,0.6514256,0.6514256,0.6514256,0.0,0.0,0.6514256,0.0,1.0425875,0.0,1.7212241,0.0,1.0425875,0.0,0.0,0.6514256,0.0,1.0425875,1.0425875,3.4139411,1.0425875,2.121805,0.0,0.6514256,0.0,0.6514256
0.0,0.35485014,0.35485014,0.0,0.35485014,0.0,1.1409802,0.0,0.0,0.35485014,0.0,0.0,0.0,0.0,0.0,0.6162304,0.35485014,3.7351146,0.0,1.4833611,0.35485014,0.35485014,0.99468327,0.82325435,0.0,0.0,0.0,0.35485014,0.35485014,1.5756128,0.6162304,0.0,0.35485014,0.0,0.0,0.6162304,0.0,0.0,2.4179835,0.6162304,0.0,0.35485014,0.6162304,0.0,0.82325435,0.35485014,1.5756128,0.0,0.0,0.0,0.6162304,0.35485014,0.35485014,0.0,0.35485014,0.82325435,0.0,0.0,0.0,0.35485014,2.8925183,0.82325435,0.0,1.1409802,0.0,1.3817261,0.0,0.82325435,0.82325435,0.0,0.35485014,0.0,0.6162304,0.99468327,0.0,0.35485014,0.99468327,0.6162304,0.0,0.0,0.35485014,0.35485014,0.35485014,0.0,1.6600682,0.35485014,0.6162304,0.99468327,0.82325435,0.82325435,0.0,1.737943,0.0,3.2793317,0.0,1.2685806,0.6162304,0.82325435,0.0,0.6162304
0.5538069,1.5474176,0.0,1.6936289,2.035852,0.5538069,0.0,0.0,0.0,0.0,0.5538069,0.5538069,0.5538069,0.5538069,0.5538069,0.0,0.5538069,4.245739,0.0,0.0,0.0,0.0,1.1692545,0.5538069,0.0,0.0,0.5538069,0.0,0.0,1.6936289,1.5474176,0.0,0.5538069,0.0,0.5538069,0.0,0.90814877,0.5538069,2.290347,1.3761065,0.0,0.0,0.0,0.0,0.0,0.5538069,1.8211641,0.5538069,0.0,0.0,0.0,0.0,0.0,0.0,0.0,0.5538069,0.0,0.5538069,0.0,0.90814877,1.6936289,1.3761065,0.0,2.3625722,0.0,0.90814877,0.0,0.0,1.1692545,0.0,0.0,0.5538069,1.1692545,0.5538069,0.0,0.5538069,0.0,0.5538069,0.5538069,0.0,0.5538069,0.90814877,1.1692545,0.0,1.8211641,0.0,0.5538069,1.1692545,0.5538069,0.0,0.0,1.9342583,0.0,3.3190868,0.0,2.8493764,0.90814877,1.3761065,0.0,0.90814877
0.0,1.8832613,0.8728521,0.5287819,0.0,0.0,0.0,0.0,0.5287819,0.0,0.0,0.0,1.1283628,0.5287819,0.0,0.0,0.5287819,4.2077045,0.0,0.8728521,0.0,0.0,1.1283628,0.8728521,0.0,0.5287819,0.0,0.0,0.0,1.6450337,1.3316947,0.0,0.8728521,0.0,0.8728521,0.5287819,0.0,0.0,2.2366984,0.5287819,0.0,0.0,0.0,0.0,0.0,0.0,2.1593502,0.0,0.8728521,0.0,0.8728521,0.0,0.5287819,0.0,0.5287819,0.5287819,0.5287819,0.5287819,0.0,0.5287819,1.7712249,0.0,0.8728521,1.7712249,0.0,0.5287819,0.0,0.0,0.5287819,0.0,0.0,0.0,0.5287819,0.0,0.5287819,0.5287819,0.5287819,0.0,0.0,0.0,0.0,0.0,0.5287819,0.0,1.6450337,0.5287819,0.0,1.1283628,0.5287819,0.5287819,0.0,0.8728521,0.0,3.4981954,0.0,1.7712249,0.5287819,2.308491,0.0,0.8728521
0.37967432,1.0463479,0.37967432,0.0,1.1966588,0.0,0.37967432,0.0,0.0,0.37967432,0.0,0.6542072,0.0,0.0,0.6542072,0.0,0.6542072,3.9994802,0.0,0.37967432,0.0,0.37967432,1.0463479,1.3273007,0.0,0.0,0.37967432,0.0,0.0,1.0463479,0.86937743,0.0,0.6542072,0.0,0.0,0.0,0.0,0.0,2.3259275,1.8049871,0.37967432,0.37967432,0.6542072,0.37967432,0.37967432,0.0,2.010268,0.0,0.37967432,0.0,0.37967432,0.0,0.0,0.0,0.0,0.37967432,0.0,0.0,0.0,0.6542072,1.1966588,1.1966588,0.6542072,1.4428304,0.0,1.8049871,0.37967432,1.1966588,0.6542072,0.0,0.0,0.0,0.86937743,0.86937743,0.0,0.0,1.4428304,0.86937743,0.37967432,0.37967432,0.0,0.0,0.6542072,0.0,1.9464114,0.37967432,0.0,1.1966588,0.37967432,0.0,0.0,1.3273007,0.37967432,3.2377307,0.0,2.600378,0.37967432,1.1966588,0.0,0.37967432
0.33584484,0.5868106,0.33584484,0.7872593,2.2387462,0.33584484,0.0,0.5868106,0.0,0.0,0.33584484,0.0,0.33584484,0.0,0.0,0.33584484,1.2222247,3.9217975,0.33584484,0.5868106,0.0,0.0,1.2222247,1.4334106,0.0,0.0,0.5868106,0.0,0.0,1.5243368,1.3333822,0.0,0.5868106,0.0,0.0,0.33584484,0.33584484,0.0,2.3588638,1.2222247,0.0,0.0,0.0,0.0,0.0,0.33584484,1.3333822,0.0,0.33584484,0.0,0.0,0.0,0.0,0.0,0.0,0.33584484,0.33584484,0.0,0.0,0.33584484,1.8852054,2.1952715,0.0,1.8852054,0.0,0.33584484,0.9541597,0.0,0.7872593,0.33584484,0.5868106,0.33584484,0.7872593,0.33584484,0.0,0.33584484,0.9541597,0.7872593,0.0,0.0,0.0,0.7872593,0.33584484,0.33584484,1.6076802,0.5868106,0.5868106,0.5868106,0.33584484,0.33584484,0.0,1.2222247,0.33584484,3.0232003,0.0,1.5243368,0.5868106,1.8852054,0.33584484,0.0
0.0,1.0325859,0.7909749,0.0,0.0,0.0,0.0,0.0,0.0,0.47173512,0.0,0.0,0.0,0.0,0.0,0.0,1.0325859,3.5130289,0.0,0.0,0.0,0.0,0.0,1.6523843,0.0,0.0,0.47173512,0.47173512,0.47173512,1.5296664,1.2270322,0.0,0.0,0.0,0.0,0.0,0.47173512,0.47173512,2.3067355,1.3897543,0.47173512,0.7909749,0.7909749,0.0,0.0,0.0,1.5296664,0.0,0.0,0.0,0.47173512,0.0,0.0,0.0,0.0,0.0,0.0,0.0,0.0,0.0,1.9498634,0.47173512,0.0,1.3897543,0.47173512,0.47173512,1.0325859,0.0,1.5296664,0.0,0.0,0.47173512,0.0,0.47173512,0.47173512,0.47173512,1.0325859,0.0,0.0,0.0,0.0,0.0,0.0,0.0,1.9498634,0.0,0.7909749,1.3897543,0.47173512,0.47173512,0.0,0.47173512,0.0,3.1741028,0.47173512,1.6523843,0.7909749,1.2270322,0.0,0.0
0.26636627,0.6500513,0.0,0.26636627,1.1431048,0.0,0.92666286,0.47649878,0.26636627,0.47649878,0.0,0.0,0.0,1.1431048,0.0,0.0,0.26636627,4.0021834,0.0,0.6500513,0.0,0.0,0.79789096,1.2359668,0.0,0.26636627,0.47649878,0.47649878,0.6500513,2.1900365,1.4718626,0.26636627,0.79789096,0.0,0.6500513,0.26636627,0.26636627,0.26636627,2.431615,1.3209335,0.26636627,0.47649878,0.79789096,0.47649878,0.0,0.0,1.5395639,0.26636627,0.47649878,0.26636627,0.79789096,0.26636627,0.0,0.0,0.92666286,0.0,0.0,0.47649878,0.0,0.92666286,2.287591,0.47649878,0.0,2.0819259,0.0,0.0,0.47649878,0.26636627,1.5395639,0.26636627,0.0,0.26636627,0.6500513,0.47649878,0.47649878,0.79789096,0.79789096,0.47649878,0.0,0.26636627,0.47649878,0.26636627,0.92666286,0.0,2.0819259,0.26636627,0.79789096,0.6500513,1.1431048,0.47649878,0.0,0.6500513,0.26636627,3.421185,0.26636627,1.3992428,0.47649878,1.3209335,0.6500513,0.26636627
0.3904504,0.67053974,0.3904504,0.3904504,0.3904504,0.3904504,0.3904504,0.0,0.0,0.0,0.0,0.0,1.068354,0.3904504,0.0,0.3904504,0.3904504,4.07406,0.0,0.67053974,0.0,0.0,0.0,0.3904504,0.0,0.0,0.0,0.67053974,0.0,1.6674833,1.220308,0.0,0.3904504,0.3904504,0.0,0.0,0.67053974,0.3904504,2.5604124,0.67053974,0.0,0.0,0.67053974,0.0,0.67053974,0.0,1.4686857,0.0,0.3904504,0.0,0.67053974,0.3904504,0.3904504,0.0,0.67053974,0.0,0.3904504,0.3904504,0.0,0.0,1.9753858,0.0,0.0,1.7537913,0.0,1.3521886,0.3904504,1.220308,0.67053974,0.0,0.0,0.0,0.0,0.8890998,0.0,0.67053974,0.8890998,0.8890998,0.0,0.0,0.0,0.3904504,0.0,0.0,1.8332385,0.0,1.068354,1.3521886,0.3904504,0.0,0.67053974,0.8890998,0.3904504,3.5528557,0.0,1.4686857,0.8890998,0.8890998,0.3904504,0.3904504
0.0,1.1848942,0.7585465,0.0,0.0,0.7585465,0.44953638,0.6159301,0.0,0.0,0.0,0.44953638,0.0,0.0,0.24981868,0.24981868,0.6159301,5.1548057,0.0,1.0941182,0.24981868,0.0,0.7585465,1.2681112,0.0,0.24981868,0.883339,0.44953638,0.7585465,2.1256819,1.4162703,0.0,0.9942719,0.24981868,0.0,0.44953638,0.24981868,0.0,2.4423754,0.7585465,0.24981868,1.0941182,0.883339,0.9942719,0.44953638,0.0,1.7620687,0.24981868,0.6159301,0.24981868,0.24981868,0.6159301,0.0,0.44953638,0.0,0.7585465,0.24981868,0.0,0.0,0.7585465,1.9401284,0.24981868,0.24981868,2.7391238,0.0,0.883339,0.44953638,0.24981868,0.883339,0.0,0.24981868,0.24981868,0.0,0.24981868,0.0,0.9942719,0.6159301,0.0,0.24981868,0.24981868,0.24981868,0.0,1.2681112,0.24981868,2.018527,0.24981868,0.7585465,0.24981868,1.2681112,0.0,0.24981868,1.1848942,0.6159301,3.855626,0.0,1.0941182,0.9942719,0.9942719,0.44953638,0.44953638
0.3072731,1.0291054,0.0,0.7319528,1.0291054,0.0,0.5419896,0.0,0.0,0.5419896,0.5419896,0.0,0.0,0.0,0.0,0.5419896,0.7319528,5.8016834,0.3072731,0.8915262,0.0,0.0,0.7319528,0.8915262,0.0,0.0,0.5419896,0.0,0.3072731,2.554938,0.3072731,0.0,0.3072731,0.0,0.0,0.0,0.0,0.7319528,2.554938,0.7319528,0.0,0.3072731,1.0291054,0.3072731,0.5419896,0.0,1.5254304,0.0,0.7319528,0.0,0.3072731,0.0,0.0,0.0,0.5419896,0.5419896,0.0,0.5419896,0.0,0.7319528,1.7362924,1.4439522,0.3072731,2.1875858,0.0,1.3552417,0.8915262,0.0,0.3072731,0.0,0.3072731,0.3072731,0.8915262,0.8915262,0.0,0.7319528,0.0,0.0,0.5419896,0.7319528,0.3072731,0.7319528,0.7319528,0.0,1.7977368,0.7319528,0.0,0.3072731,0.3072731,0.0,0.0,0.3072731,0.3072731,3.4409254,0.5419896,1.1500255,0.0,0.0,0.0,0.0
0.17956725,1.2120578,0.0,0.0,0.33174592,0.0,0.17956725,0.0,0.0,0.0,0.0,0.33174592,0.0,0.33174592,0.17956725,0.0,0.17956725,4.402402,0.0,0.8657953,0.0,0.17956725,0.7794149,0.7794149,0.0,0.17956725,0.17956725,0.0,0.7794149,1.1517401,1.2689433,0.0,0.46379572,0.0,0.33174592,0.17956725,0.17956725,0.46379572,2.3073907,0.8657953,0.17956725,0.17956725,0.33174592,0.0,0.0,0.33174592,2.013713,0.33174592,0.6848614,0.0,0.17956725,0.5804249,0.33174592,0.46379572,0.33174592,0.46379572,0.0,0.0,0.17956725,0.33174592,2.160016,0.33174592,0.0,2.502408,0.17956725,0.9453038,0.46379572,0.17956725,0.5804249,0.17956725,0.33174592,0.17956725,0.5804249,0.5804249,0.17956725,0.33174592,0.7794149,0.46379572,0.0,0.17956725,0.5804249,0.46379572,0.6848614,0.0,2.064896,0.0,0.7794149,0.46379572,0.46379572,0.33174592,0.0,1.422431,0.33174592,3.556176,0.33174592,0.8657953,0.17956725,0.46379572,0.17956725,0.5804249
0.0,0.6057951,0.44156504,0.0,0.24495952,0.0,0.24495952,0.44156504,0.0,0.0,0.0,0.24495952,0.0,0.0,0.0,0.44156504,0.44156504,4.675714,0.0,0.6057951,0.0,0.0,0.44156504,0.44156504,0.24495952,0.0,0.0,0.0,0.87039256,1.5863688,0.6057951,0.24495952,0.44156504,0.0,0.0,0.0,0.24495952,0.24495952,2.1394048,0.74681985,0.0,0.6057951,0.24495952,0.0,0.0,0.0,2.2329228,0.44156504,0.24495952,0.44156504,0.24495952,0.0,0.0,0.0,0.24495952,0.6057951,0.0,0.44156504,0.0,0.6057951,1.7911348,0.6057951,0.0,1.9993292,0.6057951,1.4657604,0.74681985,0.44156504,1.1695542,0.0,0.74681985,0.24495952,0.24495952,0.44156504,0.24495952,0.6057951,0.44156504,0.0,0.0,0.24495952,0.44156504,0.87039256,0.74681985,0.24495952,1.9993292,0.44156504,0.0,0.87039256,1.0794251,0.0,0.44156504,1.4657604,0.0,3.8218513,0.44156504,1.2522275,0.24495952,0.24495952,0.6057951,0.0
0.18655454,0.97105265,0.0,0.18655454,0.34371784,0.0,0.0,0.0,0.18655454,0.0,0.0,0.0,0.0,0.18655454,0.0,0.0,0.34371784,3.7478144,0.0,0.18655454,0.0,0.0,0.34371784,0.47950277,0.0,0.0,0.0,0.34371784,0.47950277,1.1154377,0.7057927,0.18655454,0.599035,0.18655454,0.34371784,0.18655454,0.0,0.34371784,2.0500104,0.599035,0.0,0.0,0.0,0.0,0.0,0.0,1.6690073,0.18655454,0.18655454,0.34371784,0.18655454,0.0,0.18655454,0.0,0.0,0.18655454,0.47950277,0.0,0.0,0.34371784,1.9383991,0.34371784,0.18655454,1.8456712,0.0,1.2415819,0.0,0.7057927,0.47950277,0.0,0.18655454,0.599035,0.18655454,0.80224466,0.0,0.34371784,0.80224466,0.0,0.18655454,0.18655454,0.0,0.47950277,0.599035,0.0,2.6480017,0.34371784,0.80224466,0.18655454,0.0,0.18655454,0.18655454,1.6690073,0.18655454,3.562468,0.0,1.2415819,0.18655454,0.18655454,0.34371784,0.18655454
0.0,0.9316515,0.0,0.0,0.0,0.0,0.0,0.9316515,0.0,0.9316515,1.4054587,0.0,1.4054587,0.0,0.0,0.9316515,0.0,3.7137222,0.0,0.0,0.0,0.0,0.9316515,2.1625745,0.0,0.0,0.0,0.0,0.0,2.1625745,0.9316515,0.0,0.9316515,0.9316515,0.0,1.4054587,0.9316515,0.0,1.9677825,0.0,0.0,0.0,0.0,0.0,0.0,0.0,1.9677825,0.0,1.7256365,0.0,0.9316515,1.4054587,0.0,0.0,0.0,0.9316515,0.0,1.4054587,0.0,0.0,3.044669,0.0,0.0,2.1625745,0.0,1.4054587,0.0,0.9316515,0.9316515,0.0,0.0,0.0,0.0,0.0,0.9316515,0.0,0.0,0.0,0.0,0.0,0.0,0.0,0.9316515,0.0,1.7256365,0.9316515,0.0,0.0,0.0,0.0,0.0,0.9316515,0.0,3.3567777,0.0,0.9316515,0.9316515,0.0,0.0,0.0
0.0,0.0,0.88487333,0.0,0.0,0.0,0.0,0.88487333,0.0,1.3468659,0.0,0.0,0.0,0.0,0.0,0.0,0.0,3.8089488,0.0,0.88487333,0.0,0.0,0.0,0.0,0.0,0.0,0.0,0.0,0.0,0.0,0.0,0.0,0.88487333,0.0,0.0,0.0,0.0,0.0,1.90072,1.90072,0.0,0.0,0.0,0.88487333,0.0,0.0,1.90072,0.0,0.88487333,0.0,0.0,0.0,0.0,0.0,0.0,0.0,0.0,0.88487333,0.0,0.88487333,1.90072,0.0,0.0,1.90072,0.0,1.661657,0.0,0.0,0.0,0.0,0.0,0.0,0.0,2.0935154,0.0,0.0,1.90072,0.0,0.0,0.0,0.0,0.0,0.0,0.0,0.88487333,0.0,1.3468659,1.3468659,0.0,0.0,0.0,0.88487333,0.0,3.637313,0.0,1.661657,0.0,0.0,0.88487333,0.0
0.0,0.0,0.0,0.0,0.0,0.0,0.0,1.613611,1.613611,0.0,0.0,0.0,0.0,0.0,0.0,0.0,0.0,4.6965137,0.0,0.0,0.0,0.0,1.613611,0.0,0.0,0.0,0.0,0.0,0.0,1.613611,0.0,0.0,0.0,0.0,0.0,0.0,0.0,0.0,2.5697627,0.0,0.0,0.0,0.0,0.0,0.0,0.0,1.613611,0.0,0.0,0.0,0.0,0.0,0.0,0.0,0.0,1.613611,0.0,2.5697627,0.0,0.0,2.838121,0.0,0.0,0.0,0.0,0.0,0.0,0.0,0.0,0.0,0.0,1.613611,0.0,0.0,0.0,0.0,1.613611,0.0,0.0,0.0,0.0,0.0,0.0,0.0,2.2018602,0.0,1.613611,1.613611,0.0,0.0,0.0,0.0,1.613611,3.37233,1.613611,3.0494883,0.0,0.0,0.0,0.0
0.0,1.2790879,0.0,0.0,0.0,0.0,0.0,0.0,0.0,0.0,1.8224053,0.0,0.0,0.0,0.0,0.0,1.8224053,4.5192595,0.0,1.2790879,0.0,0.0,0.0,0.0,0.0,0.0,0.0,1.2790879,0.0,1.8224053,1.2790879,0.0,0.0,0.0,0.0,0.0,0.0,0.0,0.0,0.0,0.0,0.0,0.0,0.0,0.0,0.0,1.2790879,0.0,0.0,1.2790879,0.0,0.0,0.0,0.0,0.0,1.2790879,0.0,0.0,0.0,1.2790879,3.1921313,0.0,0.0,1.8224053,1.2790879,0.0,0.0,0.0,0.0,0.0,0.0,0.0,0.0,1.2790879,1.8224053,1.2790879,0.0,0.0,0.0,0.0,0.0,0.0,1.2790879,0.0,1.8224053,0.0,0.0,0.0,0.0,0.0,0.0,1.8224053,0.0,3.3853042,0.0,2.1724858,0.0,1.2790879,1.2790879,0.0
1.0913323,0.0,1.0913323,1.0913323,0.0,0.0,0.0,0.0,0.0,0.0,0.0,0.0,0.0,0.0,1.0913323,1.0913323,0.0,4.431841,0.0,1.0913323,0.0,0.0,0.0,0.0,0.0,1.6006956,0.0,0.0,0.0,1.6006956,1.6006956,0.0,0.0,0.0,0.0,1.0913323,0.0,0.0,1.9365404,1.6006956,0.0,0.0,1.0913323,0.0,0.0,0.0,0.0,0.0,1.0913323,0.0,0.0,0.0,0.0,0.0,0.0,1.0913323,1.9365404,0.0,0.0,0.0,2.8229203,0.0,0.0,1.6006956,0.0,0.0,0.0,1.0913323,0.0,0.0,0.0,0.0,0.0,1.0913323,1.6006956,0.0,0.0,1.0913323,0.0,0.0,0.0,0.0,0.0,0.0,1.6006956,0.0,0.0,1.9365404,0.0,1.0913323,0.0,0.0,0.0,3.2853043,1.0913323,0.0,0.0,1.0913323,0.0,1.0913323
0.0,0.0,0.0,0.0,0.0,0.0,0.0,0.0,0.0,0.0,0.0,1.2879539,0.0,0.0,1.8326969,1.2879539,0.0,4.3790326,0.0,1.2879539,0.0,0.0,0.0,1.2879539,0.0,0.0,0.0,0.0,0.0,1.2879539,0.0,0.0,1.2879539,0.0,1.2879539,0.0,0.0,0.0,1.8326969,1.2879539,0.0,0.0,1.2879539,0.0,0.0,0.0,2.1833603,1.2879539,0.0,1.2879539,0.0,0.0,0.0,0.0,0.0,0.0,0.0,1.2879539,0.0,0.0,2.4424725,0.0,0.0,0.0,0.0,1.8326969,2.4424725,0.0,0.0,0.0,1.2879539,0.0,0.0,0.0,2.4424725,0.0,0.0,0.0,0.0,0.0,0.0,0.0,0.0,0.0,1.8326969,0.0,0.0,2.1833603,1.2879539,0.0,0.0,0.0,0.0,2.8185275,0.0,2.1833603,1.2879539,0.0,0.0,0.0
0.0,0.0,1.7888488,0.0,0.0,0.0,0.0,0.0,0.0,1.7888488,0.0,0.0,0.0,0.0,0.0,0.0,0.0,4.706068,0.0,0.0,0.0,0.0,0.0,0.0,0.0,0.0,0.0,0.0,0.0,0.0,0.0,0.0,0.0,0.0,0.0,0.0,0.0,0.0,0.0,0.0,1.7888488,0.0,0.0,0.0,0.0,0.0,0.0,0.0,1.7888488,0.0,0.0,0.0,0.0,0.0,0.0,2.3947196,0.0,1.7888488,0.0,0.0,2.3947196,0.0,0.0,2.7693136,0.0,0.0,0.0,0.0,0.0,0.0,0.0,0.0,0.0,0.0,1.7888488,0.0,1.7888488,0.0,0.0,0.0,0.0,0.0,0.0,0.0,1.7888488,0.0,0.0,0.0,0.0,0.0,0.0,0.0,0.0,1.7888488,0.0,2.3947196,1.7888488,0.0,0.0,0.0
0.0,0.0,0.0,0.0,0.0,0.0,1.0443746,0.0,0.0,0.0,0.0,0.0,0.0,1.0443746,1.0443746,1.0443746,0.0,5.427235,0.0,0.0,0.0,0.0,0.0,2.1242335,0.0,0.0,1.0443746,0.0,1.0443746,1.8756198,0.0,0.0,1.5439905,0.0,1.5439905,0.0,1.0443746,0.0,0.0,1.0443746,1.5439905,1.0443746,1.0443746,1.5439905,0.0,0.0,1.0443746,0.0,1.0443746,1.0443746,1.5439905,0.0,0.0,0.0,0.0,1.0443746,0.0,0.0,0.0,1.0443746,2.3231819,0.0,0.0,1.8756198,0.0,0.0,2.966108,0.0,0.0,0.0,2.1242335,0.0,0.0,0.0,1.0443746,1.0443746,0.0,0.0,0.0,0.0,1.5439905,0.0,0.0,0.0,1.0443746,1.5439905,0.0,0.0,1.0443746,0.0,1.0443746,2.3231819,0.0,3.5307384,0.0,1.8756198,1.0443746,0.0,0.0,0.0
0.0,2.3559418,1.4309536,0.0,0.0,0.0,0.0,1.4309536,0.0,1.4309536,1.4309536,0.0,0.0,1.4309536,0.0,0.0,0.0,4.693285,0.0,0.0,0.0,0.0,0.0,1.4309536,0.0,0.0,0.0,0.0,0.0,0.0,0.0,0.0,0.0,0.0,1.4309536,0.0,0.0,1.4309536,1.4309536,0.0,0.0,0.0,0.0,0.0,0.0,0.0,0.0,0.0,1.4309536,0.0,0.0,0.0,0.0,0.0,0.0,1.9967896,0.0,0.0,0.0,0.0,1.9967896,0.0,0.0,1.9967896,0.0,0.0,1.4309536,0.0,0.0,0.0,1.9967896,0.0,0.0,0.0,2.3559418,0.0,1.4309536,0.0,1.4309536,0.0,0.0,0.0,0.0,1.4309536,0.0,0.0,0.0,0.0,0.0,0.0,0.0,0.0,1.4309536,3.4912472,0.0,1.9967896,0.0,0.0,1.4309536,0.0
0.0,0.0,2.170879,0.0,0.0,1.8208851,0.0,0.0,0.0,1.2777793,1.2777793,0.0,1.2777793,0.0,0.0,0.0,0.0,5.1466317,0.0,0.0,0.0,0.0,0.0,1.2777793,0.0,1.8208851,1.2777793,0.0,0.0,3.467732,0.0,0.0,1.8208851,1.8208851,2.170879,0.0,0.0,0.0,1.2777793,0.0,1.2777793,0.0,1.8208851,0.0,2.170879,0.0,0.0,0.0,1.2777793,1.2777793,0.0,0.0,0.0,0.0,1.8208851,1.2777793,0.0,0.0,0.0,1.2777793,3.9157076,0.0,0.0,0.0,0.0,1.8208851,1.2777793,0.0,1.2777793,0.0,0.0,0.0,0.0,1.2777793,1.2777793,0.0,1.2777793,0.0,1.8208851,0.0,0.0,0.0,0.0,0.0,2.429627,0.0,0.0,1.8208851,0.0,0.0,0.0,1.2777793,0.0,3.9660041,1.8208851,2.429627,1.2777793,0.0,0.0,0.0
0.0,0.0,0.0,0.0,0.0,0.0,0.0,0.0,0.0,1.3287276,1.3287276,0.0,0.0,0.0,1.8798422,0.0,0.0,4.586683,0.0,0.0,0.0,0.0,1.8798422,0.0,0.0,0.0,0.0,0.0,0.0,1.8798422,1.3287276,0.0,0.0,1.3287276,0.0,1.8798422,0.0,1.3287276,1.8798422,1.3287276,0.0,0.0,1.3287276,0.0,0.0,0.0,1.8798422,0.0,0.0,0.0,1.3287276,0.0,0.0,0.0,0.0,1.3287276,0.0,0.0,0.0,0.0,2.2330964,1.3287276,0.0,1.8798422,0.0,0.0,0.0,1.3287276,0.0,0.0,0.0,0.0,0.0,0.0,0.0,0.0,1.3287276,0.0,0.0,0.0,0.0,0.0,0.0,0.0,1.3287276,0.0,0.0,1.8798422,0.0,0.0,0.0,1.3287276,0.0,3.3590674,0.0,2.2330964,1.8798422,0.0,0.0,0.0
0.0,0.9236128,0.0,0.0,0.0,0.9236128,0.0,0.9236128,0.0,0.0,0.9236128,0.0,0.9236128,0.0,0.0,0.9236128,0.9236128,4.019287,0.0,0.0,0.0,0.9236128,0.0,2.576192,0.0,0.0,0.9236128,0.0,0.0,2.576192,0.9236128,0.0,1.7147195,0.0,1.9563539,0.9236128,0.0,0.0,1.9563539,0.0,0.0,0.0,0.9236128,0.0,0.0,0.9236128,1.7147195,0.0,0.9236128,0.0,0.0,0.0,0.0,0.0,0.0,1.9563539,0.0,0.0,0.9236128,1.3954386,2.1508155,1.3954386,0.0,2.313548,0.0,1.3954386,0.0,0.0,0.0,0.0,0.0,0.0,0.0,0.0,0.9236128,0.9236128,0.0,0.0,0.0,0.0,0.0,0.0,0.0,0.9236128,1.9563539,0.0,0.0,1.9563539,0.0,0.0,0.0,0.9236128,0.0,3.5813656,0.9236128,1.9563539,1.3954386,0.0,0.0,0.0
0.0,0.0,0.0,0.0,0.0,0.0,0.0,0.0,0.0,0.0,0.0,0.0,0.0,0.0,0.87643826,1.3362255,0.0,3.4610755,0.0,0.87643826,0.0,0.0,0.87643826,0.0,0.0,0.0,0.87643826,0.0,0.0,2.3810537,0.0,0.0,0.0,0.0,0.87643826,0.87643826,0.0,0.0,1.8884795,0.0,0.0,0.0,0.87643826,0.0,0.0,1.3362255,1.8884795,0.0,0.87643826,0.87643826,0.0,0.0,0.87643826,0.0,0.0,0.87643826,0.0,0.0,0.0,1.3362255,1.6500007,0.0,0.0,1.3362255,0.0,0.87643826,1.3362255,0.0,0.0,0.0,0.0,0.0,0.0,0.0,1.8884795,0.0,0.0,0.87643826,0.0,0.0,0.0,0.0,0.0,0.0,1.6500007,0.0,0.0,0.87643826,0.0,0.0,0.0,0.0,0.0,3.3688998,0.87643826,0.0,0.0,0.87643826,0.0,0.0
0.0,1.5834978,0.0,0.82883805,0.0,0.0,0.0,0.0,0.0,0.0,0.0,0.82883805,0.0,0.82883805,0.0,1.275729,0.82883805,4.202054,0.0,0.82883805,0.0,0.0,0.82883805,0.0,0.0,0.0,1.275729,0.0,0.82883805,2.721112,1.5834978,0.0,0.82883805,0.0,1.275729,1.275729,1.5834978,0.0,0.0,0.0,0.82883805,0.0,0.82883805,0.0,0.0,0.0,0.0,0.0,0.0,0.82883805,0.0,0.0,0.0,0.0,0.82883805,0.82883805,0.82883805,0.0,0.0,1.275729,2.1683602,1.8185024,0.0,1.275729,0.0,0.82883805,0.0,0.0,0.0,0.0,0.0,0.0,1.275729,0.0,0.0,0.82883805,0.82883805,0.0,0.82883805,0.0,0.82883805,0.0,0.0,0.0,1.5834978,0.0,0.0,1.8185024,0.0,0.0,0.0,0.0,0.0,3.4649775,0.0,1.275729,1.275729,0.0,0.82883805,0.0
0.0,0.0,0.58003545,0.0,0.0,0.0,0.9447629,1.2114365,0.58003545,0.0,0.58003545,0.0,0.58003545,0.0,0.58003545,1.4217596,0.58003545,4.589819,0.0,0.9447629,0.0,0.0,0.0,1.4217596,0.0,0.58003545,0.9447629,0.0,0.0,2.344995,0.9447629,0.58003545,0.0,0.0,1.4217596,0.9447629,0.58003545,0.0,2.2666593,0.0,0.58003545,0.0,0.0,0.58003545,0.0,0.0,1.8722193,0.0,0.0,0.9447629,0.0,0.0,0.0,0.9447629,0.0,0.58003545,0.0,0.0,0.0,0.0,1.9863408,0.58003545,0.0,1.5954422,0.0,1.4217596,0.0,0.9447629,0.0,0.58003545,0.58003545,0.58003545,0.0,0.0,0.58003545,1.2114365,0.58003545,0.58003545,0.0,0.0,0.9447629,0.58003545,1.2114365,0.0,1.2114365,0.0,0.0,0.9447629,0.0,0.0,0.9447629,1.2114365,0.9447629,3.7533412,0.58003545,1.5954422,0.58003545,0.58003545,0.58003545,0.0
0.0,0.4765219,0.4765219,0.7979245,1.6626456,0.0,0.0,1.2360101,0.0,0.4765219,0.0,0.4765219,0.0,0.0,0.4765219,1.5396118,1.6626456,3.8713193,0.0,1.2360101,0.0,0.0,0.4765219,0.7979245,0.4765219,0.0,0.7979245,0.0,0.0,1.5396118,1.6626456,0.0,0.7979245,0.0,0.0,1.0407678,0.4765219,0.7979245,2.3765242,0.4765219,0.0,0.0,0.0,0.4765219,0.0,0.7979245,1.772187,0.0,0.0,0.7979245,0.0,0.0,0.0,0.0,0.0,0.4765219,0.4765219,0.0,0.0,0.0,2.5809186,1.8709049,0.4765219,1.0407678,0.0,0.4765219,1.2360101,1.0407678,0.0,0.0,0.0,0.4765219,1.0407678,0.7979245,0.7979245,0.0,0.7979245,0.0,1.0407678,0.7979245,0.0,0.4765219,0.0,0.0,1.5396118,0.0,0.0,1.2360101,0.0,0.0,0.4765219,0.4765219,0.7979245,3.0221224,0.4765219,0.7979245,0.0,0.0,0.0,0.0
0.0,0.8743154,0.0,0.0,0.0,0.0,0.8743154,0.52981424,0.0,0.0,0.0,0.0,0.0,0.52981424,0.52981424,1.5025393,0.8743154,3.6919382,0.0,1.1300626,0.52981424,0.0,0.0,0.0,0.0,0.52981424,0.0,0.0,0.0,1.5025393,1.6470613,0.52981424,0.0,0.0,0.52981424,0.8743154,0.0,0.0,2.8773317,1.1300626,0.52981424,0.0,0.52981424,0.52981424,0.0,0.0,1.5025393,0.0,0.0,0.52981424,0.0,0.0,0.0,0.0,0.0,0.0,0.52981424,0.0,0.8743154,0.0,2.3107533,0.8743154,0.0,1.8853916,0.0,0.52981424,0.8743154,0.8743154,0.0,0.0,0.0,0.0,0.52981424,1.1300626,0.0,0.0,1.1300626,0.0,0.0,0.0,0.0,0.0,0.0,0.0,2.0777109,0.8743154,0.8743154,0.52981424,0.0,0.0,0.0,1.1300626,0.0,3.180316,1.1300626,1.5025393,0.0,0.0,1.5025393,0.0
0.0,0.5903582,0.5903582,0.5903582,0.0,0.0,0.0,0.0,0.0,1.2278565,0.95907027,0.0,0.0,0.0,0.0,0.5903582,1.2278565,3.7192082,0.5903582,0.5903582,0.0,0.0,0.0,0.5903582,0.0,0.0,0.0,0.0,0.0,0.5903582,0.0,1.6140618,0.0,0.0,0.0,0.0,0.95907027,0.5903582,2.5067403,1.2278565,0.0,0.0,0.0,0.0,0.0,0.95907027,1.762641,0.0,0.0,0.0,0.0,0.0,0.0,0.0,0.5903582,0.5903582,0.0,0.0,0.0,0.0,1.6140618,0.0,0.0,1.8919733,0.0,1.2278565,0.0,0.5903582,0.0,0.0,0.0,0.5903582,0.95907027,0.0,0.0,0.0,0.95907027,0.5903582,0.0,0.0,0.0,0.0,0.0,0.0,1.6140618,0.0,0.0,0.95907027,0.0,0.0,0.0,0.0,0.0,3.4000916,0.0,1.762641,0.5903582,0.5903582,0.5903582,0.0
0.0,0.0,0.0,0.0,0.0,0.0,1.231911,0.0,0.79474974,0.0,0.0,0.79474974,0.0,0.0,0.0,0.0,0.0,4.3655005,0.0,0.0,0.0,0.0,0.0,0.0,0.0,0.0,0.0,0.0,1.231911,0.79474974,0.79474974,0.79474974,0.0,0.0,0.0,0.0,0.0,0.79474974,2.2509978,0.79474974,0.0,0.0,0.79474974,0.0,0.0,0.0,1.5350722,0.0,0.79474974,0.0,0.0,0.0,0.0,0.0,0.0,0.0,0.0,1.7673895,0.0,1.5350722,2.6639419,0.79474974,0.79474974,0.79474974,0.0,0.0,0.0,0.79474974,0.0,0.0,0.0,0.79474974,1.231911,0.79474974,0.0,0.79474974,0.79474974,0.0,0.0,0.0,0.0,0.0,0.0,0.0,2.5755749,0.79474974,0.0,1.231911,1.231911,0.0,0.0,0.0,0.0,3.3216314,0.0,1.5350722,1.231911,0.79474974,0.79474974,0.79474974
0.0,0.61063975,0.0,0.0,0.0,0.0,0.0,0.0,0.0,0.0,0.61063975,0.0,0.61063975,0.0,0.61063975,0.61063975,0.61063975,3.5457122,0.0,0.61063975,0.0,0.61063975,0.0,0.0,0.9870169,0.0,0.0,0.0,0.61063975,0.9870169,1.2598314,0.0,0.0,0.0,0.0,1.2598314,0.0,0.0,2.781856,0.9870169,0.0,0.0,0.61063975,0.0,0.0,0.0,1.6502047,0.0,0.61063975,0.0,0.0,0.0,0.61063975,0.61063975,0.0,1.4739473,0.9870169,0.61063975,0.61063975,0.9870169,1.8000013,0.0,0.0,1.9302545,0.61063975,0.9870169,0.0,0.0,0.0,0.0,0.0,0.9870169,0.0,0.0,0.0,0.0,0.0,0.0,0.61063975,0.0,0.0,0.0,0.61063975,0.61063975,1.2598314,0.0,0.61063975,0.9870169,0.9870169,0.0,0.0,1.2598314,0.0,3.3882713,0.61063975,1.2598314,0.0,0.61063975,0.0,0.0
0.0,0.0,0.0,0.0,0.0,0.0,0.77321684,0.77321684,0.0,0.77321684,0.0,0.77321684,0.0,1.2040079,0.77321684,0.0,0.77321684,4.571318,0.0,0.0,0.0,0.0,0.77321684,0.77321684,0.0,1.2040079,0.77321684,0.77321684,0.77321684,2.0794852,0.0,0.0,0.77321684,0.0,0.0,0.0,0.0,0.0,2.3354201,0.77321684,0.0,0.77321684,0.77321684,0.0,0.0,0.0,2.0794852,0.0,0.0,0.0,0.77321684,0.0,0.0,0.0,0.0,1.2040079,0.0,0.0,0.77321684,1.2040079,1.9218552,0.0,0.0,1.2040079,0.0,0.0,1.7346423,0.77321684,0.77321684,0.0,0.0,0.0,0.77321684,1.2040079,0.0,0.0,0.77321684,0.0,0.0,0.77321684,0.0,0.0,0.0,0.0,1.7346423,1.2040079,0.0,1.2040079,0.0,0.0,0.0,0.77321684,0.0,3.7054577,0.0,1.9218552,0.77321684,0.0,0.0,0.77321684
0.90406257,0.90406257,0.90406257,0.55089664,0.0,0.0,0.0,0.55089664,0.0,0.0,0.0,0.0,0.0,0.55089664,1.1645322,0.55089664,1.1645322,5.320772,0.0,0.55089664,0.0,0.90406257,0.55089664,0.90406257,0.55089664,0.0,0.0,0.55089664,0.0,1.8154198,0.0,0.90406257,0.55089664,0.0,0.90406257,0.55089664,0.0,0.0,2.5460744,0.55089664,0.0,0.0,0.55089664,0.0,0.55089664,0.0,1.8154198,0.0,1.1645322,0.0,0.0,0.0,0.0,0.55089664,0.55089664,1.5420237,1.1645322,0.55089664,0.55089664,0.0,1.688036,0.55089664,0.0,2.70547,0.0,0.90406257,0.90406257,0.55089664,0.0,0.0,0.0,1.3709856,0.0,0.55089664,0.0,0.55089664,0.55089664,0.0,0.0,0.55089664,0.0,0.55089664,0.55089664,0.0,1.9283952,0.0,0.55089664,1.1645322,0.0,0.0,0.55089664,1.5420237,0.55089664,3.8247924,0.55089664,2.029893,0.55089664,0.0,0.0,0.55089664
0.82259774,1.4329427,0.49359983,0.0,0.0,0.0,0.49359983,0.0,0.0,0.49359983,0.0,0.0,0.0,0.49359983,0.0,0.82259774,0.0,4.790354,0.0,0.0,0.0,0.0,0.49359983,1.0697355,0.0,0.49359983,0.0,0.0,0.0,1.5746844,1.5746844,0.0,0.0,0.0,1.0697355,0.0,0.0,0.49359983,2.7921994,0.82259774,0.0,0.0,0.82259774,0.0,0.49359983,0.0,2.2960477,0.0,0.82259774,0.0,1.0697355,0.0,0.0,0.49359983,0.0,0.0,0.0,0.49359983,0.0,0.82259774,1.6988068,0.0,0.49359983,2.3583076,0.0,1.6988068,0.49359983,0.0,0.0,0.0,0.0,0.0,0.0,0.49359983,0.82259774,1.2677392,0.82259774,0.49359983,0.0,0.82259774,0.0,0.0,0.0,0.0,1.9990485,1.2677392,0.49359983,1.0697355,0.49359983,1.0697355,0.49359983,1.4329427,0.0,3.8759193,0.0,3.6038485,1.6988068,0.49359983,0.49359983,0.49359983
0.0,0.7024503,0.0,0.41167676,1.2660267,0.0,0.41167676,0.0,0.41167676,0.0,0.41167676,0.0,0.0,0.41167676,0.0,0.9274441,0.9274441,4.315556,0.0,0.41167676,0.41167676,0.0,0.0,1.1109972,0.0,0.0,0.41167676,0.41167676,0.9274441,1.2660267,0.7024503,0.0,0.0,0.0,0.41167676,0.0,0.41167676,0.0,2.1564255,0.0,0.0,0.41167676,0.41167676,0.0,0.7024503,0.0,1.5185118,0.0,0.41167676,0.41167676,0.41167676,0.0,0.0,0.41167676,0.0,0.41167676,0.41167676,0.7024503,0.0,0.41167676,1.5185118,1.1109972,0.0,1.8874956,1.8072169,1.1109972,0.7024503,1.2660267,0.41167676,0.0,0.0,0.0,1.2660267,1.1109972,0.0,0.7024503,0.7024503,0.41167676,0.0,0.0,0.41167676,0.41167676,0.41167676,0.0,2.3192687,0.7024503,0.41167676,0.41167676,0.41167676,0.0,0.41167676,0.9274441,0.0,3.3677804,0.0,1.1109972,0.7024503,1.6242815,0.0,0.0
0.36786157,0.36786157,0.36786157,1.2996063,2.4183009,0.0,0.0,0.0,0.0,0.36786157,0.0,0.0,0.0,0.0,0.84755194,0.0,1.4140297,3.7247877,0.0,0.636198,0.0,0.36786157,0.36786157,0.84755194,0.0,0.0,0.0,0.0,0.0,1.5166944,1.0219358,0.0,1.4140297,0.0,0.0,0.0,0.36786157,0.636198,2.4945312,0.636198,0.636198,0.0,0.636198,0.0,0.0,0.0,1.5166944,0.36786157,0.36786157,0.0,0.636198,0.36786157,0.0,0.36786157,0.0,0.36786157,0.0,0.0,0.36786157,0.0,1.2996063,1.6097935,0.0,1.8462011,0.36786157,1.2996063,0.636198,0.84755194,1.2996063,0.0,0.0,0.0,0.84755194,1.0219358,0.0,0.36786157,0.636198,0.636198,0.36786157,0.0,0.0,0.636198,0.36786157,0.36786157,1.9775457,1.0219358,0.636198,0.636198,0.36786157,0.0,0.636198,0.636198,0.36786157,2.9793472,0.0,2.0372684,1.0219358,1.2996063,0.0,0.36786157
0.0,1.1109859,0.5182681,0.0,0.0,0.0,0.85791314,0.0,0.0,0.0,0.0,0.5182681,0.0,0.0,0.85791314,0.5182681,0.0,4.242633,0.0,0.85791314,0.0,0.0,1.4806008,0.5182681,0.0,0.0,0.0,0.0,0.5182681,1.312774,1.1109859,0.0,1.1109859,0.0,0.0,0.0,0.5182681,0.5182681,1.749864,1.312774,0.5182681,0.0,0.5182681,0.0,0.85791314,0.0,1.8614312,0.0,0.0,0.0,0.0,0.0,0.0,0.5182681,0.5182681,0.85791314,0.0,0.0,0.0,0.85791314,1.312774,0.5182681,0.0,1.8614312,0.0,1.312774,0.5182681,1.1109859,0.5182681,0.0,0.0,0.0,0.5182681,0.5182681,0.5182681,0.0,0.0,0.0,0.0,0.0,0.0,0.0,0.0,0.0,2.2852886,0.5182681,0.0,0.85791314,0.85791314,0.0,0.0,0.0,0.5182681,3.1237626,0.0,1.1109859,0.0,0.5182681,0.0,0.85791314
0.0,0.0,0.0,0.0,1.1421217,0.0,0.0,0.0,0.0,0.0,0.5371577,0.0,0.5371577,0.0,0.0,0.0,0.88470626,3.9686482,0.5371577,0.5371577,0.0,0.0,0.0,0.0,0.0,0.0,0.0,0.0,0.0,1.5163752,0.5371577,0.0,0.0,0.0,0.0,0.0,0.5371577,0.0,2.2548263,0.5371577,0.0,0.0,0.5371577,0.0,0.0,0.88470626,2.0015109,0.0,0.0,0.0,0.0,0.0,0.0,0.0,0.0,0.88470626,0.0,0.0,0.0,0.0,1.6614265,0.0,0.0,1.7880785,0.5371577,1.5163752,0.88470626,1.1421217,0.0,0.0,0.0,0.5371577,0.5371577,0.5371577,0.0,0.5371577,0.88470626,0.88470626,0.0,0.0,0.0,0.5371577,1.1421217,0.0,1.5163752,0.5371577,0.5371577,0.88470626,0.5371577,0.0,0.0,0.88470626,0.0,3.1678505,0.0,1.900478,0.5371577,0.5371577,0.5371577,0.5371577
0.0,0.94519556,0.0,0.0,0.0,0.0,0.4216264,0.0,0.0,0.0,0.0,0.4216264,0.0,0.4216264,0.4216264,0.0,0.94519556,4.3026724,0.0,0.4216264,0.0,0.0,0.0,0.7172922,0.4216264,0.4216264,0.4216264,0.0,0.7172922,1.1306778,0.94519556,0.0,0.4216264,0.0,0.0,0.4216264,0.0,0.4216264,2.1213202,0.4216264,0.4216264,0.4216264,0.0,0.0,0.0,0.7172922,1.5413886,0.4216264,0.0,0.0,0.0,0.0,0.0,0.4216264,0.0,0.0,0.0,0.7172922,0.0,0.0,2.056391,0.4216264,0.0,1.8316833,0.0,0.94519556,0.0,0.4216264,0.0,0.4216264,0.0,0.7172922,0.0,0.7172922,0.0,0.4216264,0.0,0.0,0.0,0.0,0.4216264,0.0,0.4216264,0.0,2.2397542,0.4216264,0.4216264,0.4216264,0.7172922,0.0,0.0,1.4222968,0.0,3.4962277,0.4216264,1.28708,0.4216264,1.1306778,0.7172922,0.4216264
0.0,0.39168954,0.0,0.0,0.39168954,0.0,0.67241204,0.0,0.0,0.39168954,0.39168954,0.39168954,0.0,0.0,0.39168954,0.67241204,0.8913564,3.5835721,0.0,0.39168954,0.0,0.0,0.67241204,0.0,0.0,0.0,0.0,0.0,0.0,1.0708687,0.8913564,0.0,0.39168954,0.0,0.0,0.39168954,0.0,0.39168954,1.9786841,0.8913564,0.0,0.0,0.0,0.39168954,0.0,0.0,2.2649465,0.0,0.39168954,0.0,0.0,0.0,0.39168954,0.39168954,0.39168954,0.39168954,0.0,0.0,0.0,0.67241204,1.0708687,0.8913564,0.0,1.5760521,0.0,1.3550282,0.67241204,0.67241204,0.0,0.0,0.0,0.67241204,0.0,0.8913564,0.0,0.0,1.0708687,0.39168954,0.0,0.67241204,0.0,0.39168954,0.0,0.0,1.8364558,0.0,0.67241204,0.8913564,0.39168954,0.39168954,0.0,1.0708687,0.0,3.1169107,0.0,1.0708687,0.67241204,0.0,0.0,0.39168954
0.0,1.3436639,0.0,0.0,0.53547853,0.0,0.0,0.0,0.0,0.0,0.0,0.0,0.0,0.0,0.0,0.0,0.88233304,3.6516466,0.0,0.53547853,0.0,0.0,0.0,0.53547853,0.0,0.0,0.0,0.0,1.1393691,0.53547853,0.0,0.0,1.1393691,0.53547853,0.53547853,0.53547853,0.0,0.0,2.3902035,0.0,0.0,0.53547853,0.0,0.0,0.0,0.0,1.784711,0.0,0.0,0.0,0.0,0.0,0.0,0.0,0.0,0.88233304,0.88233304,0.0,0.0,0.53547853,1.3436639,0.0,0.0,1.6581504,0.0,1.6581504,0.0,0.0,0.0,0.0,0.0,0.53547853,0.0,1.5132194,0.0,0.53547853,0.53547853,0.0,0.0,0.53547853,0.0,0.88233304,0.53547853,0.53547853,2.1737194,0.0,1.1393691,0.53547853,0.0,0.0,0.0,0.0,0.0,3.4257972,0.0,1.6581504,0.0,0.53547853,0.0,0.53547853
0.0,0.0,0.0,0.0,0.0,0.0,0.44211072,0.0,0.0,0.44211072,0.0,0.0,0.0,0.0,0.44211072,0.0,0.44211072,3.6295328,0.0,0.44211072,0.0,0.0,0.74762404,0.74762404,0.0,0.0,0.74762404,0.0,0.0,1.1706079,0.44211072,0.0,0.74762404,0.44211072,0.44211072,0.0,0.44211072,0.0,2.494837,0.44211072,0.0,0.0,0.44211072,0.0,0.0,0.44211072,2.1729128,0.74762404,0.74762404,0.0,0.0,0.44211072,0.44211072,0.44211072,0.0,0.74762404,0.44211072,0.0,0.0,0.9813156,1.9623272,0.9813156,0.74762404,2.107524,0.44211072,1.3297081,0.44211072,0.74762404,0.44211072,0.74762404,0.0,0.74762404,0.0,0.44211072,0.0,0.0,0.74762404,0.44211072,0.44211072,0.0,0.0,0.9813156,0.44211072,0.0,2.1729128,0.0,0.44211072,0.74762404,0.44211072,0.0,0.0,1.587584,0.0,3.3209784,0.44211072,1.587584,0.44211072,0.0,0.0,1.1706079
0.8346993,1.9269522,0.0,0.50202334,0.8346993,0.0,0.50202334,0.8346993,0.50202334,0.0,0.0,0.0,0.0,0.50202334,0.50202334,0.50202334,0.8346993,3.4338188,0.0,0.8346993,0.0,0.0,0.50202334,0.50202334,0.50202334,0.0,0.50202334,0.50202334,0.0,1.4493402,0.8346993,0.0,0.50202334,1.4493402,0.0,0.0,0.0,0.50202334,1.7163935,1.0838984,0.0,0.0,0.0,0.0,0.0,0.0,2.1775575,0.0,1.0838984,0.50202334,0.0,0.0,0.0,0.0,0.50202334,0.50202334,0.0,0.0,0.0,0.50202334,1.7163935,1.0838984,0.0,2.436501,0.0,1.0838984,0.0,0.50202334,0.50202334,0.50202334,0.0,0.0,1.2832206,1.0838984,0.50202334,0.8346993,0.8346993,0.50202334,0.0,0.0,0.50202334,0.50202334,0.50202334,0.50202334,1.9269522,0.0,0.50202334,1.0838984,0.0,0.50202334,0.8346993,1.0838984,0.50202334,3.3226764,0.0,1.0838984,0.50202334,0.50202334,0.0,0.8346993
0.38489604,0.0,0.0,0.38489604,1.0570421,0.0,0.0,0.38489604,0.0,0.0,0.38489604,0.38489604,0.0,0.0,0.0,0.0,0.8789562,3.7561193,0.0,0.8789562,0.0,0.0,0.38489604,0.38489604,0.0,0.0,0.0,0.6621327,0.0,1.2081563,0.38489604,0.0,0.38489604,0.0,0.38489604,0.38489604,0.0,0.38489604,2.5806713,0.8789562,0.0,0.38489604,0.0,0.0,0.38489604,0.0,1.739521,0.0,0.0,0.0,0.38489604,0.0,0.0,0.0,0.0,0.0,0.0,0.0,0.0,0.6621327,1.8921384,1.4554077,0.0,1.6534842,0.0,1.3394043,0.6621327,1.0570421,0.38489604,0.38489604,0.38489604,0.0,1.0570421,0.8789562,0.0,0.0,0.6621327,0.38489604,0.0,0.0,0.0,1.0570421,0.6621327,0.0,1.4554077,0.0,0.38489604,0.8789562,0.38489604,0.0,0.38489604,1.2081563,0.0,3.3730617,0.0,1.0570421,0.8789562,0.6621327,0.38489604,1.0570421
0.35106137,1.1323283,0.0,0.0,0.6103898,0.0,0.35106137,0.0,0.35106137,0.35106137,0.0,0.0,0.0,0.0,0.35106137,0.35106137,0.6103898,3.9245007,0.0,0.35106137,0.0,0.0,0.35106137,1.2594398,0.0,0.0,0.35106137,0.0,0.0,1.929787,2.0450044,0.0,0.98667395,0.35106137,0.0,0.35106137,0.6103898,0.35106137,2.3275352,0.6103898,0.0,0.35106137,0.0,0.0,0.35106137,0.0,1.7995448,0.0,0.0,0.0,0.35106137,0.35106137,0.0,0.6103898,0.0,0.35106137,0.0,0.35106137,0.0,0.6103898,1.5655217,0.8161271,0.35106137,2.5141022,0.6103898,1.2594398,0.35106137,0.35106137,0.0,0.0,0.35106137,0.6103898,0.6103898,0.98667395,0.98667395,0.35106137,0.35106137,0.0,0.35106137,0.0,0.6103898,1.1323283,0.8161271,0.0,1.5655217,0.0,0.6103898,0.6103898,0.6103898,0.0,0.8161271,1.9890542,0.0,3.5329678,0.6103898,1.3722008,0.35106137,0.0,0.8161271,0.0
0.42857867,1.301654,0.0,0.0,0.0,0.0,0.42857867,0.0,0.0,0.42857867,0.0,0.0,0.72762024,0.0,0.0,0.42857867,0.42857867,3.9165492,0.0,0.95751804,0.0,0.42857867,0.95751804,0.42857867,0.0,0.0,0.0,0.0,0.95751804,1.301654,2.312165,0.0,1.1443172,0.0,0.42857867,0.95751804,0.0,0.42857867,2.2001216,0.42857867,0.42857867,0.0,0.0,0.42857867,0.0,0.0,1.7605555,0.42857867,1.1443172,0.0,0.0,0.72762024,0.42857867,0.72762024,0.42857867,0.72762024,0.0,0.0,0.0,0.0,0.95751804,0.0,0.42857867,2.9820185,0.42857867,1.1443172,0.72762024,0.95751804,0.0,0.0,0.0,0.95751804,0.0,0.0,0.0,0.95751804,0.95751804,0.0,0.0,0.0,0.72762024,0.42857867,0.42857867,0.0,2.004299,0.42857867,0.0,0.72762024,0.72762024,0.0,0.42857867,1.5572007,0.0,3.8840678,0.42857867,1.301654,0.95751804,0.72762024,0.72762024,0.0
0.4374333,1.1615583,0.0,0.7407242,0.4374333,0.0,0.4374333,0.4374333,0.0,0.0,0.0,0.9731174,0.7407242,0.0,0.0,0.4374333,0.7407242,4.429122,0.0,0.0,0.0,0.0,0.4374333,0.0,0.0,0.0,0.0,0.4374333,0.7407242,1.7814637,2.5275881,0.7407242,0.4374333,0.4374333,0.4374333,1.8698417,1.1615583,0.0,2.5275881,0.7407242,0.4374333,0.0,0.0,0.4374333,0.9731174,0.4374333,1.8698417,0.4374333,0.0,0.4374333,0.4374333,0.0,0.0,1.1615583,0.0,1.456837,0.9731174,0.0,0.0,1.456837,1.456837,1.5771396,0.0,3.422021,0.4374333,1.6845112,0.7407242,0.4374333,0.0,0.0,0.4374333,0.0,0.7407242,0.0,0.0,1.1615583,0.7407242,0.0,0.4374333,0.0,0.7407242,0.0,1.1615583,0.0,1.8698417,0.0,0.7407242,0.9731174,0.7407242,0.0,1.1615583,2.1612723,0.0,4.1774755,0.9731174,1.9510393,0.7407242,0.0,1.1615583,0.4374333
0.78512967,0.78512967,0.0,0.0,0.0,0.0,0.21393184,0.6699568,0.21393184,0.0,0.0,0.6699568,0.0,0.21393184,0.0,0.53977144,0.0,3.6431487,0.21393184,0.21393184,0.0,0.6699568,0.53977144,0.53977144,0.21393184,0.0,0.39006478,0.21393184,0.0,1.5720707,2.6131918,0.21393184,1.0675707,0.21393184,0.0,0.8883971,0.21393184,0.0,2.0384984,0.39006478,0.39006478,0.0,0.21393184,0.39006478,0.21393184,0.0,1.6665152,0.6699568,0.9819914,0.6699568,0.21393184,0.39006478,0.21393184,0.0,0.21393184,1.351304,0.53977144,0.39006478,0.78512967,0.39006478,1.6204076,0.21393184,0.0,3.153701,0.6699568,0.78512967,0.21393184,0.78512967,0.21393184,0.0,0.0,0.21393184,0.39006478,0.21393184,0.39006478,0.21393184,0.53977144,0.21393184,0.0,0.21393184,0.0,0.0,1.1464001,0.0,2.3090098,0.21393184,1.0675707,0.6699568,0.39006478,0.0,1.2875565,3.1434648,0.0,4.4834943,0.53977144,1.2194669,0.53977144,0.21393184,0.6699568,0.21393184
0.44758242,1.1216533,1.058398,0.0,0.44758242,0.1724186,1.1811445,0.9184487,0.1724186,0.44758242,0.0,0.31943518,0.8403706,0.1724186,0.31943518,0.44758242,0.56115764,4.5102844,0.0,0.44758242,0.44758242,0.1724186,0.1724186,0.56115764,0.0,0.56115764,0.0,0.1724186,0.31943518,2.917786,2.5825913,0.44758242,1.672981,0.0,0.1724186,0.7556761,0.31943518,0.0,1.672981,0.0,0.31943518,0.44758242,0.31943518,0.1724186,0.56115764,0.0,1.520678,0.31943518,0.31943518,0.56115764,1.1216533,1.1216533,0.1724186,0.56115764,0.56115764,0.6631391,0.44758242,0.1724186,0.31943518,2.378166,2.143238,0.44758242,0.31943518,2.9379249,0.1724186,0.8403706,0.9908696,0.44758242,0.31943518,0.6631391,0.31943518,0.1724186,0.7556761,0.31943518,0.1724186,1.3409376,0.8403706,0.0,0.31943518,0.0,0.6631391,0.1724186,0.9908696,0.0,1.7736892,0.0,0.6631391,1.5997262,0.9184487,0.1724186,0.9908696,2.1209228,0.56115764,3.891507,0.7556761,1.5997262,0.44758242,0.1724186,1.1216533,0.1724186
0.0,1.1914957,1.1914957,0.0,0.0,0.0,0.0,0.0,0.0,1.1914957,0.0,1.1914957,0.0,0.0,1.1914957,1.1914957,0.0,4.6675067,1.1914957,1.1914957,0.0,0.0,2.3192458,1.1914957,0.0,0.0,0.0,0.0,0.0,2.0638206,1.7199057,0.0,2.0638206,0.0,0.0,1.1914957,1.1914957,0.0,1.1914957,1.1914957,0.0,2.0638206,1.1914957,0.0,0.0,0.0,1.7199057,0.0,1.1914957,0.0,1.7199057,1.1914957,0.0,1.7199057,1.7199057,1.1914957,0.0,0.0,0.0,2.5225239,2.3192458,0.0,1.1914957,1.7199057,0.0,2.0638206,1.7199057,1.1914957,1.1914957,0.0,1.1914957,0.0,0.0,0.0,1.1914957,0.0,0.0,0.0,1.1914957,0.0,0.0,1.1914957,1.1914957,0.0,0.0,0.0,0.0,1.7199057,2.0638206,0.0,1.1914957,0.0,1.1914957,3.566147,1.1914957,2.8357985,1.1914957,1.1914957,1.1914957,0.0
0.0,0.0,0.0,0.0,0.0,0.0,0.0,0.0,0.0,0.0,0.0,0.0,0.0,0.0,0.0,0.0,0.0,5.446168,0.0,0.0,0.0,0.0,0.0,0.0,1.6630416,0.0,0.0,0.0,0.0,1.6630416,0.0,0.0,0.0,0.0,1.6630416,1.6630416,0.0,0.0,2.6265504,0.0,0.0,0.0,0.0,0.0,0.0,0.0,2.6265504,0.0,0.0,0.0,0.0,0.0,0.0,0.0,0.0,2.2566106,0.0,0.0,0.0,0.0,2.2566106,1.6630416,0.0,0.0,0.0,3.43164,1.6630416,0.0,0.0,0.0,0.0,0.0,0.0,0.0,0.0,0.0,0.0,0.0,0.0,0.0,0.0,0.0,0.0,0.0,2.6265504,0.0,0.0,0.0,0.0,0.0,1.6630416,2.2566106,0.0,3.43164,0.0,2.8959851,2.2566106,0.0,0.0,0.0
1.5636945,0.0,1.5636945,0.0,0.0,0.0,1.5636945,0.0,0.0,0.0,0.0,0.0,0.0,0.0,0.0,0.0,1.5636945,4.59701,0.0,0.0,0.0,0.0,0.0,0.0,0.0,1.5636945,0.0,0.0,0.0,2.146267,0.0,0.0,0.0,0.0,1.5636945,0.0,0.0,0.0,2.7791758,2.146267,0.0,0.0,0.0,0.0,0.0,0.0,1.5636945,0.0,0.0,0.0,0.0,1.5636945,0.0,1.5636945,0.0,1.5636945,0.0,0.0,0.0,0.0,2.9898236,0.0,0.0,1.5636945,0.0,2.146267,1.5636945,0.0,0.0,0.0,0.0,0.0,0.0,0.0,0.0,0.0,0.0,0.0,0.0,0.0,0.0,0.0,0.0,0.0,1.5636945,0.0,0.0,0.0,0.0,0.0,1.5636945,0.0,0.0,3.4407861,0.0,3.163727,0.0,0.0,0.0,0.0
0.0,0.0,0.0,0.0,0.0,0.0,0.0,0.0,0.0,0.0,1.8342423,0.0,0.0,0.0,0.0,1.8342423,1.8342423,4.5045385,0.0,0.0,0.0,0.0,0.0,0.0,0.0,0.0,0.0,0.0,0.0,1.8342423,0.0,0.0,0.0,0.0,0.0,0.0,0.0,0.0,1.8342423,0.0,0.0,0.0,0.0,0.0,0.0,0.0,0.0,0.0,0.0,0.0,0.0,0.0,0.0,0.0,0.0,0.0,0.0,0.0,0.0,0.0,2.8202572,0.0,0.0,0.0,0.0,2.4441524,1.8342423,0.0,0.0,0.0,0.0,0.0,0.0,0.0,0.0,1.8342423,0.0,1.8342423,0.0,0.0,0.0,0.0,0.0,0.0,0.0,0.0,0.0,0.0,0.0,0.0,0.0,1.8342423,0.0,3.306958,0.0,1.8342423,0.0,0.0,0.0,0.0
0.0,1.6841538,0.0,0.0,0.0,0.0,0.0,0.0,0.0,0.0,2.2799077,0.0,0.0,0.0,0.0,0.0,0.0,5.0118895,0.0,0.0,0.0,0.0,0.0,0.0,0.0,0.0,0.0,0.0,0.0,2.2799077,0.0,0.0,0.0,0.0,1.6841538,0.0,1.6841538,0.0,0.0,0.0,1.6841538,0.0,0.0,0.0,0.0,0.0,0.0,0.0,0.0,0.0,0.0,0.0,0.0,0.0,0.0,0.0,0.0,0.0,0.0,0.0,2.65068,0.0,0.0,0.0,0.0,3.132858,0.0,0.0,0.0,0.0,0.0,0.0,0.0,0.0,0.0,0.0,1.6841538,0.0,0.0,0.0,0.0,1.6841538,0.0,0.0,1.6841538,0.0,0.0,0.0,1.6841538,0.0,0.0,0.0,0.0,3.132858,1.6841538,2.9205537,0.0,0.0,0.0,0.0
0.0,1.3686327,1.3686327,0.0,0.0,0.0,0.0,0.0,0.0,0.0,0.0,0.0,0.0,0.0,0.0,0.0,0.0,4.721521,0.0,1.3686327,0.0,0.0,0.0,0.0,0.0,0.0,0.0,0.0,1.3686327,2.5431674,0.0,0.0,1.3686327,0.0,0.0,0.0,0.0,0.0,0.0,0.0,0.0,0.0,0.0,1.3686327,0.0,0.0,0.0,0.0,1.3686327,0.0,0.0,0.0,1.3686327,0.0,0.0,0.0,0.0,0.0,0.0,1.9256997,2.9220772,0.0,0.0,2.2813535,0.0,1.3686327,1.9256997,0.0,0.0,0.0,0.0,0.0,0.0,0.0,0.0,0.0,0.0,0.0,0.0,0.0,0.0,0.0,0.0,0.0,1.9256997,0.0,0.0,1.3686327,1.3686327,0.0,0.0,0.0,0.0,2.5431674,0.0,1.9256997,0.0,0.0,0.0,1.3686327
0.0,0.0,0.0,0.0,0.0,0.0,1.5800195,0.0,0.0,0.0,0.0,0.0,0.0,0.0,1.5800195,1.5800195,0.0,4.69081,0.0,0.0,0.0,0.0,0.0,0.0,1.5800195,0.0,0.0,0.0,0.0,1.5800195,0.0,1.5800195,0.0,1.5800195,0.0,0.0,0.0,0.0,1.5800195,0.0,0.0,1.5800195,0.0,0.0,0.0,0.0,2.1644833,0.0,1.5800195,0.0,1.5800195,0.0,0.0,0.0,0.0,0.0,0.0,0.0,0.0,0.0,1.5800195,0.0,0.0,1.5800195,0.0,1.5800195,0.0,0.0,0.0,0.0,1.5800195,0.0,0.0,0.0,2.5309272,1.5800195,0.0,0.0,0.0,0.0,1.5800195,0.0,0.0,0.0,1.5800195,0.0,0.0,0.0,0.0,1.5800195,0.0,0.0,0.0,3.460736,0.0,3.009401,0.0,0.0,0.0,0.0
0.0,0.0,0.0,0.0,0.0,0.0,0.0,0.0,0.0,0.0,0.0,0.0,1.5327905,0.0,0.0,0.0,0.0,4.8527164,0.0,0.0,0.0,0.0,0.0,1.5327905,0.0,0.0,0.0,0.0,2.1116865,1.5327905,0.0,0.0,0.0,0.0,1.5327905,0.0,0.0,0.0,0.0,0.0,0.0,0.0,2.1116865,0.0,0.0,0.0,2.1116865,0.0,0.0,0.0,0.0,0.0,0.0,0.0,0.0,2.4759707,0.0,0.0,1.5327905,0.0,2.1116865,0.0,0.0,0.0,1.5327905,1.5327905,0.0,1.5327905,0.0,0.0,0.0,0.0,0.0,0.0,1.5327905,0.0,0.0,0.0,0.0,0.0,0.0,0.0,1.5327905,0.0,0.0,0.0,1.5327905,0.0,1.5327905,0.0,0.0,0.0,0.0,3.126168,0.0,3.402818,0.0,0.0,1.5327905,0.0
0.0,0.0,1.0946282,0.0,0.0,0.0,1.0946282,0.0,0.0,1.0946282,1.0946282,0.0,0.0,0.0,0.0,0.0,0.0,4.311586,0.0,0.0,0.0,0.0,0.0,0.0,0.0,1.0946282,0.0,0.0,0.0,1.6046551,1.6046551,0.0,0.0,1.6046551,1.0946282,1.0946282,0.0,0.0,1.9407849,0.0,0.0,0.0,0.0,0.0,0.0,0.0,1.0946282,0.0,0.0,0.0,1.0946282,0.0,0.0,0.0,1.0946282,2.1919088,0.0,0.0,0.0,0.0,2.7024682,0.0,0.0,1.6046551,1.0946282,1.6046551,1.6046551,1.0946282,0.0,0.0,0.0,0.0,1.0946282,1.0946282,0.0,0.0,0.0,0.0,0.0,0.0,0.0,0.0,1.0946282,0.0,1.0946282,0.0,0.0,1.0946282,0.0,0.0,0.0,0.0,0.0,3.3615205,0.0,2.3924584,1.9407849,1.0946282,1.0946282,1.0946282
0.0,0.0,0.0,0.0,1.3371567,0.0,0.0,0.0,0.0,1.3371567,0.0,0.0,0.0,0.0,1.3371567,0.0,0.0,4.377386,0.0,0.0,0.0,0.0,1.3371567,1.3371567,0.0,0.0,0.0,0.0,0.0,1.8895514,1.3371567,0.0,0.0,0.0,1.3371567,0.0,0.0,0.0,2.2433233,0.0,0.0,0.0,0.0,0.0,0.0,1.3371567,0.0,0.0,0.0,0.0,0.0,1.3371567,0.0,0.0,0.0,2.2433233,0.0,0.0,0.0,1.3371567,2.2433233,0.0,0.0,1.8895514,0.0,1.3371567,0.0,0.0,0.0,0.0,1.3371567,0.0,0.0,1.3371567,1.3371567,0.0,0.0,0.0,0.0,0.0,1.3371567,0.0,0.0,0.0,1.3371567,0.0,0.0,0.0,1.3371567,0.0,0.0,1.3371567,0.0,3.5466936,1.3371567,1.8895514,1.3371567,0.0,0.0,1.3371567
0.0,1.2822788,0.0,0.0,0.0,0.0,0.0,0.83396184,0.0,0.83396184,0.0,0.0,0.0,0.0,0.0,0.0,0.83396184,4.0200114,0.0,0.83396184,0.0,0.0,0.0,0.83396184,1.2822788,0.0,0.0,0.0,0.0,0.83396184,0.0,0.0,1.5907173,0.0,0.0,2.0165167,0.83396184,0.0,1.2822788,0.83396184,0.0,0.0,0.0,0.83396184,0.0,0.0,0.83396184,0.0,0.0,0.0,0.0,0.83396184,0.0,0.0,0.0,1.2822788,1.2822788,0.0,0.0,0.0,1.826111,0.83396184,0.0,0.83396184,0.0,0.0,1.5907173,0.0,0.0,0.0,0.0,0.0,0.83396184,1.2822788,1.2822788,0.83396184,0.0,0.0,0.0,0.0,0.0,0.0,0.0,0.0,1.826111,0.0,0.0,0.83396184,0.0,0.0,0.83396184,0.0,0.0,3.2482803,0.0,2.0165167,1.826111,0.0,0.0,0.0
0.66572195,0.66572195,0.66572195,0.66572195,0.0,0.0,0.0,0.66572195,0.0,0.66572195,0.66572195,0.0,0.0,0.0,0.66572195,0.0,1.0618756,3.8167682,0.0,0.66572195,0.0,0.0,0.66572195,0.0,0.0,0.66572195,0.0,0.0,0.0,1.7456237,0.66572195,0.0,0.0,0.0,0.0,1.3448691,0.66572195,0.0,2.4340382,0.0,0.0,0.0,0.0,1.0618756,0.0,0.0,1.7456237,0.0,0.66572195,0.66572195,0.0,0.0,0.0,0.0,0.0,0.66572195,0.66572195,0.0,0.0,1.7456237,2.2526648,0.66572195,0.66572195,1.0618756,0.0,0.0,0.66572195,0.66572195,0.0,0.0,0.0,0.0,0.66572195,0.66572195,0.66572195,1.0618756,0.0,0.0,0.0,0.0,0.0,0.66572195,0.66572195,0.0,1.5651891,0.0,0.66572195,1.3448691,0.0,0.0,1.0618756,1.3448691,0.0,3.2423294,0.0,2.2526648,1.3448691,0.66572195,1.0618756,0.0
1.227885,0.0,1.227885,0.7916344,0.7916344,0.0,0.0,1.227885,0.0,1.5306115,0.7916344,0.0,0.0,0.0,0.0,1.5306115,0.0,4.0130444,0.0,0.0,0.0,0.0,0.0,0.7916344,0.7916344,0.0,0.0,0.0,0.7916344,1.227885,0.7916344,0.7916344,0.0,0.0,0.0,1.227885,0.0,0.7916344,1.227885,0.0,0.0,0.0,0.0,0.0,0.0,0.0,0.7916344,0.0,0.0,0.0,0.0,0.0,0.0,0.0,0.0,0.0,0.0,0.0,0.0,0.0,1.7626743,1.227885,0.0,0.7916344,0.0,0.0,0.7916344,0.0,0.0,0.0,0.0,0.0,2.1092434,0.0,0.7916344,0.0,0.7916344,0.0,0.0,0.0,0.0,0.0,0.0,0.0,1.5306115,0.0,1.227885,0.7916344,0.0,0.0,1.227885,0.7916344,0.7916344,3.0689368,0.0,1.5306115,1.227885,0.0,1.9508982,0.7916344
0.0,0.0,0.0,0.0,0.0,0.0,0.55092776,0.55092776,0.0,0.55092776,0.55092776,0.0,0.0,0.0,0.0,0.90410626,0.55092776,3.6875706,0.0,0.55092776,0.0,0.0,0.0,0.0,0.0,0.55092776,0.55092776,0.0,0.55092776,1.3710405,0.90410626,0.90410626,0.0,0.0,0.90410626,0.55092776,0.55092776,0.55092776,2.2064574,0.0,0.0,0.0,0.0,0.0,0.0,0.0,2.3564296,0.0,1.1645827,0.0,0.0,0.0,0.0,0.0,0.55092776,0.90410626,0.55092776,0.55092776,0.0,0.0,1.928458,0.0,0.0,0.55092776,0.0,1.3710405,0.0,0.0,0.0,0.0,0.0,0.0,0.90410626,1.1645827,0.90410626,0.0,0.90410626,0.0,0.0,0.0,0.0,0.90410626,0.0,0.0,2.0299568,0.55092776,0.90410626,0.0,0.90410626,0.55092776,0.0,0.55092776,0.0,2.8849025,0.0,1.8154814,1.3710405,0.55092776,0.55092776,0.55092776
0.0,0.0,0.0,1.3714793,1.9289606,0.0,0.0,0.0,0.0,0.90445626,0.0,0.0,0.0,0.0,0.0,1.1649873,1.8159738,3.5711882,0.0,0.5511769,0.0,0.90445626,1.1649873,0.5511769,0.0,0.5511769,0.0,0.0,0.5511769,1.6885753,1.1649873,1.1649873,0.0,0.5511769,0.0,0.5511769,0.0,0.5511769,2.2069807,0.0,0.0,0.0,0.0,0.0,0.0,0.0,2.0304675,0.0,0.90445626,0.0,0.0,0.0,0.0,0.0,0.0,0.90445626,0.5511769,0.0,0.5511769,0.0,2.1226137,2.2847805,0.0,1.1649873,0.0,0.0,0.5511769,0.5511769,0.0,0.0,0.5511769,0.0,1.8159738,0.0,0.0,0.5511769,0.0,0.0,0.0,0.0,0.0,0.90445626,0.0,0.0,1.3714793,0.0,1.3714793,0.0,0.0,0.0,0.5511769,1.1649873,0.0,3.1056414,0.0,2.546684,0.90445626,0.5511769,0.0,0.0
0.0,0.0,0.0,0.0,0.0,0.0,0.0,0.7490907,0.0,0.0,0.7490907,0.0,0.0,0.0,0.0,1.6975043,0.7490907,3.7698345,0.0,0.0,0.0,0.7490907,0.0,0.0,0.0,0.0,0.0,0.0,0.0,0.0,1.1725291,0.0,0.0,0.0,0.7490907,0.7490907,0.7490907,0.0,2.401134,0.0,0.0,0.0,0.0,1.1725291,0.0,1.1725291,1.4690781,0.0,0.0,0.0,0.0,0.0,0.0,0.0,0.0,0.0,0.7490907,0.0,0.0,0.0,1.4690781,0.0,0.0,1.4690781,0.7490907,0.0,0.7490907,0.7490907,0.0,0.0,0.7490907,0.0,0.0,0.7490907,0.0,0.0,0.0,0.0,0.0,0.0,0.0,1.1725291,0.7490907,0.0,1.8833323,0.0,0.7490907,0.7490907,0.0,0.0,1.6975043,0.7490907,0.0,2.6659017,0.0,2.17538,0.7490907,0.0,1.1725291,0.0
0.5770071,0.5770071,0.5770071,1.5899503,2.175548,0.0,0.0,0.0,0.0,0.0,0.0,0.0,0.0,0.9405548,0.0,1.4165336,2.175548,3.8004043,0.0,1.2066003,0.5770071,0.0,0.5770071,0.5770071,0.0,0.5770071,0.0,0.0,0.9405548,0.0,1.2066003,0.0,0.0,0.0,0.9405548,0.5770071,0.5770071,0.0,1.5899503,0.9405548,0.0,0.0,0.5770071,0.5770071,0.0,0.5770071,1.8663887,0.0,0.5770071,0.0,0.0,0.0,0.5770071,0.0,0.0,0.0,0.9405548,0.0,0.0,0.0,1.9803956,2.175548,0.5770071,2.41136,0.0,0.9405548,1.4165336,0.9405548,0.5770071,0.0,0.0,0.0,0.5770071,0.9405548,0.5770071,0.5770071,0.0,0.0,0.0,0.0,0.0,0.5770071,0.0,0.0,2.0827248,0.5770071,0.5770071,0.9405548,0.0,0.0,0.5770071,1.4165336,0.0,3.2574208,0.0,2.2604823,1.2066003,0.0,0.9405548,0.9405548
0.0,0.0,0.0,0.0,0.0,0.0,0.84745026,1.0987902,0.0,0.84745026,0.5109323,0.84745026,0.5109323,0.0,0.0,0.0,0.5109323,3.8069234,0.0,0.5109323,0.0,0.0,0.0,0.5109323,0.5109323,0.0,0.0,0.0,1.0987902,1.299477,1.9461387,0.84745026,1.0987902,0.0,0.0,0.5109323,0.5109323,0.5109323,2.3981378,0.5109323,0.0,0.0,0.0,0.0,0.0,0.0,1.8460512,0.0,0.0,0.0,0.0,0.5109323,0.0,0.0,0.0,1.299477,0.5109323,0.0,0.0,0.0,2.1974616,0.0,0.0,2.1204982,0.0,0.84745026,0.84745026,0.0,0.0,0.0,0.0,0.0,0.0,0.5109323,0.5109323,0.84745026,0.5109323,0.0,0.0,0.0,0.0,0.0,1.4665422,0.0,1.4665422,0.0,0.0,0.84745026,0.84745026,0.5109323,0.5109323,1.4665422,0.5109323,3.1063352,0.5109323,1.6096513,0.84745026,0.0,0.0,0.0
0.0,1.2941185,0.0,0.0,0.0,0.0,0.50798845,0.0,0.0,0.50798845,0.0,0.0,0.84324235,0.84324235,0.50798845,0.50798845,0.84324235,3.8289075,0.0,0.0,0.50798845,0.0,0.50798845,0.0,0.0,0.0,0.0,0.0,1.0938792,1.2941185,1.0938792,0.50798845,0.50798845,0.50798845,0.50798845,0.0,0.50798845,0.50798845,2.7448826,0.84324235,0.0,0.0,0.0,0.0,0.0,0.0,1.6037556,0.0,0.0,0.50798845,1.0938792,0.0,0.0,0.0,1.0938792,0.50798845,0.50798845,0.0,0.0,0.0,1.7287511,0.50798845,0.0,1.9398206,0.0,1.4608738,0.50798845,0.50798845,0.0,0.0,0.0,0.50798845,1.0938792,0.50798845,0.0,0.84324235,0.0,0.0,0.0,0.50798845,0.0,0.50798845,1.0938792,0.0,1.6037556,0.0,0.0,0.84324235,0.50798845,0.0,1.0938792,1.2941185,0.0,3.4271092,0.0,1.8398443,0.50798845,0.50798845,0.0,0.50798845
0.0,1.1139556,0.5200598,1.3160095,1.3160095,0.5200598,0.5200598,0.0,0.5200598,0.5200598,0.5200598,0.0,0.5200598,0.0,0.0,0.5200598,1.6278218,4.4808807,0.0,0.0,0.0,0.8604636,0.5200598,1.3160095,0.0,0.0,0.5200598,0.0,0.0,1.1139556,1.7535205,0.5200598,1.1139556,0.0,0.5200598,0.5200598,0.0,0.0,2.2892635,0.5200598,0.5200598,0.0,0.0,0.5200598,0.8604636,0.0,1.3160095,0.0,0.0,0.5200598,0.8604636,0.5200598,0.0,0.0,0.0,1.3160095,0.0,0.0,0.0,0.0,1.3160095,2.1404674,0.5200598,2.4777186,0.0,0.5200598,0.0,0.0,0.0,0.0,0.0,1.1139556,0.8604636,1.4840201,0.0,0.0,0.0,0.0,0.8604636,0.5200598,0.5200598,0.0,0.5200598,0.0,1.8651688,0.8604636,0.0,1.3160095,0.5200598,0.0,0.8604636,1.8651688,0.0,3.4344273,0.0,2.3561065,0.5200598,0.8604636,0.5200598,0.8604636
0.0,1.2136075,0.0,0.0,0.0,0.0,0.0,0.0,0.0,0.0,0.0,0.0,0.0,0.0,0.0,0.0,0.46461478,5.245217,0.0,0.46461478,0.0,0.0,0.7806094,1.2136075,0.0,0.46461478,0.46461478,0.0,1.2136075,1.7459264,0.7806094,0.0,0.46461478,0.0,0.46461478,0.7806094,0.7806094,0.46461478,2.5044332,1.0203636,0.0,0.0,0.46461478,0.7806094,0.46461478,0.46461478,1.7459264,0.46461478,0.7806094,0.0,0.0,0.0,0.46461478,0.46461478,0.0,0.46461478,1.3754874,0.0,0.0,0.46461478,2.3477895,0.0,0.0,2.3477895,0.46461478,1.2136075,0.7806094,0.46461478,0.46461478,0.0,0.46461478,0.7806094,0.46461478,0.46461478,0.7806094,0.0,1.6370156,0.0,0.0,0.0,0.0,0.0,0.0,0.0,1.6370156,0.0,0.0,0.46461478,0.0,0.0,1.2136075,1.0203636,0.0,3.8274772,0.0,1.5147768,0.46461478,1.3754874,0.46461478,0.46461478
0.0,0.79621685,0.0,0.0,0.47534478,0.0,0.0,0.47534478,0.0,0.0,0.0,0.0,0.0,0.0,0.0,0.0,0.47534478,4.4133825,0.0,1.0387583,0.0,0.0,1.0387583,0.79621685,0.47534478,0.0,0.0,0.0,1.2338058,1.0387583,1.0387583,0.79621685,0.0,0.0,0.0,0.0,0.0,0.47534478,2.1873305,1.2338058,0.79621685,0.0,0.0,0.0,0.0,0.0,1.7696075,0.0,0.0,0.0,0.79621685,0.0,0.0,0.0,0.0,0.47534478,0.0,0.79621685,0.0,0.0,1.3969482,0.47534478,0.47534478,2.1165957,0.0,0.79621685,0.0,1.2338058,0.0,0.0,0.0,0.0,0.0,0.79621685,0.0,0.0,0.79621685,0.0,0.0,0.0,0.0,1.2338058,0.0,0.0,1.8682756,0.0,0.79621685,0.79621685,0.47534478,0.0,0.47534478,1.0387583,1.0387583,3.3458817,0.0,0.79621685,1.2338058,1.3969482,0.79621685,0.79621685
0.50437653,1.2875262,0.0,0.0,0.0,0.0,0.50437653,0.0,0.0,0.0,0.0,0.0,0.0,0.50437653,0.0,0.0,0.0,4.5723276,0.0,0.83807206,0.0,0.0,0.0,0.50437653,0.0,0.0,0.0,0.0,0.0,0.50437653,1.721278,0.0,0.0,0.0,0.0,0.0,0.50437653,0.0,2.4974277,0.50437653,0.83807206,0.0,0.50437653,0.50437653,0.0,0.0,2.1828363,0.0,0.83807206,0.50437653,0.0,0.50437653,0.0,0.0,0.0,0.50437653,0.0,0.0,0.0,0.50437653,1.721278,0.0,0.0,1.4538978,0.83807206,0.0,0.83807206,0.0,0.0,0.0,0.0,0.50437653,0.0,0.83807206,0.0,0.83807206,1.0878406,0.83807206,0.50437653,0.0,0.0,0.50437653,0.0,0.0,1.721278,0.0,0.50437653,0.50437653,0.0,0.0,0.50437653,1.2875262,0.0,3.2296278,0.0,1.4538978,0.0,0.0,0.0,0.0
0.0,0.93657535,0.0,0.93657535,0.0,0.0,0.0,0.0,0.0,0.5741466,0.0,0.0,0.0,0.5741466,0.0,0.0,0.93657535,4.8039875,0.0,0.5741466,0.0,0.0,0.93657535,0.0,0.0,0.0,0.5741466,0.0,0.5741466,1.9747638,0.93657535,0.0,0.5741466,0.0,0.5741466,0.5741466,0.0,0.5741466,2.169756,0.5741466,0.0,0.0,0.0,0.0,0.0,0.0,1.4115865,0.5741466,0.0,0.0,0.0,0.0,0.0,0.0,0.0,0.0,0.0,0.0,0.0,0.5741466,2.0770051,0.0,0.5741466,1.4115865,0.5741466,0.5741466,0.93657535,0.0,0.0,0.0,0.0,0.0,0.93657535,0.5741466,0.5741466,0.5741466,0.0,0.5741466,0.0,0.5741466,0.0,0.0,0.93657535,0.0,2.169756,0.0,0.5741466,0.93657535,0.0,0.5741466,0.5741466,0.93657535,0.5741466,3.6436076,0.0,0.5741466,0.0,2.0770051,0.0,0.93657535
0.0,0.99277604,0.0,0.99277604,2.445129,0.0,0.29247794,0.0,0.0,0.0,0.29247794,0.29247794,0.0,0.518488,0.0,0.518488,1.7503129,5.4110723,0.0,0.70271593,0.0,0.0,0.8582262,0.8582262,0.29247794,0.0,0.29247794,0.29247794,0.0,0.70271593,0.8582262,0.0,0.29247794,0.0,0.0,0.0,0.0,0.70271593,2.5565302,0.8582262,0.0,0.0,0.29247794,0.0,0.0,0.518488,1.807657,0.0,0.99277604,0.29247794,0.29247794,0.0,0.0,0.0,0.0,0.518488,0.0,0.0,0.0,0.29247794,1.9133329,1.7503129,0.29247794,1.4810207,0.0,0.99277604,0.29247794,0.0,0.29247794,0.0,0.29247794,0.518488,1.8618902,0.70271593,0.8582262,0.518488,0.0,0.0,0.0,0.0,0.29247794,0.29247794,0.8582262,0.0,1.9622582,0.8582262,0.8582262,0.8582262,0.0,0.0,0.0,0.8582262,0.29247794,3.078433,0.29247794,2.0089011,0.8582262,0.99277604,0.0,0.0
0.0,0.38863707,0.38863707,0.6677977,1.2163496,0.0,0.38863707,0.0,0.0,0.0,0.0,0.0,0.0,0.6677977,0.38863707,0.0,1.2163496,5.7061315,0.0,0.8857933,0.0,0.0,0.6677977,1.2163496,0.0,0.0,0.0,0.0,0.38863707,1.9705468,1.348025,0.0,0.38863707,0.38863707,0.6677977,0.38863707,0.0,0.0,2.2054656,1.2163496,0.0,0.0,0.0,0.38863707,0.38863707,0.0,1.9020522,0.0,0.0,0.0,0.38863707,0.6677977,0.38863707,0.0,0.0,0.0,0.38863707,0.0,0.0,0.0,1.8285189,0.38863707,0.0,1.7491462,0.0,0.8857933,0.6677977,0.0,0.0,0.0,0.0,0.8857933,0.0,0.38863707,0.0,1.0646682,0.6677977,0.0,0.0,0.0,0.0,0.38863707,0.6677977,0.0,1.9705468,0.0,0.0,0.38863707,0.38863707,0.38863707,0.0,0.8857933,0.38863707,3.6135538,0.0,1.5685644,0.0,0.6677977,0.0,0.8857933
0.0,1.0854218,0.3988916,1.3714427,2.2335484,0.0,0.3988916,0.0,0.0,0.0,0.0,0.0,0.0,0.0,0.0,0.68327063,1.5935882,3.9317777,0.0,0.0,0.0,0.0,0.3988916,1.3714427,0.0,0.0,0.0,0.0,0.0,1.6885353,0.0,0.0,0.3988916,0.0,0.0,0.0,0.3988916,0.3988916,2.5843222,1.2386236,0.0,0.0,0.68327063,0.0,0.68327063,0.3988916,2.1225705,0.0,0.3988916,0.0,0.0,0.0,0.0,0.3988916,0.0,0.3988916,0.0,1.0854218,0.3988916,0.3988916,1.6885353,1.6885353,0.0,2.062093,0.0,0.9044271,0.9044271,0.0,0.0,0.3988916,0.0,0.0,1.6885353,0.0,0.0,0.3988916,0.68327063,0.9044271,0.0,0.68327063,0.3988916,0.68327063,0.3988916,0.0,2.4667244,0.3988916,0.0,0.9044271,0.9044271,0.3988916,0.0,0.9044271,0.0,3.3307557,0.0,2.4667244,0.0,1.4886714,0.3988916,0.68327063
0.0,0.0,0.3669742,0.0,0.0,0.0,0.3669742,0.0,0.0,0.0,0.0,0.0,0.0,0.6348406,0.0,0.0,0.6348406,3.8803174,0.0,0.6348406,0.0,0.0,0.8459035,0.3669742,0.0,0.3669742,0.6348406,0.0,0.0,1.297508,0.6348406,0.0,0.6348406,0.6348406,0.0,0.0,0.3669742,0.3669742,2.4545038,0.6348406,0.0,0.0,0.0,0.0,0.3669742,0.0,2.0347593,0.0,0.3669742,0.6348406,0.0,0.0,0.0,0.0,0.0,0.0,0.3669742,0.0,0.0,0.0,1.4118463,0.8459035,0.0,1.297508,0.0,1.0200894,0.3669742,0.6348406,0.0,0.0,0.0,0.0,0.0,0.8459035,0.0,0.3669742,0.3669742,0.6348406,0.0,0.3669742,0.0,0.3669742,0.3669742,0.0,2.4545038,0.3669742,0.3669742,0.3669742,0.6348406,0.0,0.3669742,1.0200894,0.0,3.1037483,0.0,1.4118463,0.8459035,1.1683881,0.0,0.3669742
0.0,0.4133336,0.0,0.0,0.7049268,0.0,0.4133336,0.0,0.0,0.0,0.0,0.0,0.0,0.0,0.0,0.0,0.7049268,3.5781085,0.0,0.9304098,0.0,0.0,0.4133336,0.4133336,0.0,0.0,0.4133336,0.4133336,0.9304098,0.4133336,0.7049268,0.0,0.4133336,0.0,0.4133336,0.0,0.0,0.0,2.3725903,1.1142879,0.0,0.0,0.0,0.0,0.0,0.0,1.5223418,0.0,0.0,0.0,0.0,0.0,0.0,0.0,0.0,0.4133336,0.0,0.7049268,0.0,0.7049268,1.7239523,0.4133336,0.0,1.8113158,0.4133336,1.2695489,0.7049268,0.4133336,0.0,0.0,0.0,0.7049268,0.0,1.1142879,0.0,0.0,0.7049268,0.9304098,0.4133336,0.4133336,0.0,0.7049268,0.0,0.0,1.8916564,1.1142879,0.4133336,1.1142879,0.0,0.0,0.0,0.0,0.0,2.7627676,0.0,1.2695489,0.4133336,0.0,0.4133336,0.0
0.37599057,1.3187113,0.37599057,0.37599057,0.0,0.37599057,0.37599057,0.0,0.0,0.0,0.6486031,0.0,0.0,0.0,0.0,0.0,0.0,4.0294228,0.0,0.0,0.0,0.37599057,0.37599057,0.37599057,0.37599057,0.0,0.0,0.0,0.86259466,1.7163774,0.6486031,0.0,0.37599057,0.6486031,0.0,0.0,0.37599057,0.37599057,2.4810996,1.038768,0.0,0.0,0.37599057,0.37599057,0.0,0.0,1.7952148,0.0,0.37599057,0.0,0.0,0.0,0.6486031,0.0,0.37599057,0.37599057,0.6486031,0.37599057,0.0,0.0,1.9363842,0.37599057,0.37599057,2.1701238,0.37599057,1.3187113,0.37599057,1.038768,0.6486031,0.37599057,0.0,0.86259466,0.37599057,0.6486031,0.37599057,0.0,0.37599057,0.0,0.0,0.0,0.0,0.6486031,0.86259466,0.0,1.7952148,0.0,0.37599057,0.86259466,0.37599057,0.0,0.86259466,1.5371827,0.0,3.377549,0.0,1.7952148,0.0,1.188504,0.37599057,0.6486031
0.0,0.6304341,0.6304341,0.36409637,0.6304341,0.0,0.6304341,0.0,0.0,0.0,0.0,0.0,0.0,0.0,0.36409637,0.0,0.0,3.9245653,0.0,0.6304341,0.0,0.0,0.36409637,0.36409637,0.0,0.0,0.0,0.0,0.8405489,0.6304341,0.6304341,0.0,0.6304341,0.0,0.0,0.0,0.0,0.0,2.5540245,0.6304341,0.0,0.0,0.0,0.0,0.0,0.8405489,1.9669698,0.0,0.36409637,0.0,0.0,0.36409637,0.0,0.0,0.0,0.36409637,0.0,0.36409637,0.0,0.6304341,1.8358649,0.8405489,0.0,1.6849403,0.0,0.8405489,0.8405489,0.0,0.0,0.0,0.0,0.36409637,0.6304341,0.36409637,0.36409637,0.6304341,0.6304341,0.0,0.0,0.0,0.0,0.0,1.1619203,0.0,1.507118,0.6304341,0.36409637,1.1619203,1.0140893,0.36409637,0.0,1.4047457,0.0,3.1895823,0.0,2.0828614,0.0,0.6304341,0.36409637,0.0
0.0,0.6321643,0.36522582,0.0,0.0,0.0,0.36522582,0.36522582,0.0,0.0,0.0,0.84265196,0.0,0.36522582,0.0,0.0,0.36522582,3.9018178,0.0,0.6321643,0.0,0.0,0.6321643,0.0,0.0,0.36522582,0.36522582,0.0,0.84265196,0.84265196,0.84265196,0.0,0.36522582,0.36522582,0.0,0.6321643,0.0,0.36522582,2.2840939,0.84265196,0.0,0.0,0.36522582,0.0,0.6321643,0.0,2.0298035,0.36522582,0.36522582,0.0,0.36522582,0.36522582,0.0,0.36522582,0.36522582,0.36522582,0.0,0.0,0.0,0.0,2.0298035,0.0,0.0,1.6029277,0.0,1.2933663,0.36522582,0.6321643,0.0,0.0,0.0,0.36522582,0.36522582,1.1644614,0.36522582,0.6321643,0.36522582,0.84265196,0.0,0.0,0.36522582,0.0,0.0,0.0,2.086098,0.36522582,0.0,0.84265196,0.0,0.36522582,0.0,1.0164464,0.0,3.4332473,0.0,1.8389726,0.6321643,0.0,0.0,0.36522582
0.4886291,1.564541,0.4886291,0.81543565,0.0,0.0,0.81543565,1.0613396,0.0,0.0,0.0,0.81543565,0.0,0.0,1.0613396,0.0,0.0,5.371694,0.0,1.0613396,0.0,0.0,0.4886291,0.81543565,0.0,0.4886291,0.4886291,0.0,0.0,2.4052572,0.81543565,0.4886291,1.258552,0.0,0.4886291,0.0,0.4886291,0.0,2.1472123,0.81543565,0.81543565,0.81543565,0.81543565,0.81543565,0.4886291,0.0,1.4232048,0.0,0.4886291,0.0,1.0613396,0.4886291,0.0,0.4886291,0.4886291,0.81543565,0.0,0.4886291,0.0,0.4886291,1.6883526,0.0,1.0613396,2.218229,0.0,1.4232048,0.0,0.0,1.4232048,0.0,0.81543565,0.0,0.4886291,0.81543565,0.0,0.4886291,0.4886291,0.0,0.4886291,0.81543565,0.0,0.0,0.81543565,0.0,1.8977278,0.4886291,0.0,0.0,0.4886291,0.0,0.0,1.564541,0.0,3.9758732,0.0,3.6255307,1.0613396,1.258552,0.0,0.0
0.76946646,1.1991297,0.0,0.0,0.76946646,0.0,0.76946646,0.45698625,0.0,0.0,0.0,0.76946646,0.0,0.0,0.0,0.45698625,0.45698625,4.161138,0.0,0.45698625,0.0,0.0,0.45698625,1.3600879,0.0,0.0,0.0,0.0,0.0,0.76946646,1.007199,0.0,1.4986947,0.45698625,0.45698625,0.0,0.0,0.0,2.3840013,0.45698625,0.45698625,0.45698625,0.0,0.45698625,0.0,0.45698625,1.3600879,0.0,0.45698625,0.0,0.76946646,0.0,0.0,0.45698625,0.0,0.0,0.45698625,0.45698625,0.0,0.76946646,1.8267668,0.0,0.45698625,2.661941,0.45698625,1.007199,0.0,0.0,1.007199,0.0,0.45698625,0.76946646,0.0,0.76946646,0.0,0.45698625,0.45698625,0.0,0.45698625,0.45698625,0.76946646,0.76946646,1.1991297,0.0,1.7289008,0.0,0.0,0.0,0.45698625,0.45698625,0.45698625,1.1991297,0.0,3.9837286,0.45698625,1.9159032,0.76946646,0.76946646,0.45698625,0.45698625
0.0,0.9300224,0.0,0.0,0.0,0.0,1.1944827,0.0,0.0,0.0,0.0,0.0,0.0,0.0,0.0,0.0,0.56944335,5.0931163,0.0,0.0,0.0,0.0,0.56944335,0.9300224,0.0,0.0,0.0,0.56944335,0.0,1.1944827,1.1944827,0.0,0.56944335,0.0,0.0,0.0,0.56944335,0.56944335,2.244968,0.56944335,0.56944335,0.0,0.0,0.0,0.0,0.0,2.160195,0.0,0.0,0.0,0.56944335,0.9300224,0.0,0.0,0.56944335,0.56944335,0.0,0.56944335,0.0,0.9300224,1.9654696,0.0,0.56944335,2.4631689,0.0,1.1944827,0.56944335,0.56944335,0.0,0.0,0.0,0.0,0.0,1.1944827,0.0,0.0,0.9300224,0.0,0.0,0.0,0.56944335,0.0,0.9300224,0.0,2.0675647,0.56944335,0.0,1.4034297,0.9300224,0.0,0.9300224,1.8517535,0.56944335,4.029706,0.0,2.244968,0.56944335,1.1944827,0.0,0.0
0.25802308,1.017479,0.46293962,0.0,0.0,0.0,0.7781659,0.46293962,0.0,0.25802308,0.0,0.25802308,0.46293962,0.25802308,0.25802308,0.25802308,0.25802308,5.3513126,0.0,1.1186048,0.46293962,0.0,0.46293962,0.46293962,0.25802308,0.46293962,0.7781659,0.63292265,0.25802308,1.6892709,1.1186048,0.0,1.2104368,0.0,0.0,0.25802308,0.25802308,0.0,2.2551467,0.63292265,0.0,0.0,0.25802308,0.46293962,0.0,0.25802308,1.4441047,0.25802308,0.63292265,0.46293962,0.25802308,0.46293962,0.0,0.0,0.46293962,0.63292265,0.0,0.0,0.0,1.2104368,1.5741824,0.25802308,0.0,2.4758358,0.25802308,1.2104368,0.25802308,0.25802308,0.25802308,0.25802308,0.25802308,0.25802308,0.0,0.7781659,0.25802308,0.25802308,0.7781659,0.25802308,0.25802308,0.0,0.25802308,0.90496427,1.2104368,0.25802308,2.050332,0.0,0.0,0.7781659,0.25802308,0.0,0.25802308,1.8403332,0.25802308,3.9941695,0.25802308,1.8860093,0.25802308,1.017479,0.63292265,0.46293962
0.0,1.3559896,0.89212084,0.0,0.0,0.0,0.7324759,1.0297532,0.0,0.0,0.0,0.5424114,0.7324759,0.30753976,0.89212084,0.0,0.0,5.9786882,0.0,0.30753976,0.0,0.0,0.5424114,0.89212084,0.30753976,0.30753976,0.30753976,0.7324759,0.89212084,2.0594203,1.6015718,0.0,0.89212084,0.30753976,0.0,0.30753976,0.0,0.30753976,1.4447222,1.0297532,0.0,0.30753976,0.30753976,0.30753976,0.30753976,0.0,1.3559896,0.0,0.30753976,0.5424114,0.5424114,0.30753976,0.0,0.0,0.0,0.7324759,0.30753976,0.30753976,0.0,0.0,2.3381402,0.5424114,0.30753976,2.734562,0.5424114,0.89212084,0.7324759,0.5424114,0.0,0.0,0.0,0.0,0.30753976,1.0297532,0.0,0.7324759,0.5424114,0.0,0.0,0.30753976,0.30753976,0.30753976,1.1507142,0.0,1.2586099,0.30753976,0.5424114,1.0297532,0.30753976,0.5424114,0.30753976,2.1043167,0.30753976,3.9468217,0.30753976,2.5834348,1.3559896,0.89212084,0.7324759,0.30753976
0.5467888,1.1578519,1.1578519,0.0,0.0,0.31031016,0.73790264,1.0364674,0.0,0.5467888,0.0,0.0,0.8982865,0.31031016,0.5467888,0.5467888,0.31031016,5.850429,0.0,0.31031016,0.0,0.0,0.31031016,0.0,0.0,0.31031016,0.0,0.0,0.73790264,2.720642,1.7457199,0.31031016,0.73790264,0.0,0.0,0.8982865,0.5467888,0.0,2.1134758,0.73790264,0.31031016,0.8982865,0.31031016,0.31031016,0.0,0.0,1.8072839,0.0,1.0364674,0.0,0.8982865,0.5467888,0.31031016,0.31031016,0.73790264,1.6099035,0.0,0.31031016,0.0,2.0685213,2.1564963,0.0,0.31031016,2.619924,0.31031016,1.1578519,0.31031016,1.0364674,0.0,0.0,0.5467888,0.0,0.31031016,0.31031016,0.0,1.1578519,0.8982865,0.0,0.5467888,0.5467888,0.8982865,0.8982865,0.73790264,0.0,2.0685213,0.0,0.73790264,1.4526981,0.73790264,0.73790264,0.73790264,1.9720535,0.31031016,3.9430346,0.31031016,2.7443128,1.8072839,0.31031016,0.31031016,0.31031016
0.0,0.5200598,0.5200598,0.0,0.0,0.0,0.0,0.5200598,0.0,1.1139556,0.0,0.0,0.0,0.0,0.0,1.1139556,0.5200598,4.186653,0.0,0.5200598,0.0,0.5200598,0.0,0.0,0.0,0.0,0.0,0.0,0.0,1.1139556,2.3561065,0.0,0.5200598,0.0,0.5200598,1.1139556,1.1139556,0.5200598,1.1139556,0.5200598,0.5200598,0.0,0.0,0.8604636,0.0,0.5200598,1.1139556,0.0,0.5200598,0.5200598,0.0,0.0,0.0,0.0,0.0,1.1139556,0.5200598,0.0,0.5200598,0.5200598,1.9655943,0.0,0.0,2.7294655,0.0,0.5200598,0.5200598,0.8604636,0.0,0.0,1.1139556,0.5200598,0.5200598,0.0,0.5200598,0.5200598,1.1139556,0.5200598,0.0,0.0,0.5200598,0.0,0.5200598,0.0,1.3160095,0.0,0.8604636,1.4840201,0.5200598,0.0,0.5200598,0.8604636,0.0,3.7836003,1.1139556,2.6362274,0.8604636,0.0,1.1139556,0.5200598
1.0799018,1.0799018,0.0,0.0,0.0,0.0,0.0,1.9217889,1.0799018,1.0799018,1.0799018,0.0,0.0,0.0,0.0,0.0,0.0,4.906481,0.0,1.0799018,1.5869429,0.0,1.0799018,1.0799018,1.0799018,0.0,0.0,0.0,0.0,1.0799018,1.9217889,0.0,0.0,0.0,0.0,1.5869429,0.0,0.0,1.5869429,0.0,1.0799018,0.0,0.0,1.0799018,0.0,1.0799018,0.0,0.0,0.0,0.0,1.0799018,0.0,0.0,0.0,0.0,1.5869429,0.0,0.0,0.0,1.0799018,1.9217889,1.0799018,0.0,3.340083,1.0799018,1.5869429,1.0799018,0.0,0.0,0.0,0.0,0.0,0.0,1.0799018,0.0,1.0799018,0.0,0.0,0.0,0.0,0.0,0.0,2.3722932,0.0,2.1721988,0.0,1.0799018,1.5869429,1.0799018,0.0,0.0,0.0,0.0,3.9041877,1.5869429,2.3722932,1.5869429,0.0,0.0,0.0
0.0,0.0,0.0,0.0,0.0,0.0,0.0,1.0334016,0.0,1.0334016,0.0,0.0,0.0,0.0,0.0,2.47348,0.0,4.5362606,0.0,1.0334016,0.0,1.0334016,1.5306588,0.0,0.0,0.0,0.0,1.0334016,1.0334016,1.5306588,1.5306588,0.0,0.0,0.0,0.0,1.8612592,0.0,0.0,1.5306588,1.0334016,0.0,1.0334016,1.0334016,1.5306588,1.0334016,0.0,1.0334016,0.0,1.0334016,1.0334016,0.0,0.0,0.0,1.0334016,1.0334016,0.0,1.0334016,0.0,0.0,1.0334016,1.8612592,0.0,0.0,1.5306588,1.0334016,1.0334016,1.0334016,0.0,0.0,0.0,0.0,0.0,0.0,0.0,1.5306588,1.0334016,0.0,0.0,0.0,0.0,1.0334016,0.0,1.0334016,0.0,1.5306588,0.0,0.0,1.8612592,0.0,0.0,0.0,1.5306588,0.0,4.1067696,0.0,4.697171,3.7944694,0.0,1.0334016,0.0
0.0,0.0,0.0,0.0,0.0,1.5791018,0.0,0.0,0.0,2.1634603,1.5791018,0.0,0.0,0.0,0.0,0.0,1.5791018,4.451006,0.0,0.0,0.0,0.0,0.0,0.0,0.0,0.0,1.5791018,0.0,0.0,1.5791018,2.797427,0.0,1.5791018,0.0,0.0,2.1634603,0.0,0.0,2.1634603,0.0,0.0,0.0,0.0,0.0,0.0,1.5791018,1.5791018,0.0,0.0,0.0,0.0,0.0,0.0,0.0,0.0,1.5791018,0.0,0.0,0.0,0.0,2.797427,0.0,0.0,0.0,0.0,0.0,0.0,0.0,0.0,0.0,0.0,1.5791018,0.0,0.0,0.0,2.1634603,0.0,0.0,0.0,0.0,0.0,0.0,1.5791018,0.0,2.1634603,0.0,0.0,1.5791018,1.5791018,0.0,0.0,1.5791018,0.0,2.1634603,0.0,2.5298634,1.5791018,0.0,0.0,1.5791018
0.0,0.0,0.0,0.0,0.0,0.0,2.0634205,1.4898491,0.0,1.4898491,2.0634205,0.0,0.0,0.0,0.0,0.0,0.0,4.540989,0.0,1.4898491,0.0,0.0,1.4898491,0.0,0.0,0.0,0.0,0.0,1.4898491,2.4256234,0.0,0.0,1.4898491,0.0,1.4898491,0.0,0.0,0.0,2.0634205,0.0,1.4898491,1.4898491,0.0,1.4898491,0.0,0.0,1.4898491,0.0,0.0,0.0,0.0,2.0634205,0.0,0.0,0.0,2.0634205,0.0,0.0,0.0,2.0634205,2.4256234,0.0,0.0,2.0634205,0.0,0.0,1.4898491,0.0,0.0,0.0,0.0,0.0,0.0,0.0,1.4898491,2.4256234,0.0,0.0,0.0,0.0,0.0,0.0,1.4898491,0.0,1.4898491,0.0,0.0,2.0634205,0.0,0.0,0.0,0.0,0.0,3.5657017,0.0,2.0634205,2.4256234,0.0,1.4898491,0.0
0.0,0.0,0.0,0.0,0.0,1.6256325,0.0,0.0,0.0,2.2152026,0.0,0.0,0.0,0.0,1.6256325,0.0,0.0,4.310388,0.0,0.0,0.0,0.0,0.0,0.0,0.0,0.0,0.0,0.0,0.0,1.6256325,1.6256325,0.0,1.6256325,0.0,1.6256325,0.0,0.0,0.0,0.0,0.0,1.6256325,0.0,0.0,0.0,0.0,1.6256325,1.6256325,0.0,0.0,0.0,0.0,0.0,0.0,0.0,1.6256325,1.6256325,0.0,0.0,0.0,2.5836124,0.0,0.0,0.0,2.2152026,0.0,2.2152026,1.6256325,0.0,0.0,0.0,0.0,1.6256325,0.0,0.0,1.6256325,1.6256325,0.0,0.0,0.0,0.0,0.0,0.0,1.6256325,1.6256325,1.6256325,0.0,0.0,0.0,1.6256325,0.0,0.0,1.6256325,0.0,3.63058,1.6256325,2.2152026,1.6256325,0.0,0.0,0.0
0.0,0.0,0.0,0.0,0.0,0.0,0.0,0.0,0.0,1.6469485,0.0,0.0,0.0,0.0,1.6469485,0.0,1.6469485,4.700198,0.0,0.0,0.0,0.0,0.0,0.0,0.0,1.6469485,0.0,0.0,0.0,0.0,0.0,0.0,0.0,0.0,1.6469485,0.0,0.0,0.0,2.8772,1.6469485,0.0,0.0,0.0,0.0,0.0,0.0,1.6469485,0.0,0.0,0.0,0.0,0.0,0.0,0.0,0.0,0.0,0.0,0.0,0.0,0.0,0.0,0.0,0.0,0.0,0.0,1.6469485,1.6469485,0.0,0.0,0.0,0.0,0.0,0.0,0.0,1.6469485,0.0,0.0,0.0,0.0,0.0,0.0,0.0,0.0,0.0,0.0,0.0,0.0,2.2388175,1.6469485,2.2388175,0.0,0.0,0.0,3.089021,0.0,2.2388175,2.2388175,0.0,1.6469485,0.0
0.0,0.0,0.0,0.0,0.0,0.0,0.0,0.0,0.0,1.3365357,0.0,0.0,0.0,0.0,0.0,0.0,0.0,4.5085135,0.0,1.3365357,0.0,0.0,0.0,0.0,1.3365357,0.0,1.3365357,0.0,0.0,1.8888366,1.3365357,0.0,1.3365357,0.0,0.0,1.3365357,0.0,0.0,2.7099936,0.0,0.0,0.0,0.0,1.3365357,0.0,0.0,1.8888366,0.0,0.0,0.0,0.0,0.0,0.0,0.0,0.0,1.8888366,1.3365357,0.0,0.0,0.0,2.8811638,0.0,0.0,2.2425704,0.0,1.8888366,0.0,0.0,0.0,0.0,0.0,0.0,0.0,0.0,1.8888366,0.0,0.0,0.0,0.0,0.0,0.0,0.0,0.0,0.0,1.3365357,0.0,0.0,0.0,0.0,1.3365357,0.0,0.0,0.0,2.7099936,0.0,2.2425704,2.8811638,0.0,0.0,0.0
0.0,1.1951785,0.0,0.0,0.0,0.0,0.0,0.0,0.0,0.0,0.0,0.0,0.0,0.0,0.0,1.1951785,0.0,4.672743,0.0,0.0,0.0,0.0,0.0,0.0,1.1951785,0.0,2.0684364,0.0,1.1951785,1.1951785,0.0,0.0,1.1951785,1.1951785,0.0,0.0,0.0,0.0,1.1951785,0.0,0.0,0.0,0.0,0.0,0.0,0.0,1.7242467,0.0,0.0,0.0,0.0,0.0,0.0,0.0,0.0,2.3240128,0.0,0.0,0.0,1.1951785,2.3240128,1.1951785,0.0,1.7242467,0.0,1.1951785,0.0,0.0,0.0,0.0,1.1951785,0.0,0.0,0.0,1.1951785,1.1951785,0.0,0.0,0.0,0.0,0.0,0.0,1.1951785,0.0,0.0,0.0,0.0,0.0,1.1951785,0.0,1.1951785,0.0,0.0,3.851911,1.1951785,2.5273862,2.6963072,0.0,1.7242467,0.0
1.8159121,0.0,0.9989982,0.0,0.0,0.0,0.9989982,1.4886525,0.0,0.9989982,1.8159121,0.0,0.0,0.0,0.9989982,0.0,0.0,4.4433856,0.0,0.0,0.0,0.0,0.0,0.0,0.0,0.0,0.9989982,0.0,0.0,2.0620716,1.4886525,0.0,0.9989982,0.0,0.9989982,1.4886525,0.0,0.0,2.5656352,0.0,0.0,0.0,0.9989982,0.0,0.0,0.0,1.4886525,0.0,0.9989982,0.0,0.9989982,0.0,0.0,0.0,0.0,1.4886525,0.0,0.0,0.0,1.8159121,2.424215,0.0,0.0,1.8159121,0.0,2.0620716,1.4886525,0.0,0.9989982,0.0,0.0,0.0,0.0,0.0,0.9989982,1.4886525,0.0,0.0,0.0,0.0,0.0,0.9989982,0.0,0.0,2.0620716,0.0,1.4886525,0.9989982,1.4886525,0.0,0.0,0.9989982,0.0,3.5143964,0.0,2.6895115,2.424215,0.0,0.9989982,0.0
0.0,1.0441359,0.0,1.0441359,0.0,0.0,1.0441359,0.0,0.0,1.0441359,0.0,1.5437008,1.0441359,1.0441359,1.0441359,0.0,0.0,5.1593347,0.0,0.0,0.0,0.0,0.0,1.0441359,0.0,1.0441359,0.0,0.0,0.0,1.5437008,0.0,0.0,0.0,0.0,0.0,0.0,0.0,0.0,1.0441359,0.0,0.0,0.0,0.0,1.0441359,0.0,0.0,0.0,0.0,0.0,0.0,0.0,0.0,0.0,0.0,0.0,1.0441359,0.0,0.0,0.0,0.0,1.8753079,0.0,0.0,2.488704,0.0,1.5437008,0.0,0.0,0.0,0.0,1.0441359,0.0,1.0441359,0.0,1.0441359,0.0,1.0441359,0.0,0.0,0.0,0.0,0.0,1.5437008,0.0,1.0441359,0.0,1.0441359,1.5437008,0.0,0.0,0.0,1.0441359,0.0,3.2161622,0.0,3.6328077,4.9349823,0.0,0.0,0.0
0.9749303,0.9749303,0.9749303,0.0,0.0,0.0,0.0,0.0,0.0,0.0,1.4590719,0.0,0.0,0.0,0.0,0.0,0.0,4.6057596,0.0,0.0,0.0,0.0,0.0,0.0,0.0,0.0,0.0,0.0,0.9749303,2.028665,0.0,0.9749303,1.4590719,0.0,0.0,1.4590719,1.7838864,0.0,2.2251544,0.0,0.0,0.0,0.0,0.0,0.9749303,0.0,0.0,0.0,0.0,0.9749303,0.0,0.9749303,0.0,0.0,0.0,0.9749303,0.9749303,0.0,0.9749303,0.9749303,1.4590719,0.0,0.0,0.0,0.9749303,0.9749303,0.0,0.0,0.0,0.0,0.9749303,0.0,0.0,0.9749303,1.4590719,0.0,0.9749303,0.0,0.0,0.0,0.9749303,0.0,0.0,0.0,0.9749303,0.0,0.9749303,0.9749303,0.0,0.0,0.9749303,1.4590719,0.0,3.3695931,0.0,2.2251544,2.7637272,0.0,1.7838864,0.0
0.0,1.5733194,0.0,0.0,0.0,0.0,0.0,0.0,0.0,0.0,0.0,1.0686048,0.0,0.0,1.0686048,1.0686048,0.0,5.72623,0.0,0.0,0.0,1.0686048,0.0,0.0,0.0,0.0,0.0,0.0,0.0,0.0,1.0686048,0.0,0.0,0.0,0.0,1.0686048,0.0,0.0,1.9071611,1.5733194,0.0,0.0,0.0,0.0,0.0,0.0,1.0686048,0.0,0.0,0.0,0.0,1.0686048,0.0,0.0,0.0,1.9071611,0.0,0.0,0.0,0.0,1.5733194,0.0,0.0,1.0686048,0.0,1.5733194,1.0686048,0.0,0.0,0.0,1.5733194,0.0,0.0,0.0,1.0686048,1.0686048,1.0686048,0.0,0.0,0.0,1.0686048,0.0,0.0,0.0,1.0686048,0.0,0.0,0.0,1.0686048,0.0,0.0,1.5733194,1.0686048,2.9015224,0.0,3.3235388,3.2521982,0.0,0.0,0.0
0.9622577,0.0,0.9622577,0.0,0.0,0.0,0.0,0.0,0.0,1.4434303,0.0,0.0,0.0,0.0,0.0,1.7669199,0.0,4.0538,0.0,0.0,0.0,0.0,0.9622577,0.0,0.0,0.0,0.0,0.0,0.9622577,0.9622577,1.4434303,1.4434303,0.0,0.9622577,0.0,2.0109482,0.0,0.0,2.0109482,0.0,0.0,0.9622577,0.9622577,0.0,0.9622577,0.9622577,0.0,0.9622577,0.0,0.0,0.0,0.0,0.0,0.0,0.0,0.0,0.9622577,0.0,0.0,0.0,1.7669199,0.0,0.0,1.7669199,0.0,0.9622577,0.0,0.9622577,0.0,0.0,0.0,0.0,0.0,0.0,1.4434303,0.0,0.9622577,0.9622577,0.0,0.0,0.0,0.9622577,0.0,0.0,2.0109482,0.0,1.4434303,0.0,0.9622577,0.0,0.0,0.9622577,0.0,3.2293801,0.0,2.0109482,1.4434303,0.0,0.9622577,0.0
0.0,0.85390437,1.3076837,0.0,0.0,0.0,0.85390437,0.85390437,0.0,0.0,0.0,0.85390437,0.0,0.0,0.0,0.85390437,0.85390437,6.3831253,0.0,0.0,0.0,0.85390437,0.0,0.85390437,0.0,0.85390437,0.85390437,0.0,0.0,2.2074826,1.6186749,0.85390437,1.3076837,0.0,0.0,1.3076837,0.85390437,0.0,0.85390437,0.0,0.0,0.0,1.3076837,0.85390437,0.85390437,0.0,1.8555474,0.0,1.3076837,0.0,0.0,0.0,0.0,0.0,0.0,1.3076837,0.0,0.0,0.0,0.85390437,2.6733205,0.85390437,0.85390437,2.0469182,0.85390437,0.85390437,1.6186749,0.0,0.85390437,0.85390437,0.0,0.0,0.0,0.0,0.85390437,1.6186749,0.85390437,0.0,0.0,0.85390437,0.0,0.0,1.3076837,0.85390437,1.6186749,0.0,1.6186749,1.6186749,2.0469182,0.0,1.3076837,0.85390437,0.85390437,3.691755,0.0,3.756837,3.1170998,0.0,0.0,0.0
1.126293,0.7139791,0.0,0.0,1.126293,0.0,0.0,0.7139791,0.0,1.126293,0.0,0.0,0.0,0.0,0.7139791,1.126293,1.126293,3.2977803,0.0,1.126293,0.0,0.0,0.7139791,0.0,0.0,0.7139791,0.0,0.0,1.4173818,1.8262422,1.4173818,0.0,0.7139791,0.0,0.0,1.6425638,0.7139791,0.0,2.3397756,0.0,0.0,0.0,0.0,0.0,0.0,0.7139791,2.2339644,0.0,0.7139791,0.0,0.7139791,0.7139791,0.0,0.7139791,0.0,1.126293,0.0,0.0,0.0,0.0,1.6425638,0.7139791,0.0,1.8262422,0.7139791,0.0,0.0,0.7139791,0.7139791,0.0,0.0,0.7139791,0.0,1.126293,0.7139791,0.7139791,1.6425638,0.0,0.0,0.0,0.0,0.0,0.7139791,0.0,1.9813608,0.0,0.0,1.4173818,0.0,0.0,1.126293,1.4173818,0.0,3.5664103,0.7139791,2.2339644,1.4173818,0.0,1.4173818,0.0
0.0,1.3562391,0.0,0.67321104,0.67321104,0.67321104,1.0719414,0.67321104,0.0,0.67321104,0.0,0.67321104,0.0,0.0,0.0,1.3562391,0.0,5.302253,0.0,0.0,0.0,0.67321104,0.0,0.67321104,0.0,1.0719414,1.0719414,0.67321104,0.67321104,2.448048,0.0,0.0,1.7583083,0.0,0.67321104,1.7583083,0.0,0.0,2.3613467,0.67321104,0.0,0.0,0.0,0.0,0.0,0.67321104,1.7583083,0.0,1.7583083,0.0,0.0,1.3562391,0.0,1.0719414,0.0,1.0719414,1.0719414,0.0,0.0,0.0,2.8523746,1.0719414,0.0,1.3562391,0.0,1.5773464,0.0,0.0,0.0,0.67321104,0.0,0.67321104,0.67321104,1.7583083,0.0,0.0,0.0,0.0,0.0,0.0,0.0,0.0,1.0719414,0.0,2.161503,0.0,0.0,1.3562391,0.0,0.0,1.3562391,1.0719414,0.0,3.6742961,0.67321104,2.9575074,1.3562391,0.0,1.3562391,0.0
0.0,0.0,0.0,0.0,1.0149859,0.0,1.508213,0.0,0.0,1.0149859,1.0149859,0.0,1.0149859,0.0,0.0,0.0,0.0,4.9905953,0.0,0.0,0.0,0.0,0.0,0.0,0.0,0.0,0.0,0.0,0.0,1.508213,1.508213,0.0,0.0,0.0,0.0,0.0,0.0,0.0,1.8370472,0.0,0.0,0.0,1.0149859,0.0,1.0149859,0.0,1.8370472,0.0,1.508213,0.0,1.0149859,0.0,1.0149859,0.0,0.0,1.8370472,1.0149859,1.0149859,0.0,1.0149859,2.0840929,0.0,0.0,1.8370472,0.0,1.0149859,1.508213,0.0,0.0,0.0,0.0,0.0,1.508213,1.0149859,0.0,0.0,1.0149859,0.0,0.0,0.0,0.0,0.0,0.0,0.0,1.8370472,0.0,1.0149859,0.0,0.0,0.0,0.0,1.508213,0.0,3.8446524,0.0,4.954036,2.2820377,2.2820377,0.0,0.0
0.0,0.8633868,0.8633868,0.0,0.0,0.0,0.8633868,1.6318907,0.0,0.0,0.0,0.0,0.0,0.0,0.0,0.0,0.0,6.2010217,0.8633868,0.0,0.0,0.0,1.3197153,1.3197153,0.0,0.0,0.0,0.0,0.8633868,2.8595765,0.0,0.8633868,0.8633868,0.0,2.0612636,1.3197153,0.8633868,0.8633868,1.3197153,0.8633868,0.0,0.0,1.6318907,0.8633868,0.0,1.3197153,0.8633868,0.0,0.8633868,0.0,1.3197153,1.6318907,0.0,0.0,0.0,1.6318907,0.0,0.0,0.0,2.4823554,2.5908122,0.0,0.0,2.2221413,0.0,1.3197153,1.3197153,1.3197153,0.0,0.0,0.0,0.0,0.0,0.0,0.0,0.8633868,0.0,0.0,0.0,0.0,0.0,0.8633868,0.0,0.0,2.3606884,0.0,0.0,1.3197153,1.6318907,0.0,1.6318907,1.8694472,1.3197153,3.4823806,0.8633868,3.4823806,2.8595765,0.0,0.0,0.8633868
0.8767658,0.0,0.8767658,0.0,1.8889557,0.0,1.8889557,0.0,0.8767658,0.8767658,0.0,0.0,0.0,0.0,1.3366392,0.0,1.3366392,5.740077,0.0,1.650454,0.0,0.0,1.8889557,1.8889557,0.0,0.0,1.3366392,0.0,0.0,2.612129,0.8767658,0.0,0.0,0.0,0.8767658,0.0,0.0,0.0,2.381563,0.8767658,0.0,0.0,0.0,0.0,0.8767658,0.8767658,1.650454,0.8767658,0.8767658,0.0,1.3366392,0.8767658,0.0,0.0,0.0,1.3366392,0.0,0.8767658,0.0,0.8767658,2.612129,0.0,0.0,1.650454,0.0,0.0,0.0,0.0,0.0,0.0,0.0,0.0,0.8767658,0.0,0.0,1.650454,0.0,0.0,0.0,0.8767658,0.8767658,0.0,0.0,0.0,2.5034764,0.0,0.0,0.8767658,0.0,0.0,0.0,0.0,0.0,3.4165921,0.0,3.2678971,0.0,0.0,1.3366392,0.0
0.0,0.0,0.7358767,0.0,0.0,0.0,0.0,1.1551886,0.0,0.0,0.0,0.0,0.0,1.1551886,1.1551886,1.1551886,0.0,6.958857,0.0,0.7358767,0.0,0.0,0.7358767,1.1551886,0.0,0.7358767,0.0,0.0,0.7358767,1.6769552,1.8619936,0.0,1.1551886,0.0,0.0,1.4497229,0.7358767,0.0,2.4742763,0.0,0.0,0.7358767,0.7358767,0.0,0.0,0.0,1.4497229,0.7358767,0.0,0.0,0.0,0.0,0.0,0.0,0.0,1.1551886,1.1551886,0.0,0.0,0.0,2.0180802,0.0,0.0,2.1530612,0.0,0.7358767,0.0,0.0,0.7358767,0.0,0.0,0.0,0.0,0.0,0.0,0.0,0.0,0.0,0.7358767,0.0,0.0,0.0,0.7358767,0.0,2.0180802,0.0,1.1551886,0.0,0.0,0.0,1.1551886,0.7358767,0.0,3.1710935,1.1551886,2.642461,2.5619001,0.0,1.4497229,0.0
0.0,0.6627926,0.0,0.6627926,0.0,0.0,1.3404099,1.0579313,0.0,0.0,0.6627926,0.0,0.0,0.0,0.0,0.6627926,0.6627926,6.0365577,0.0,1.3404099,0.0,0.6627926,0.6627926,0.6627926,0.0,0.0,0.0,0.0,0.6627926,1.3404099,2.0257008,0.0,0.6627926,0.0,0.6627926,0.0,0.0,0.0,1.7406443,0.6627926,0.0,1.3404099,0.6627926,0.0,0.0,0.0,1.8932955,0.6627926,1.0579313,0.0,0.6627926,0.0,0.0,0.0,0.0,0.6627926,0.0,1.0579313,0.0,1.0579313,2.342001,0.6627926,0.0,2.4285333,0.0,1.5604184,0.6627926,1.3404099,0.0,0.0,0.0,1.0579313,0.0,0.0,0.6627926,0.6627926,1.0579313,0.0,0.6627926,0.0,0.0,1.0579313,0.6627926,0.6627926,1.5604184,0.0,0.6627926,0.6627926,0.0,0.6627926,0.0,1.3404099,0.0,3.0765963,1.0579313,1.5604184,1.0579313,0.0,0.6627926,0.6627926
1.1471329,0.7297566,0.0,0.0,0.0,0.0,0.7297566,0.7297566,0.0,0.0,0.0,0.0,0.0,0.0,0.0,0.0,0.0,5.6010795,0.0,0.0,0.0,0.0,0.0,0.0,0.0,0.0,0.0,0.0,0.0,0.7297566,1.4407178,0.0,0.0,0.0,0.0,0.0,0.0,0.0,2.3675466,1.1471329,0.0,0.7297566,0.0,0.0,0.0,0.0,2.007872,0.7297566,0.0,0.0,0.7297566,0.0,0.0,0.0,0.0,0.7297566,0.7297566,0.0,0.0,0.0,2.7060137,0.7297566,0.0,2.1426544,0.0,1.1471329,0.0,0.0,0.0,0.7297566,0.0,0.0,0.0,0.0,0.0,0.7297566,0.7297566,1.1471329,0.7297566,0.7297566,0.7297566,0.0,0.0,0.0,1.4407178,0.7297566,0.7297566,0.7297566,0.7297566,0.0,0.0,2.2614093,0.0,3.3651888,0.0,2.2614093,0.7297566,0.0,0.0,0.0
0.0,1.6025932,0.0,0.0,0.5074091,0.0,0.5074091,0.84241354,0.0,0.0,0.0,0.0,0.5074091,0.0,0.5074091,0.5074091,0.5074091,5.39265,0.0,0.5074091,0.0,0.0,0.5074091,0.5074091,0.5074091,0.0,0.5074091,0.0,0.0,1.9385748,0.0,0.5074091,0.84241354,0.0,0.5074091,0.0,0.0,0.84241354,2.2610095,0.5074091,0.0,0.5074091,0.0,0.0,0.0,0.0,1.9385748,0.0,0.0,0.0,0.5074091,0.0,0.0,0.0,0.0,0.84241354,0.0,0.84241354,0.0,0.0,2.02944,0.5074091,0.5074091,2.6070256,0.5074091,1.0929116,0.5074091,0.0,0.84241354,0.0,0.0,0.5074091,0.0,1.0929116,0.5074091,0.84241354,1.0929116,0.0,0.0,0.0,0.0,0.0,0.0,0.0,2.2610095,0.0,0.5074091,1.0929116,0.5074091,0.0,0.5074091,1.8386204,0.0,3.4469728,0.5074091,1.9385748,0.84241354,0.5074091,0.0,0.84241354
0.0,1.4937474,0.0,0.8677312,0.0,0.0,0.0,0.0,0.0,0.0,0.8677312,0.0,0.0,0.5251727,0.0,0.0,0.0,5.509013,0.0,0.5251727,0.0,0.5251727,0.5251727,0.5251727,0.0,0.0,0.0,0.0,0.8677312,1.8757952,0.5251727,0.0,0.8677312,0.0,0.0,0.0,0.0,0.0,2.8666492,0.8677312,0.5251727,0.0,0.0,0.0,0.0,1.122411,1.8757952,0.0,0.0,0.0,0.0,0.0,0.0,0.0,0.0,0.8677312,0.5251727,0.0,0.0,0.5251727,1.9764057,1.122411,1.122411,2.0678127,0.0,1.3252174,1.122411,0.0,0.5251727,0.0,0.0,0.0,0.5251727,0.5251727,0.0,0.5251727,0.8677312,0.0,0.0,0.0,0.5251727,0.0,0.5251727,0.0,2.5449636,0.5251727,0.0,0.8677312,0.8677312,0.0,0.5251727,1.6379292,0.0,3.680899,0.0,2.228832,0.5251727,0.0,0.5251727,0.5251727
0.0,0.58998173,0.0,0.0,0.3378839,0.0,0.7911506,0.3378839,0.0,0.0,0.3378839,0.0,0.58998173,0.58998173,0.0,0.3378839,0.7911506,4.1606083,0.0,0.3378839,0.0,0.3378839,0.58998173,0.3378839,0.0,0.58998173,0.58998173,0.7911506,0.7911506,1.1019031,0.3378839,0.0,0.3378839,0.0,0.0,0.0,0.0,0.3378839,2.6578276,0.3378839,0.0,0.0,0.3378839,0.0,0.0,0.0,1.5299183,0.0,0.0,0.0,0.0,0.0,0.0,0.0,0.0,0.58998173,0.3378839,0.0,0.0,0.58998173,1.8286875,0.58998173,0.0,1.7619414,0.0,1.6133856,0.3378839,0.3378839,0.3378839,0.0,0.3378839,0.58998173,0.3378839,1.1019031,0.0,0.0,1.4388446,0.0,0.0,0.0,0.3378839,0.0,0.0,0.0,2.2451184,0.0,0.0,0.7911506,0.58998173,0.0,0.0,1.2272595,0.0,3.2074785,0.0,0.9585495,0.0,0.7911506,0.0,0.3378839
0.55924106,0.0,0.55924106,0.91576606,0.91576606,0.0,0.55924106,0.55924106,0.55924106,0.0,0.0,0.0,0.0,0.0,0.0,0.0,0.55924106,3.950386,0.0,0.55924106,0.0,0.55924106,0.0,0.55924106,0.0,0.0,0.0,0.0,0.55924106,1.3856385,1.1780496,0.0,0.55924106,0.0,0.55924106,0.0,0.0,0.0,2.1392944,0.91576606,0.0,0.0,0.0,0.0,0.0,0.55924106,1.8318468,0.0,0.0,0.0,0.0,0.0,0.0,0.0,0.55924106,0.55924106,0.0,0.0,0.0,0.0,1.9451605,1.1780496,0.55924106,2.301798,0.0,1.1780496,0.91576606,1.1780496,0.0,0.0,0.0,0.0,0.0,1.1780496,0.55924106,0.0,0.55924106,0.0,0.0,0.55924106,0.55924106,1.1780496,0.55924106,0.0,2.1392944,0.55924106,0.0,0.0,0.0,0.0,0.0,0.91576606,0.0,3.3577936,0.55924106,1.5574541,0.0,0.55924106,0.0,0.55924106
0.0,1.3006811,0.4281129,0.4281129,1.4365491,0.0,0.4281129,0.4281129,0.0,0.4281129,0.4281129,0.0,0.72692937,0.0,0.72692937,0.0,1.3006811,6.4058237,0.0,0.4281129,0.0,0.0,0.4281129,1.5561458,0.0,0.4281129,0.4281129,1.1434063,0.95669454,1.6629548,0.95669454,0.0,0.4281129,0.0,1.1434063,0.0,0.4281129,0.0,2.3625946,1.3006811,0.0,0.4281129,0.0,0.0,0.0,0.0,1.8474454,0.0,0.0,0.0,0.4281129,0.0,0.0,0.0,0.72692937,0.4281129,0.0,0.0,0.0,0.0,1.8474454,1.1434063,0.4281129,1.3006811,0.0,1.3006811,0.0,0.95669454,0.95669454,0.72692937,0.72692937,0.4281129,0.72692937,0.72692937,0.4281129,0.0,1.1434063,0.0,0.72692937,0.0,1.1434063,0.4281129,0.0,0.0,2.137832,0.0,0.72692937,0.72692937,0.72692937,0.0,0.0,1.4365491,0.72692937,3.4141057,0.4281129,1.3006811,0.72692937,0.72692937,0.0,0.4281129
0.0,1.0817027,0.50071424,0.0,0.0,0.0,0.0,0.0,0.0,0.0,0.0,0.0,0.0,0.0,0.0,0.0,0.0,3.3427122,0.50071424,0.0,0.0,0.0,0.0,0.0,0.50071424,0.0,0.0,0.0,0.50071424,1.4468005,1.0817027,0.50071424,0.0,0.0,0.0,0.50071424,0.50071424,0.0,2.7277079,0.8328215,0.0,0.50071424,0.50071424,0.0,0.0,0.0,2.1746144,0.0,0.50071424,0.0,0.0,0.0,0.0,0.50071424,0.0,0.50071424,0.50071424,0.0,0.0,0.0,1.5891118,0.8328215,0.0,1.9241163,0.0,1.0817027,0.0,0.50071424,0.50071424,0.0,0.50071424,0.8328215,0.50071424,1.2808219,0.50071424,0.0,0.0,0.0,0.0,0.0,0.0,0.0,0.50071424,0.0,1.8244193,0.0,0.0,0.50071424,0.8328215,0.0,0.8328215,0.50071424,0.0,3.6039875,0.0,0.50071424,0.0,0.8328215,0.0,0.50071424
0.8979703,1.2309146,0.39532855,0.39532855,0.0,0.0,0.8979703,0.0,0.0,0.39532855,0.0,0.0,0.39532855,0.6779036,0.0,0.6779036,0.6779036,3.51114,0.0,0.0,0.0,0.0,0.8979703,0.6779036,0.0,0.39532855,0.39532855,0.0,0.0,1.2309146,0.39532855,0.0,0.39532855,0.0,0.39532855,0.0,0.0,0.0,2.3700044,1.2309146,0.0,0.0,0.0,0.39532855,0.0,0.39532855,1.9196342,0.0,0.39532855,0.0,0.39532855,0.0,0.0,0.0,0.39532855,0.39532855,0.39532855,0.0,0.0,0.39532855,1.8458675,0.0,0.39532855,1.8458675,0.0,1.0782354,1.0782354,1.0782354,0.39532855,0.0,0.0,0.39532855,0.0,0.0,0.0,0.8979703,0.6779036,0.0,0.39532855,0.0,0.0,0.6779036,0.6779036,0.0,1.9883312,0.8979703,0.39532855,1.2309146,0.39532855,0.0,0.39532855,1.6796815,0.0,3.3715136,0.0,1.7662228,0.6779036,2.1699622,0.6779036,0.8979703
0.0,0.41623068,0.70925236,0.0,0.0,0.0,0.0,0.0,0.0,0.0,0.41623068,0.0,0.0,0.0,0.0,0.0,0.41623068,5.416306,0.0,0.70925236,0.0,0.0,0.41623068,0.9355861,0.0,0.0,1.8989072,0.41623068,0.0,1.2756917,1.410356,0.0,0.0,0.0,0.41623068,0.0,0.0,0.41623068,2.279931,1.1200287,0.0,0.0,0.0,0.41623068,0.70925236,0.0,0.9355861,0.0,0.0,0.41623068,0.41623068,0.41623068,0.0,0.0,0.0,0.0,0.41623068,0.41623068,0.0,0.0,1.7309687,0.0,0.41623068,1.6350832,0.0,0.70925236,0.70925236,0.0,0.70925236,0.0,0.41623068,0.41623068,0.0,0.0,0.0,0.0,1.1200287,0.0,0.0,0.0,0.0,0.0,0.9355861,0.0,1.7309687,0.0,0.41623068,0.70925236,0.0,0.0,0.0,1.2756917,0.0,3.2888415,0.41623068,1.5290191,0.70925236,1.2756917,0.0,0.41623068
0.0,0.8648962,0.0,0.6505039,0.8648962,0.0,0.0,0.37723923,0.0,0.37723923,0.6505039,0.37723923,0.0,0.37723923,0.0,0.37723923,0.8648962,3.816625,0.0,0.6505039,0.0,0.0,0.37723923,0.37723923,0.0,0.0,0.0,0.0,0.6505039,1.4369333,0.37723923,0.0,0.6505039,0.0,0.0,0.0,0.0,0.37723923,2.558357,1.1912723,0.6505039,0.37723923,0.0,0.0,0.0,0.6505039,2.0035784,0.0,0.0,0.0,0.6505039,0.37723923,0.0,0.37723923,0.37723923,0.0,0.0,0.0,0.0,0.37723923,1.3216275,1.1912723,0.37723923,1.5403075,0.0,1.1912723,0.37723923,0.6505039,0.37723923,0.0,0.0,0.6505039,1.0413406,1.1912723,0.0,0.0,1.0413406,0.0,0.0,0.37723923,0.37723923,0.37723923,0.0,0.37723923,1.7196424,0.8648962,0.0,0.8648962,0.0,0.0,0.37723923,0.6505039,0.0,3.0522609,0.37723923,1.4369333,0.37723923,0.0,0.0,0.37723923
0.0,0.0,0.5839372,0.0,0.5839372,0.0,0.0,0.5839372,0.0,0.0,0.5839372,0.0,0.0,0.0,0.5839372,0.0,0.0,4.21389,0.0,1.2176547,0.0,0.0,0.0,0.5839372,0.0,0.0,0.0,0.0,0.0,1.2176547,0.5839372,0.0,0.0,0.0,0.5839372,0.5839372,0.0,0.0,2.0965147,0.0,0.5839372,0.0,0.5839372,0.9501775,0.0,0.0,1.6024982,0.5839372,0.0,0.0,0.5839372,0.0,0.0,0.0,0.5839372,0.9501775,0.0,0.0,0.0,0.0,1.7506781,0.0,0.0,1.7506781,0.0,1.2176547,0.5839372,0.5839372,0.0,0.0,0.5839372,0.0,0.0,1.2176547,0.0,0.0,1.7506781,0.0,0.0,0.0,0.0,0.0,0.5839372,0.0,1.7506781,0.0,0.9501775,0.0,0.0,0.0,0.0,1.7506781,0.0,3.580618,0.5839372,1.4284763,0.0,1.2176547,0.5839372,0.5839372
0.0,1.2532096,0.0,0.0,0.48574835,0.0,0.48574835,0.0,0.0,0.0,0.48574835,0.0,0.0,0.48574835,0.0,0.0,0.48574835,4.4027534,0.0,0.48574835,0.0,0.0,1.0564605,0.48574835,0.0,0.0,0.0,0.48574835,0.0,0.8112776,0.8112776,0.0,0.0,0.0,0.48574835,0.48574835,0.0,1.2532096,2.5061002,0.48574835,0.0,0.0,0.0,0.48574835,0.48574835,0.0,1.5586382,0.48574835,0.0,0.0,0.0,0.48574835,0.0,0.0,0.0,0.48574835,0.48574835,0.0,0.0,1.0564605,1.8913811,0.0,0.0,2.064239,0.0,1.2532096,0.48574835,0.0,0.0,0.0,0.0,0.48574835,0.0,0.8112776,0.0,0.48574835,1.4175397,0.0,0.48574835,0.48574835,0.48574835,1.0564605,0.0,0.48574835,2.2115746,0.0,0.48574835,0.0,0.0,0.0,0.0,0.48574835,0.0,3.8427486,0.0,2.064239,2.064239,1.5586382,0.8112776,0.0
0.0,0.7876292,0.0,0.0,0.0,0.0,0.7876292,0.0,0.0,0.0,0.0,0.0,0.0,0.0,0.7876292,0.0,0.0,4.700792,0.0,0.0,0.0,0.0,0.0,0.0,0.0,0.0,0.7876292,0.0,0.0,1.5248678,1.5248678,0.0,0.0,0.0,0.0,0.0,0.0,0.0,2.8079755,0.7876292,0.0,0.0,0.0,0.0,0.0,0.7876292,1.9446084,0.0,0.7876292,0.0,0.7876292,0.0,0.0,0.0,0.0,0.0,0.0,0.0,0.0,0.0,1.7566011,0.0,0.0,1.2227036,0.0,1.2227036,0.7876292,0.7876292,0.0,0.0,0.0,0.0,0.7876292,0.0,0.0,0.7876292,0.7876292,0.0,0.0,0.0,0.7876292,0.0,0.0,0.0,1.7566011,0.7876292,0.0,0.7876292,0.0,0.0,0.7876292,1.2227036,0.0,3.3090796,0.7876292,1.2227036,0.0,0.0,0.0,0.0
0.9083254,1.1694586,0.0,0.0,0.5539327,0.0,1.1694586,0.0,0.5539327,0.0,0.0,0.5539327,0.0,0.0,0.0,0.9083254,0.9083254,5.586086,0.0,0.9083254,0.0,0.5539327,1.1694586,0.5539327,0.0,0.0,0.0,0.9083254,0.5539327,2.4302006,0.9083254,0.0,0.9083254,0.0,0.9083254,0.0,0.0,0.0,1.3763278,0.5539327,0.9083254,0.5539327,0.0,0.5539327,0.0,0.0,2.1283305,0.5539327,0.9083254,0.5539327,0.0,0.0,0.0,0.5539327,0.0,0.5539327,0.5539327,0.5539327,0.0,1.3763278,1.6938705,1.1694586,0.0,2.2906132,0.0,0.9083254,0.0,1.3763278,0.0,0.5539327,0.0,0.5539327,0.0,0.5539327,0.5539327,0.5539327,0.0,0.0,0.0,0.0,0.5539327,0.0,0.5539327,0.0,1.8214121,0.0,0.5539327,1.6938705,0.5539327,0.0,0.0,1.6938705,0.5539327,3.7824793,0.5539327,2.2906132,0.9083254,0.9083254,0.5539327,0.0
0.0,1.0344526,0.0,0.0,0.0,0.0,0.0,0.0,0.0,0.0,0.0,0.0,0.0,0.0,0.0,0.0,1.531937,5.195969,0.0,0.0,0.0,0.0,2.309345,1.0344526,1.0344526,0.0,0.0,0.0,0.0,2.4749734,1.531937,0.0,1.0344526,0.0,1.0344526,0.0,0.0,0.0,1.0344526,1.0344526,0.0,0.0,0.0,0.0,0.0,1.0344526,0.0,0.0,0.0,0.0,0.0,0.0,0.0,0.0,0.0,1.0344526,0.0,0.0,0.0,0.0,2.6170278,1.531937,0.0,1.8626367,0.0,1.8626367,0.0,1.0344526,0.0,0.0,0.0,0.0,1.0344526,1.0344526,1.0344526,0.0,1.0344526,1.0344526,0.0,1.0344526,0.0,0.0,1.0344526,0.0,1.8626367,0.0,1.0344526,0.0,0.0,0.0,0.0,1.0344526,0.0,3.911348,0.0,2.9515533,1.531937,1.0344526,1.0344526,0.0
0.31847078,1.0560935,1.0560935,0.0,0.55964255,0.0,0.7538049,0.31847078,0.9163282,0.0,0.0,0.0,0.55964255,0.0,0.0,0.7538049,0.31847078,5.559782,0.31847078,0.9163282,0.31847078,0.0,1.1786983,1.0560935,0.0,0.31847078,0.7538049,0.31847078,0.55964255,1.8909035,1.3863412,0.31847078,0.55964255,0.0,1.0560935,0.0,0.7538049,0.55964255,1.9459637,0.55964255,0.0,0.0,0.7538049,0.0,0.31847078,0.31847078,1.9459637,0.31847078,0.55964255,0.0,0.55964255,0.0,0.7538049,0.31847078,0.0,0.55964255,0.7538049,0.9163282,0.0,1.1786983,2.3394556,1.0560935,0.9163282,2.1401212,0.0,1.3863412,1.2878995,0.55964255,0.0,0.31847078,0.0,0.0,0.55964255,0.9163282,0.31847078,0.0,0.0,0.31847078,0.31847078,0.0,0.31847078,0.31847078,0.9163282,0.0,1.7707579,0.0,0.31847078,1.2878995,0.55964255,1.0560935,0.7538049,1.7707579,0.31847078,3.6310463,0.0,2.1832938,2.2644198,1.0560935,0.0,1.0560935
0.0,0.22231168,0.22231168,0.0,0.22231168,0.0,0.22231168,0.22231168,0.22231168,0.0,0.0,0.0,0.0,0.22231168,0.0,0.22231168,0.0,5.221603,0.0,0.40407825,0.0,0.0,0.913793,0.40407825,0.0,0.0,0.22231168,0.22231168,0.55783236,1.0089517,0.6910662,0.0,0.0,0.0,0.55783236,0.0,0.22231168,0.55783236,2.075797,0.913793,0.0,0.40407825,0.40407825,0.0,0.22231168,0.22231168,1.3831713,0.0,0.0,0.0,0.40407825,0.22231168,0.0,0.0,0.0,0.55783236,0.40407825,0.22231168,0.22231168,0.0,2.2988362,0.40407825,0.0,1.2497888,0.0,0.55783236,0.55783236,0.55783236,0.22231168,0.0,0.0,0.0,0.0,0.8086178,0.40407825,0.40407825,0.55783236,0.22231168,0.22231168,0.0,0.0,0.6910662,0.55783236,0.0,1.9774109,0.22231168,0.22231168,0.55783236,0.40407825,0.22231168,0.0,0.0,0.22231168,3.3281872,0.22231168,2.075797,1.3187022,0.55783236,0.22231168,0.55783236
0.0,2.2459633,1.1353872,0.0,0.0,0.0,0.0,0.7208544,0.7208544,0.7208544,0.0,0.0,0.7208544,0.0,1.1353872,0.7208544,0.0,5.3725266,0.0,0.0,0.0,0.0,0.0,1.1353872,0.0,0.0,1.8375206,0.0,0.0,2.6155162,2.535131,0.0,1.6534083,0.0,0.7208544,0.7208544,0.0,0.0,1.4275725,0.7208544,0.0,0.0,0.0,0.0,0.0,0.0,0.7208544,0.0,0.0,0.0,0.7208544,0.7208544,0.0,0.0,0.0,1.4275725,0.0,0.0,0.0,0.7208544,2.535131,0.0,0.7208544,3.0966532,0.0,0.0,0.7208544,0.0,0.0,0.7208544,0.0,0.0,0.0,0.0,0.0,0.7208544,0.0,0.0,0.0,0.0,0.0,0.0,0.7208544,0.0,1.8375206,0.0,1.1353872,0.7208544,1.6534083,0.0,1.6534083,2.1274366,0.7208544,4.3305945,1.1353872,3.3849702,1.1353872,0.7208544,1.1353872,0.0
0.91680104,1.5588161,1.1792438,0.0,0.0,0.55998033,1.1792438,0.91680104,0.0,0.0,0.0,0.55998033,0.0,0.0,0.91680104,1.1792438,0.55998033,6.95906,0.0,0.91680104,0.0,0.0,0.91680104,0.0,0.55998033,1.1792438,0.0,0.0,0.0,2.904969,2.4431236,0.0,1.1792438,0.55998033,0.0,0.91680104,0.0,0.55998033,0.91680104,0.0,0.55998033,0.0,0.91680104,0.55998033,1.1792438,0.0,1.3869323,1.1792438,1.1792438,0.91680104,0.91680104,0.55998033,0.0,0.0,1.3869323,0.91680104,0.55998033,0.55998033,0.0,1.9466391,1.7054439,0.91680104,0.91680104,3.8130343,0.0,1.1792438,0.55998033,0.0,0.0,0.55998033,0.55998033,0.0,0.55998033,0.0,0.0,1.3869323,0.0,0.0,0.0,0.55998033,1.3869323,0.0,1.9466391,0.0,1.8332958,0.0,0.55998033,0.91680104,1.3869323,0.55998033,1.3869323,3.1578147,0.55998033,4.416664,0.91680104,5.117341,1.5588161,0.0,0.0,0.0
0.0,0.0,1.8165588,0.0,0.0,1.274057,0.0,1.274057,0.0,1.274057,0.0,0.0,0.0,0.0,0.0,1.274057,0.0,5.450092,0.0,1.274057,0.0,0.0,0.0,1.274057,0.0,1.274057,1.8165588,0.0,0.0,2.630207,1.8165588,0.0,2.424919,0.0,0.0,0.0,0.0,0.0,1.274057,0.0,1.274057,0.0,2.1663053,0.0,0.0,0.0,0.0,0.0,1.8165588,0.0,0.0,1.274057,0.0,0.0,2.1663053,2.1663053,0.0,0.0,0.0,1.274057,2.630207,0.0,0.0,1.274057,0.0,1.274057,1.8165588,0.0,0.0,0.0,0.0,0.0,0.0,0.0,0.0,1.274057,0.0,0.0,0.0,1.274057,1.8165588,0.0,1.274057,0.0,2.1663053,1.8165588,0.0,2.424919,0.0,0.0,0.0,1.8165588,0.0,3.3785636,0.0,4.6445174,0.0,0.0,0.0,0.0
0.0,1.6601602,0.88378865,0.0,0.0,0.0,0.0,1.345499,0.0,0.0,0.0,1.345499,0.0,0.0,0.0,0.0,0.88378865,5.31845,0.0,0.0,0.0,0.0,0.88378865,0.0,0.0,0.0,0.0,0.0,0.88378865,2.5144985,1.8991486,0.0,1.6601602,0.0,0.0,0.0,0.0,0.0,1.8991486,0.0,0.0,0.0,0.0,0.88378865,0.0,0.0,1.345499,0.88378865,0.88378865,0.0,0.0,0.0,0.0,1.345499,0.0,1.8991486,0.0,0.0,0.0,1.6601602,2.0918956,0.0,0.88378865,3.5973473,0.0,0.0,0.0,0.0,0.0,0.0,0.0,0.0,0.0,0.0,0.88378865,2.0918956,0.0,0.0,0.88378865,0.0,0.88378865,0.0,0.88378865,0.0,1.345499,0.0,0.88378865,1.6601602,0.0,0.0,1.345499,2.6232517,0.0,4.4891214,0.88378865,5.424016,2.8106406,0.0,0.0,0.0
0.0,0.0,0.0,0.0,0.0,0.0,0.0,0.0,0.0,0.0,1.5797133,0.0,0.0,0.0,1.5797133,0.0,0.0,4.7588086,0.0,0.0,0.0,0.0,0.0,1.5797133,0.0,0.0,0.0,1.5797133,0.0,2.1641421,0.0,0.0,1.5797133,0.0,0.0,1.5797133,0.0,0.0,2.1641421,0.0,0.0,1.5797133,1.5797133,0.0,0.0,0.0,0.0,0.0,0.0,0.0,0.0,1.5797133,0.0,0.0,0.0,1.5797133,0.0,0.0,0.0,0.0,1.5797133,0.0,0.0,1.5797133,0.0,1.5797133,0.0,1.5797133,0.0,0.0,0.0,0.0,0.0,0.0,0.0,0.0,0.0,0.0,0.0,0.0,0.0,0.0,1.5797133,0.0,2.1641421,0.0,1.5797133,0.0,0.0,1.5797133,0.0,2.1641421,1.5797133,3.1830988,0.0,3.6772027,2.1641421,0.0,0.0,0.0
0.0,0.0,1.2749853,0.0,0.0,0.0,0.0,0.0,0.0,0.0,0.0,0.0,0.0,0.0,0.0,0.0,1.2749853,5.1869764,0.0,0.0,0.0,0.0,1.2749853,0.0,0.0,0.0,0.0,0.0,0.0,2.6314027,0.0,0.0,0.0,0.0,0.0,0.0,0.0,0.0,2.4260936,0.0,0.0,0.0,1.2749853,0.0,1.2749853,0.0,1.8176379,0.0,0.0,0.0,1.8176379,0.0,0.0,0.0,0.0,1.8176379,1.2749853,0.0,0.0,0.0,2.1674461,1.2749853,0.0,2.1674461,0.0,1.2749853,1.8176379,0.0,0.0,0.0,0.0,0.0,0.0,1.2749853,0.0,0.0,0.0,0.0,0.0,0.0,1.2749853,0.0,0.0,0.0,0.0,0.0,0.0,0.0,1.2749853,0.0,1.2749853,0.0,0.0,3.5416093,1.8176379,3.3798082,1.8176379,0.0,0.0,0.0
0.0,0.0,1.8282996,0.0,0.0,0.0,0.0,0.0,0.0,0.0,0.0,0.0,0.0,0.0,0.0,0.0,0.0,4.6828494,0.0,0.0,0.0,0.0,1.8282996,0.0,0.0,0.0,0.0,0.0,0.0,1.8282996,0.0,0.0,1.2841642,0.0,0.0,0.0,0.0,0.0,2.1787148,0.0,0.0,0.0,0.0,0.0,0.0,0.0,2.1787148,0.0,0.0,0.0,0.0,1.2841642,0.0,0.0,0.0,2.1787148,0.0,0.0,0.0,0.0,2.6432087,0.0,0.0,1.2841642,0.0,0.0,1.2841642,0.0,0.0,0.0,0.0,0.0,0.0,0.0,1.2841642,0.0,0.0,0.0,0.0,0.0,0.0,0.0,0.0,0.0,2.437692,0.0,0.0,0.0,0.0,0.0,0.0,0.0,0.0,3.4762979,0.0,2.1787148,0.0,0.0,0.0,0.0
1.2035997,0.0,0.0,0.0,0.0,0.0,0.0,1.7341621,0.0,0.0,0.0,0.0,0.0,0.0,0.0,0.0,0.0,5.1566076,0.0,0.0,0.0,0.0,1.2035997,0.0,0.0,0.0,1.2035997,1.2035997,0.0,2.7075527,1.2035997,1.7341621,0.0,0.0,0.0,0.0,0.0,0.0,1.7341621,0.0,0.0,0.0,0.0,0.0,0.0,0.0,1.2035997,0.0,1.2035997,1.7341621,0.0,0.0,0.0,0.0,0.0,0.0,0.0,0.0,0.0,0.0,2.078975,0.0,0.0,2.078975,0.0,4.4955716,0.0,0.0,0.0,1.2035997,0.0,1.2035997,0.0,1.2035997,0.0,0.0,1.2035997,0.0,0.0,0.0,1.2035997,1.2035997,2.078975,0.0,2.3348935,0.0,0.0,1.7341621,0.0,0.0,2.078975,1.2035997,0.0,3.0905335,1.2035997,3.366781,3.8135211,0.0,1.7341621,1.2035997
1.7471479,1.2146477,0.0,1.2146477,0.0,0.0,0.0,0.0,0.0,1.2146477,1.2146477,0.0,0.0,0.0,1.2146477,1.7471479,0.0,4.9129424,0.0,1.2146477,0.0,0.0,0.0,0.0,0.0,0.0,0.0,0.0,2.0927675,1.7471479,1.7471479,1.2146477,0.0,0.0,0.0,1.2146477,0.0,0.0,2.0927675,0.0,0.0,0.0,1.2146477,1.2146477,1.7471479,0.0,0.0,0.0,0.0,0.0,0.0,0.0,0.0,0.0,0.0,1.2146477,0.0,0.0,0.0,0.0,2.722258,0.0,0.0,1.2146477,0.0,2.3491278,0.0,1.2146477,0.0,0.0,0.0,0.0,0.0,0.0,0.0,0.0,0.0,0.0,0.0,0.0,0.0,0.0,0.0,1.2146477,2.3491278,1.2146477,1.2146477,2.3491278,0.0,0.0,0.0,1.2146477,0.0,3.5312748,1.2146477,1.7471479,1.7471479,1.2146477,1.2146477,0.0
1.0139774,1.5069813,0.0,0.0,0.0,0.0,1.0139774,1.8357172,0.0,0.0,0.0,0.0,0.0,0.0,1.0139774,1.5069813,1.0139774,4.989024,0.0,0.0,0.0,0.0,1.0139774,1.0139774,0.0,0.0,1.5069813,1.0139774,1.0139774,2.5874484,1.0139774,0.0,1.0139774,0.0,1.0139774,1.8357172,1.0139774,0.0,1.5069813,0.0,0.0,1.0139774,0.0,0.0,0.0,0.0,0.0,0.0,1.5069813,0.0,0.0,1.0139774,0.0,0.0,1.0139774,1.0139774,0.0,0.0,0.0,0.0,1.5069813,0.0,0.0,2.082708,0.0,3.4295008,0.0,0.0,0.0,0.0,1.5069813,1.0139774,0.0,0.0,1.0139774,0.0,1.5069813,0.0,1.0139774,0.0,1.0139774,0.0,1.0139774,0.0,1.0139774,0.0,0.0,1.8357172,0.0,0.0,0.0,1.8357172,1.0139774,3.5871475,0.0,3.0117028,2.9213014,1.0139774,1.0139774,0.0
0.0,0.0,0.0,0.0,0.0,0.0,0.0,0.0,0.0,1.9457388,0.0,0.0,0.0,0.0,0.0,0.0,0.0,5.056047,0.0,0.0,0.0,0.0,0.0,0.0,0.0,0.0,0.0,0.0,0.0,1.3861444,0.0,0.0,0.0,0.0,0.0,1.9457388,0.0,0.0,1.3861444,0.0,0.0,0.0,0.0,1.3861444,0.0,0.0,0.0,0.0,0.0,1.3861444,0.0,0.0,0.0,0.0,0.0,1.3861444,0.0,0.0,0.0,0.0,2.302405,0.0,0.0,1.3861444,0.0,1.9457388,0.0,1.9457388,0.0,1.3861444,0.0,0.0,0.0,1.3861444,1.9457388,0.0,0.0,0.0,1.3861444,0.0,0.0,0.0,0.0,1.3861444,0.0,0.0,0.0,1.3861444,0.0,0.0,1.3861444,2.302405,0.0,3.4337938,0.0,3.0908515,1.9457388,0.0,0.0,1.3861444
0.0,0.0,0.0,0.0,0.0,0.0,0.0,0.0,0.0,0.0,0.0,0.0,1.4219387,0.0,1.4219387,0.0,0.0,5.29403,0.0,0.0,0.0,0.0,1.4219387,0.94490707,0.0,0.0,0.0,1.9865443,0.0,1.4219387,1.7435706,0.0,0.94490707,0.0,2.181871,0.94490707,0.94490707,0.94490707,0.94490707,0.94490707,0.0,0.94490707,0.0,0.94490707,0.94490707,0.0,1.4219387,0.0,0.0,0.0,0.94490707,0.0,0.0,0.0,0.94490707,1.7435706,0.94490707,0.0,0.0,0.94490707,2.181871,0.0,0.0,1.4219387,0.0,0.94490707,1.7435706,0.0,0.0,0.0,1.4219387,0.0,0.94490707,0.94490707,1.4219387,0.0,0.0,0.0,0.0,0.0,0.0,0.0,0.0,0.0,1.7435706,0.0,0.0,1.4219387,0.0,0.0,0.94490707,0.94490707,0.0,3.1361914,1.4219387,1.9865443,0.94490707,0.0,0.0,0.0
0.0,1.3792114,0.0,0.0,0.0,0.0,0.0,1.3792114,0.0,1.9378111,1.3792114,0.0,0.0,0.0,0.0,1.3792114,0.0,5.4753814,0.0,0.0,0.0,0.0,0.0,0.0,1.3792114,0.0,1.9378111,0.0,1.3792114,1.3792114,1.3792114,1.3792114,0.0,0.0,0.0,0.0,0.0,0.0,1.9378111,0.0,1.3792114,0.0,0.0,0.0,0.0,0.0,1.3792114,0.0,0.0,0.0,0.0,0.0,0.0,1.3792114,0.0,0.0,0.0,0.0,0.0,0.0,2.5562246,0.0,0.0,0.0,0.0,2.2940795,0.0,0.0,0.0,0.0,0.0,0.0,0.0,0.0,1.9378111,0.0,0.0,0.0,0.0,0.0,0.0,1.3792114,0.0,0.0,1.3792114,0.0,0.0,1.3792114,1.9378111,0.0,0.0,0.0,1.3792114,2.9354837,0.0,3.3230886,1.9378111,0.0,1.3792114,0.0
0.78965926,0.47083008,0.0,0.0,0.0,0.0,0.47083008,0.0,0.0,0.0,0.0,0.0,0.0,0.0,0.0,1.2253306,1.0310359,6.6696653,0.0,0.47083008,0.0,0.47083008,0.47083008,0.47083008,0.47083008,0.0,0.78965926,0.47083008,0.78965926,2.1060684,0.47083008,0.78965926,0.78965926,0.0,0.47083008,0.47083008,0.47083008,0.47083008,1.3879466,0.0,0.0,0.0,0.78965926,0.47083008,0.47083008,0.47083008,1.6504378,0.0,1.0310359,0.0,0.47083008,0.47083008,0.0,0.0,0.0,1.0310359,0.47083008,0.0,0.47083008,0.0,2.0300612,0.47083008,0.47083008,1.0310359,0.0,1.3879466,0.47083008,0.0,0.0,0.0,0.78965926,0.0,0.0,0.0,1.2253306,0.78965926,1.2253306,0.0,0.0,0.47083008,0.47083008,0.0,0.0,0.0,2.3045676,0.0,0.0,0.47083008,1.2253306,0.47083008,0.47083008,0.78965926,0.0,2.846984,0.0,5.533209,2.1060684,0.47083008,1.0310359,0.0
0.83900374,0.0,0.0,0.83900374,0.0,0.0,1.2887149,0.0,0.0,1.2887149,0.83900374,0.83900374,0.0,0.0,0.83900374,0.83900374,1.2887149,6.191373,0.0,0.83900374,0.0,0.83900374,0.83900374,0.0,1.2887149,0.0,1.2887149,0.0,0.0,2.4434319,0.0,0.0,1.8335797,0.0,0.0,0.0,0.0,0.0,1.5978068,0.83900374,0.0,0.83900374,0.83900374,0.83900374,0.83900374,0.0,1.2887149,0.0,1.2887149,0.83900374,0.83900374,0.83900374,0.0,0.0,0.0,2.0242329,0.0,0.0,0.0,0.0,2.8195155,1.2887149,0.0,1.5978068,0.0,1.8335797,0.83900374,1.2887149,0.0,0.0,0.0,0.0,0.0,1.2887149,1.5978068,0.83900374,0.83900374,0.0,0.0,0.83900374,0.0,0.0,0.0,0.0,1.2887149,0.83900374,0.0,0.0,1.2887149,0.0,0.83900374,0.0,0.83900374,3.7313612,0.0,3.596754,3.0306604,1.5978068,1.2887149,0.83900374
0.91865224,0.91865224,0.56130314,0.56130314,0.91865224,0.0,0.0,0.91865224,0.0,0.0,0.56130314,0.56130314,0.0,0.0,1.3892454,0.56130314,0.0,6.771847,0.0,0.0,0.0,0.0,1.5612507,1.949282,0.56130314,0.0,1.3892454,0.56130314,0.56130314,2.143537,0.0,1.1813793,0.56130314,0.0,1.7079669,0.0,0.0,0.0,1.7079669,1.1813793,0.0,0.0,0.91865224,0.0,0.0,0.0,0.91865224,0.56130314,0.0,0.0,0.0,0.91865224,0.0,0.0,0.0,1.1813793,0.0,0.0,0.56130314,0.56130314,2.2281318,0.0,0.0,1.1813793,0.56130314,0.0,1.3892454,0.56130314,0.0,0.0,0.91865224,0.91865224,0.91865224,0.56130314,2.143537,1.1813793,0.0,0.0,0.0,0.0,0.0,0.56130314,0.56130314,0.0,1.7079669,0.56130314,0.56130314,0.0,0.56130314,0.56130314,0.0,0.91865224,0.56130314,3.0601048,0.0,4.077157,2.2281318,1.3892454,0.0,0.56130314
1.0313067,1.8585119,1.0313067,0.0,0.0,0.0,0.0,2.106438,0.0,1.0313067,0.0,0.0,1.0313067,0.0,0.0,0.0,0.0,6.4470687,0.0,0.0,1.0313067,0.0,0.0,1.52811,1.0313067,0.0,1.0313067,0.0,0.0,2.8473804,0.0,0.0,1.0313067,0.0,1.52811,0.0,1.52811,1.0313067,0.0,0.0,0.0,0.0,0.0,0.0,1.0313067,1.52811,1.52811,0.0,1.0313067,0.0,0.0,0.0,0.0,0.0,0.0,1.0313067,1.0313067,0.0,0.0,1.8585119,3.1970992,0.0,1.0313067,1.8585119,0.0,1.0313067,1.0313067,0.0,0.0,0.0,1.52811,0.0,1.0313067,0.0,0.0,0.0,0.0,0.0,0.0,0.0,0.0,0.0,0.0,0.0,1.52811,0.0,0.0,0.0,1.0313067,1.0313067,0.0,1.52811,0.0,3.9065614,0.0,4.589603,5.8137565,0.0,1.52811,0.0
0.0,1.0802872,0.0,0.0,0.0,0.0,0.0,1.0802872,0.0,0.0,0.0,0.6794349,0.0,0.0,1.0802872,0.6794349,0.6794349,7.0067973,0.0,1.0802872,0.0,0.0,2.0553203,1.0802872,0.0,0.0,1.0802872,0.0,0.6794349,2.277766,0.0,0.6794349,1.0802872,0.0,0.0,0.0,0.0,0.0,1.5874071,0.6794349,0.0,1.0802872,1.0802872,0.6794349,0.0,0.0,0.6794349,0.0,0.0,0.0,0.6794349,1.0802872,0.0,0.0,0.6794349,1.5874071,0.6794349,0.0,0.0,0.0,2.0553203,0.0,0.0,1.3656548,0.0,0.6794349,2.1727157,0.6794349,0.0,0.6794349,0.0,0.0,0.6794349,0.0,2.6822999,0.6794349,0.6794349,0.6794349,0.0,0.0,0.6794349,0.0,0.6794349,0.0,1.5874071,0.6794349,0.0,0.0,0.6794349,0.0,0.0,1.0802872,0.6794349,3.0182397,0.0,4.976519,2.9182963,1.0802872,0.6794349,0.6794349
0.45472395,1.003281,0.45472395,0.0,0.0,0.0,0.45472395,0.45472395,0.0,0.0,0.0,0.0,0.76615447,0.0,1.003281,0.45472395,0.0,7.790199,0.0,0.45472395,0.0,0.0,1.003281,0.45472395,0.0,0.0,1.1948171,0.45472395,0.0,2.3235452,0.0,0.0,1.1948171,0.0,1.1948171,0.45472395,0.0,0.0,1.003281,0.0,0.0,0.45472395,1.003281,0.76615447,0.45472395,0.45472395,1.003281,0.45472395,0.45472395,0.45472395,0.0,0.45472395,0.0,0.0,0.45472395,1.6154535,1.003281,0.0,0.45472395,0.76615447,2.5269094,0.0,0.45472395,1.7238209,0.0,0.76615447,0.0,0.0,0.45472395,0.0,0.0,0.0,0.0,0.76615447,0.45472395,0.45472395,0.45472395,0.0,0.0,0.0,0.45472395,0.45472395,0.76615447,0.0,1.4938992,0.0,0.45472395,0.45472395,0.0,0.45472395,1.003281,1.9106358,0.0,3.6781843,0.76615447,5.4387045,4.939876,0.76615447,1.1948171,0.0
0.0,0.0,0.0,0.0,0.0,0.0,0.0,1.102494,0.0,0.0,0.0,0.0,0.0,0.0,1.102494,0.0,0.0,6.916562,0.0,1.102494,0.0,0.0,1.9508982,1.102494,0.0,0.0,1.102494,0.0,0.0,1.102494,0.0,0.0,1.102494,0.0,1.6140941,1.102494,1.102494,1.102494,2.2023969,0.0,0.0,0.0,1.6140941,0.0,0.0,0.0,1.102494,0.0,0.0,0.0,1.102494,0.0,0.0,0.0,0.0,0.0,0.0,0.0,0.0,0.0,2.838689,0.0,0.0,1.102494,0.0,1.6140941,0.0,0.0,1.102494,1.102494,1.102494,0.0,0.0,0.0,1.102494,0.0,0.0,0.0,0.0,0.0,0.0,0.0,0.0,0.0,1.9508982,0.0,0.0,1.6140941,0.0,0.0,0.0,1.102494,0.0,3.3729126,0.0,5.8493443,2.5703201,1.6140941,0.0,0.0
0.0,0.0,0.0,0.0,0.0,0.0,1.3978803,0.0,0.700886,0.0,0.0,0.0,0.0,0.0,0.700886,0.700886,0.0,6.4892855,0.0,0.0,0.0,0.0,1.3978803,0.700886,0.700886,0.0,0.0,0.0,0.0,1.3978803,0.700886,1.1089175,1.1089175,0.700886,1.3978803,1.1089175,0.700886,0.0,1.8046244,0.0,0.0,0.700886,0.0,0.0,0.0,0.700886,2.2109413,0.0,0.0,0.0,0.0,0.0,0.0,0.0,0.0,0.0,0.0,0.0,0.0,0.0,2.7224479,0.700886,0.0,1.9591403,0.0,1.1089175,2.0929456,0.0,0.0,0.700886,0.0,0.0,0.700886,0.0,0.0,1.1089175,0.700886,0.700886,0.0,0.0,0.0,0.0,0.0,0.0,1.6217915,0.0,0.700886,0.700886,0.0,0.0,0.0,1.1089175,0.700886,3.3106883,0.0,2.316472,2.4990492,0.0,0.700886,0.700886
0.0,0.0,0.0,1.3149123,0.8595985,0.0,0.0,0.0,0.0,0.0,0.0,0.0,0.0,0.0,1.3149123,0.0,0.0,6.8009467,0.0,0.0,0.0,0.0,2.0555408,0.0,0.0,0.0,0.8595985,0.0,0.8595985,2.216294,0.0,0.0,0.8595985,0.0,2.216294,0.0,0.0,0.0,2.0555408,0.0,0.0,0.0,0.0,0.0,0.0,0.0,0.8595985,0.0,0.0,0.0,0.0,0.0,0.0,0.0,0.0,1.6266168,0.0,0.0,0.0,0.0,2.4763448,1.3149123,0.0,1.6266168,0.0,0.0,1.6266168,0.8595985,0.0,0.0,0.0,0.0,0.0,0.8595985,0.0,0.0,0.8595985,0.0,0.0,0.0,1.3149123,0.0,0.8595985,0.0,1.3149123,0.0,0.0,0.0,0.0,0.8595985,0.0,0.0,1.3149123,3.432976,0.8595985,5.284008,2.5847452,0.0,0.0,0.0
0.45196435,0.9984927,0.0,0.45196435,0.45196435,0.0,0.45196435,0.0,0.45196435,0.0,0.0,0.45196435,0.0,0.45196435,0.45196435,0.0,0.45196435,5.864791,0.0,0.0,0.0,0.0,0.45196435,0.9984927,0.0,0.0,0.0,0.0,0.7621096,1.8152422,1.3498844,0.7621096,0.9984927,0.0,0.7621096,0.0,0.0,0.0,2.2587314,0.45196435,0.0,0.0,0.0,0.45196435,0.0,0.7621096,1.6093922,0.0,0.45196435,0.45196435,0.7621096,0.0,0.0,0.0,0.0,0.7621096,0.0,0.45196435,0.0,0.45196435,1.9041889,0.45196435,0.0,1.8152422,0.0,1.1895443,0.9984927,0.45196435,0.0,0.0,0.0,0.45196435,0.45196435,0.45196435,0.0,0.0,0.9984927,0.0,0.45196435,0.45196435,0.0,0.7621096,1.1895443,0.0,1.9041889,0.0,0.45196435,0.45196435,0.7621096,0.45196435,0.0,1.9858662,0.0,3.6412828,0.0,1.7176046,3.9033587,0.9984927,0.45196435,0.45196435
0.0,1.42421,0.7185833,0.0,0.0,0.0,0.7185833,0.0,1.1323854,0.0,0.7185833,0.0,0.0,0.0,0.0,0.0,0.0,5.4299126,0.7185833,0.0,0.0,0.0,0.7185833,0.7185833,0.0,0.0,0.0,0.0,0.7185833,2.123539,1.1323854,0.0,0.7185833,0.0,1.42421,0.0,0.0,0.0,2.3479142,1.1323854,0.7185833,1.42421,0.7185833,0.0,0.0,0.0,1.1323854,0.0,1.1323854,0.0,0.0,0.0,0.0,0.0,0.0,1.1323854,0.0,0.0,0.0,0.0,2.880568,0.7185833,0.0,2.123539,0.0,1.42421,0.0,1.8338006,0.0,0.7185833,0.0,0.7185833,0.7185833,0.7185833,1.1323854,0.0,1.42421,0.0,0.0,0.0,0.0,1.42421,1.1323854,0.0,2.123539,0.0,0.0,1.42421,0.7185833,0.7185833,1.6498308,1.1323854,0.0,3.5144448,0.7185833,2.880568,2.8197627,0.7185833,0.0,1.1323854
0.0,0.91848636,0.0,0.6949772,0.4066855,0.0,0.4066855,0.0,0.0,0.4066855,0.4066855,0.4066855,0.0,0.0,0.4066855,0.6949772,0.6949772,4.3667088,0.0,1.1010516,0.0,0.0,0.0,0.0,0.0,0.91848636,0.0,0.0,1.1010516,1.2553762,1.1010516,0.0,0.6949772,0.0,0.0,0.0,0.0,0.4066855,2.5290933,1.2553762,0.0,0.0,0.4066855,0.0,0.4066855,0.0,1.7948077,0.4066855,0.4066855,0.4066855,0.0,0.0,0.0,0.0,0.0,0.4066855,0.4066855,0.4066855,0.0,0.4066855,1.9490453,0.4066855,0.0,2.2545643,0.0,1.2553762,0.6949772,0.0,0.0,0.4066855,0.0,0.0,0.6949772,0.6949772,0.0,0.4066855,1.3890381,0.0,0.0,0.0,0.6949772,0.0,0.91848636,0.0,1.7077409,0.6949772,0.4066855,0.0,0.0,0.0,0.6949772,1.7948077,0.4066855,3.7763338,0.0,1.3890381,0.6949772,0.0,0.4066855,0.0
0.4842133,0.0,0.0,0.0,0.0,0.0,0.4842133,0.8090598,0.0,0.0,0.0,0.4842133,0.0,0.8090598,0.0,0.0,0.8090598,5.5320077,0.4842133,0.8090598,0.0,0.0,0.8090598,1.0538566,0.4842133,0.0,0.0,0.0,1.0538566,1.4145145,0.4842133,0.0,1.0538566,0.0,1.4145145,0.8090598,0.4842133,0.4842133,2.3948328,0.4842133,0.0,0.0,0.4842133,0.4842133,0.0,0.0,1.8879904,0.4842133,0.8090598,0.0,0.0,0.0,0.0,0.0,0.8090598,0.8090598,0.0,0.4842133,0.0,0.0,2.1370938,1.2503575,0.0,1.8879904,0.4842133,1.0538566,0.0,0.8090598,0.0,0.0,0.0,0.0,0.0,0.8090598,0.0,0.4842133,0.8090598,0.4842133,0.0,0.0,0.0,0.4842133,1.2503575,0.0,1.8879904,0.0,0.4842133,1.2503575,0.4842133,0.4842133,0.4842133,0.8090598,0.4842133,3.3895733,0.4842133,2.3948328,1.5554856,0.0,0.8090598,0.0
0.0,1.3789335,0.9104064,0.0,1.5503948,0.0,0.0,0.0,0.0,0.0,0.0,0.0,0.0,0.0,0.0,0.5554162,1.3789335,3.7340114,0.0,0.9104064,0.0,0.0,1.3789335,0.0,0.0,0.0,0.0,0.5554162,0.0,1.6967154,0.5554162,0.0,0.9104064,0.0,0.0,0.0,0.0,0.0,2.215864,0.5554162,0.0,0.0,0.0,0.0,0.0,0.0,1.3789335,0.0,0.0,0.0,0.5554162,0.0,0.0,0.5554162,0.0,0.9104064,0.0,0.0,0.0,0.0,1.8243337,0.5554162,0.0,1.5503948,0.0,0.9104064,0.9104064,1.1718622,0.9104064,0.0,0.0,0.9104064,1.3789335,1.1718622,0.0,0.0,0.5554162,0.0,0.0,0.0,0.5554162,0.0,0.5554162,0.0,1.8243337,0.5554162,0.5554162,0.0,1.1718622,0.0,0.0,0.9104064,0.0,3.424479,0.0,0.9104064,0.0,1.3789335,0.0,0.9104064
0.0,1.9559443,0.0,0.62445474,0.0,0.0,0.62445474,0.0,0.0,0.0,0.0,0.0,0.0,0.62445474,0.0,1.0059321,0.0,5.1616125,0.0,1.0059321,0.0,0.0,0.0,0.0,0.0,0.0,1.0059321,0.0,0.62445474,1.8250918,1.4971446,0.0,0.62445474,0.0,0.0,0.0,1.0059321,0.0,1.9559443,0.62445474,0.62445474,0.62445474,0.0,0.0,0.0,1.0059321,1.4971446,0.0,1.0059321,0.0,0.0,0.0,0.0,1.0059321,0.62445474,0.62445474,0.0,1.0059321,0.0,1.0059321,1.674502,1.0059321,0.0,2.2692635,0.0,0.62445474,0.0,0.62445474,0.62445474,0.0,1.0059321,0.62445474,1.281401,0.0,0.0,0.62445474,0.0,0.0,0.0,0.0,0.62445474,0.62445474,1.0059321,0.0,1.8250918,0.62445474,0.62445474,0.62445474,0.0,0.0,0.0,0.62445474,0.0,3.6452093,0.62445474,0.62445474,0.0,0.0,0.0,0.0
0.7918655,0.7918655,0.47234797,0.7918655,1.0336349,0.0,0.47234797,0.0,0.0,0.0,0.0,0.0,0.0,0.47234797,0.0,0.7918655,0.7918655,3.8477066,0.0,1.0336349,0.0,0.0,0.0,0.47234797,0.0,0.0,0.0,0.0,0.0,0.47234797,0.7918655,0.0,0.0,0.0,0.47234797,0.47234797,0.0,0.7918655,2.3665066,1.5309427,0.0,0.0,0.0,0.0,0.0,0.47234797,1.9512607,0.0,0.0,0.0,0.0,0.0,0.47234797,0.47234797,0.0,0.47234797,0.7918655,0.47234797,0.47234797,0.47234797,1.5309427,1.2281837,0.0,0.0,0.0,1.0336349,1.3909776,0.47234797,0.0,0.0,0.0,0.7918655,0.47234797,1.5309427,0.47234797,0.0,1.2281837,0.0,0.47234797,0.0,0.47234797,0.0,0.0,0.0,1.6537012,0.0,0.47234797,0.7918655,0.47234797,0.0,0.47234797,0.7918655,0.0,3.1501236,0.47234797,1.2281837,0.0,0.0,0.47234797,0.47234797
0.0,0.7212887,0.0,0.0,0.0,0.0,1.135961,0.7212887,0.0,0.0,0.0,0.0,0.7212887,0.0,0.0,0.0,0.0,4.3314285,0.7212887,0.0,0.0,0.7212887,0.7212887,0.0,0.0,0.0,0.7212887,0.0,0.0,1.135961,1.135961,1.135961,0.0,0.0,0.0,1.135961,0.0,0.0,2.2467191,0.0,0.0,0.0,0.0,0.0,0.0,0.0,1.4282151,1.4282151,0.0,0.0,0.7212887,0.0,0.0,0.0,0.0,0.0,0.7212887,0.0,0.0,0.0,2.1281815,0.7212887,0.0,1.6540918,0.0,0.0,0.7212887,0.0,0.0,0.0,0.0,0.0,0.0,0.0,0.0,0.0,0.7212887,0.0,0.0,0.0,0.7212887,1.135961,0.7212887,0.0,1.135961,1.135961,0.0,0.0,0.0,0.0,0.7212887,1.6540918,0.0,3.4549084,0.0,1.9936787,0.0,0.0,0.0,0.0
0.49574748,0.0,0.0,0.49574748,1.4371359,0.0,0.0,1.0733542,0.0,0.0,0.0,0.0,0.0,0.0,0.0,0.0,1.2716968,4.0512943,0.0,0.49574748,0.0,0.0,1.0733542,0.0,0.0,0.0,0.0,0.0,0.8256874,1.9133168,0.8256874,0.0,0.0,0.0,0.0,0.0,0.0,0.0,2.6725075,0.0,0.0,1.4371359,0.0,0.0,0.0,0.0,1.8138144,0.0,0.0,0.0,0.0,0.49574748,0.0,0.49574748,0.49574748,0.49574748,0.0,0.49574748,0.49574748,0.8256874,1.5790508,1.2716968,0.49574748,2.0867863,0.0,1.5790508,0.0,0.49574748,0.0,0.0,0.0,0.49574748,1.2716968,1.4371359,0.49574748,0.49574748,1.4371359,0.0,0.0,0.0,0.49574748,0.49574748,0.8256874,0.0,1.7033061,0.49574748,1.0733542,0.0,0.49574748,0.0,0.8256874,1.8138144,0.0,3.259145,0.49574748,1.2716968,0.0,1.2716968,0.0,0.0
0.0,0.58892673,0.0,0.0,0.58892673,0.0,0.0,1.4370381,0.0,0.0,0.0,0.58892673,0.95708966,0.0,0.58892673,0.0,0.0,3.0469637,0.0,0.95708966,0.0,0.0,0.0,0.58892673,0.0,0.0,0.0,0.0,0.95708966,1.7599797,1.2255855,0.0,0.0,0.0,0.0,0.0,0.0,0.0,2.3631759,0.95708966,0.0,0.0,0.0,0.58892673,0.0,0.0,2.0036974,0.0,0.58892673,0.0,0.0,0.0,0.0,0.0,0.0,0.58892673,0.95708966,0.58892673,0.0,0.58892673,0.95708966,1.2255855,0.58892673,1.7599797,0.95708966,0.58892673,0.95708966,0.0,0.0,0.0,0.0,0.58892673,1.2255855,1.4370381,0.58892673,0.0,0.95708966,0.95708966,0.0,0.0,0.58892673,0.95708966,1.2255855,0.0,2.1063852,0.58892673,0.0,0.0,0.0,0.0,1.2255855,0.0,0.0,2.9255872,0.58892673,1.611489,0.58892673,0.58892673,0.0,0.58892673
0.0,1.1958215,0.0,0.0,0.76692563,0.0,0.0,0.76692563,0.0,0.76692563,0.0,0.0,0.0,0.0,1.4950163,0.0,1.1958215,4.3746657,0.0,0.0,0.0,0.0,0.0,0.0,0.0,0.0,0.76692563,0.76692563,1.1958215,1.4950163,0.76692563,0.0,1.1958215,0.76692563,0.0,0.0,0.0,0.0,2.431702,0.76692563,0.0,0.76692563,0.0,0.76692563,0.0,0.0,1.9118632,0.0,0.0,0.0,2.069242,0.0,0.0,0.0,0.76692563,1.1958215,0.0,0.0,0.0,0.0,1.4950163,0.0,0.0,1.4950163,0.0,1.1958215,0.0,0.76692563,0.0,0.0,0.0,1.4950163,0.0,0.76692563,0.76692563,0.0,1.1958215,0.0,0.0,0.0,0.76692563,0.0,0.0,0.76692563,2.2051878,0.0,0.76692563,1.4950163,0.0,0.0,0.0,1.1958215,0.76692563,3.2274735,0.76692563,1.9118632,0.76692563,0.0,0.0,0.0
0.0,0.0,1.1903797,0.0,0.0,0.0,0.0,0.0,0.0,0.0,0.0,0.0,1.1903797,0.0,0.0,0.0,0.0,4.748547,0.0,1.1903797,0.0,0.0,0.0,1.1903797,0.0,0.0,1.1903797,0.0,0.0,1.7185899,0.0,0.0,0.0,0.0,0.0,1.1903797,0.0,0.0,2.062421,0.0,0.0,0.0,1.1903797,0.0,0.0,0.0,1.1903797,0.0,1.1903797,0.0,0.0,0.0,0.0,0.0,1.1903797,1.1903797,0.0,1.1903797,0.0,0.0,2.960449,0.0,0.0,1.7185899,0.0,0.0,1.1903797,0.0,0.0,0.0,0.0,0.0,0.0,1.1903797,1.1903797,0.0,1.1903797,0.0,0.0,0.0,0.0,0.0,1.1903797,0.0,0.0,0.0,0.0,0.0,1.7185899,0.0,0.0,1.7185899,0.0,3.1731791,0.0,3.1731791,0.0,1.1903797,0.0,0.0
0.0,1.3778788,0.0,0.0,0.0,0.0,0.0,0.0,0.0,0.0,0.0,0.0,0.0,0.0,1.3778788,1.3778788,0.9095639,4.996135,0.0,1.3778788,0.0,0.0,0.0,0.0,0.0,0.0,0.0,0.9095639,0.0,2.2924778,0.0,0.0,0.0,0.0,0.0,0.9095639,0.0,0.0,2.130158,0.0,0.9095639,0.0,1.3778788,0.0,0.0,0.0,2.130158,0.0,0.0,0.0,0.0,0.0,0.0,0.9095639,0.0,0.9095639,0.0,0.0,0.0,0.9095639,1.9362864,0.9095639,0.0,0.0,0.0,2.130158,0.9095639,0.0,0.0,0.0,0.0,0.0,0.0,0.0,0.0,0.9095639,0.9095639,0.0,0.0,0.0,0.0,0.0,0.0,0.0,1.3778788,0.9095639,0.0,0.9095639,0.0,0.0,0.0,0.9095639,0.9095639,2.933797,0.0,0.9095639,1.9362864,0.0,0.0,0.0
0.0,0.0,0.0,0.0,0.0,0.0,0.0,0.0,0.0,0.0,1.1458145,0.0,0.0,0.0,1.665819,0.0,0.0,4.974767,1.1458145,0.0,0.0,0.0,0.0,0.0,0.0,0.0,0.0,0.0,1.1458145,2.2596784,0.0,0.0,0.0,1.1458145,0.0,0.0,0.0,0.0,2.2596784,0.0,0.0,1.1458145,0.0,0.0,0.0,0.0,1.665819,0.0,0.0,0.0,0.0,0.0,0.0,0.0,0.0,1.1458145,0.0,0.0,0.0,0.0,2.4617243,0.0,0.0,1.665819,0.0,2.0061994,1.1458145,0.0,0.0,0.0,0.0,0.0,0.0,0.0,1.1458145,1.1458145,1.1458145,0.0,0.0,0.0,0.0,0.0,0.0,0.0,1.665819,0.0,0.0,0.0,0.0,1.1458145,1.1458145,0.0,0.0,3.2025442,0.0,2.0061994,3.4349554,0.0,0.0,0.0
0.6654002,0.0,0.0,0.0,0.0,0.0,0.0,0.0,0.0,0.0,0.0,0.0,0.0,0.0,0.0,0.0,0.6654002,5.103102,0.0,1.5646656,0.6654002,0.0,1.0614426,0.0,0.0,0.0,0.0,0.6654002,0.6654002,2.0303671,1.3443798,0.0,0.6654002,0.0,1.0614426,0.0,0.0,0.0,2.1473515,1.0614426,0.0,0.0,0.0,0.0,0.0,0.0,1.3443798,0.0,0.6654002,0.6654002,0.0,0.0,0.0,0.0,0.0,0.6654002,0.0,1.3443798,0.6654002,0.0,2.3468592,0.0,0.0,1.0614426,0.0,0.6654002,0.6654002,0.6654002,0.0,0.0,0.0,0.0,0.0,1.0614426,0.0,0.0,0.0,0.0,0.0,0.6654002,0.0,0.0,0.6654002,0.0,1.5646656,0.0,0.0,0.0,0.6654002,1.0614426,0.0,0.6654002,0.0,3.3130045,0.0,1.8978617,1.3443798,0.6654002,0.0,0.0
0.0,0.0,0.0,0.0,0.0,0.0,0.43829042,0.9746219,0.0,0.0,0.43829042,0.0,0.0,0.74198973,0.0,0.0,0.43829042,4.9309697,0.0,1.1632196,0.0,0.0,0.74198973,1.1632196,0.0,0.0,0.0,0.43829042,0.43829042,1.4586917,0.74198973,0.0,0.74198973,0.0,0.0,0.43829042,0.0,0.0,2.028235,0.43829042,0.0,0.0,0.9746219,0.43829042,0.0,0.43829042,1.8718868,0.0,0.0,0.0,0.0,0.43829042,0.0,0.43829042,0.0,0.74198973,0.0,0.43829042,0.0,0.43829042,2.6913364,0.74198973,0.43829042,1.579058,0.0,1.4586917,0.74198973,0.43829042,0.0,0.0,0.0,0.0,0.0,0.43829042,0.43829042,0.74198973,0.74198973,0.43829042,0.0,0.0,0.0,0.43829042,0.43829042,0.74198973,1.4586917,0.74198973,0.0,1.1632196,0.0,0.43829042,0.0,1.1632196,0.43829042,3.1823077,0.0,1.7834744,1.1632196,0.43829042,0.74198973,0.0
0.62067884,0.4532772,0.4532772,0.0,0.0,0.0,0.62067884,0.0,0.0,0.0,0.0,0.25210422,0.0,0.0,0.0,0.0,0.25210422,5.384746,0.25210422,1.1920544,0.0,0.0,0.25210422,0.62067884,0.0,0.0,0.4532772,0.25210422,1.1009798,0.4532772,0.7640345,0.25210422,0.0,0.25210422,0.4532772,0.25210422,0.25210422,0.0,1.8637502,0.4532772,0.0,0.0,0.25210422,0.0,0.0,0.0,2.100255,0.0,0.0,0.0,0.0,0.0,0.0,0.25210422,0.0,0.25210422,0.0,1.0007719,0.0,0.25210422,2.4999986,0.0,0.0,1.5533948,0.25210422,1.1009798,0.7640345,0.25210422,0.25210422,0.0,0.0,0.25210422,0.25210422,0.7640345,0.0,0.88939244,0.4532772,0.0,0.0,0.0,0.25210422,0.62067884,0.25210422,0.0,1.948953,0.25210422,0.0,0.7640345,0.0,0.25210422,0.25210422,0.88939244,0.0,3.0203102,0.25210422,1.4240793,1.2755224,0.25210422,0.62067884,0.4532772
0.0,0.0,0.0,0.0,0.0,0.0,0.60297114,0.97647524,0.0,0.0,0.60297114,0.0,0.0,0.0,0.60297114,0.0,0.0,4.746675,0.0,0.0,0.0,0.0,0.0,0.60297114,0.60297114,0.0,0.0,0.0,0.97647524,0.60297114,0.0,0.0,0.0,0.0,0.60297114,0.60297114,0.0,0.0,1.4609755,0.97647524,0.0,0.60297114,0.0,0.0,0.0,0.0,1.6366061,0.0,0.0,0.0,0.0,0.0,0.0,0.0,0.0,0.0,0.0,1.2477853,0.60297114,0.60297114,3.0378802,0.60297114,0.0,1.4609755,0.0,0.0,0.0,0.60297114,0.60297114,0.0,0.0,0.0,0.0,0.0,0.0,0.60297114,0.0,0.0,0.60297114,0.60297114,0.0,0.0,0.0,0.0,1.2477853,0.0,0.0,0.60297114,0.0,0.60297114,0.60297114,0.0,0.0,2.816801,0.0,0.97647524,0.0,0.0,0.0,0.0
0.5452302,0.8960925,0.5452302,0.0,0.0,0.0,0.8960925,1.1553128,0.0,0.0,0.0,1.1553128,0.5452302,0.5452302,0.8960925,1.3609822,0.8960925,6.837233,0.8960925,0.5452302,0.0,0.5452302,1.1553128,0.0,0.0,0.0,0.5452302,0.0,0.0,2.2721326,1.8041883,0.0,0.0,0.0,0.0,0.8960925,0.0,0.0,1.8041883,0.0,0.0,0.8960925,0.0,0.5452302,0.5452302,0.5452302,1.1553128,0.8960925,1.5314822,0.8960925,0.0,0.0,0.0,0.5452302,0.0,0.8960925,0.0,0.0,0.0,1.3609822,2.1102197,0.5452302,0.0,3.5779552,0.5452302,0.8960925,0.0,0.0,0.5452302,0.0,0.0,0.5452302,0.5452302,1.1553128,0.0,0.8960925,0.5452302,0.0,0.0,0.0,0.8960925,0.5452302,2.0182374,0.0,1.3609822,0.0,0.5452302,0.8960925,1.5314822,0.0,1.1553128,2.2721326,0.5452302,4.4523177,1.3609822,3.7790701,2.9123578,0.5452302,0.0,0.0
0.0,1.3513677,0.45269275,0.0,0.0,0.0,0.0,0.45269275,0.0,0.45269275,0.45269275,0.45269275,0.0,0.0,0.45269275,0.0,0.45269275,7.5999136,0.0,0.45269275,0.0,0.0,1.6109941,0.0,0.0,0.0,0.0,0.0,0.0,1.3513677,1.6109941,0.0,0.45269275,0.0,0.0,0.45269275,0.45269275,0.45269275,1.7192475,0.45269275,0.45269275,0.0,0.0,0.0,0.0,0.0,1.7192475,0.0,0.0,0.0,0.45269275,0.0,0.0,0.0,0.0,1.1909373,0.0,0.0,0.0,0.0,2.4253101,0.0,0.0,2.318523,0.9997575,1.489583,0.0,0.76317775,0.0,0.76317775,0.0,0.0,0.0,0.0,0.45269275,1.1909373,0.45269275,0.0,0.0,0.0,0.0,0.76317775,0.76317775,0.0,1.1909373,0.0,0.45269275,0.45269275,0.0,0.45269275,0.45269275,2.3733413,0.0,4.260565,0.76317775,4.8705626,2.6906314,0.76317775,0.0,0.0
0.0,1.9277047,0.9035818,0.0,0.0,0.0,1.3703828,1.3703828,0.0,0.9035818,0.0,0.0,0.9035818,0.0,0.0,0.9035818,0.9035818,5.4942575,0.0,0.0,0.0,0.0,0.9035818,0.9035818,0.0,0.0,0.0,0.9035818,0.0,1.6873775,2.1213202,0.0,1.9277047,0.0,0.9035818,1.3703828,0.0,0.0,0.9035818,0.9035818,0.0,1.3703828,0.0,1.3703828,0.9035818,0.0,0.0,0.0,0.9035818,0.0,1.3703828,0.0,0.0,0.0,0.0,1.3703828,1.3703828,0.0,0.9035818,2.1213202,2.4229426,0.0,0.0,3.548866,0.0,0.9035818,0.0,0.0,0.9035818,0.0,0.0,0.0,0.0,0.0,0.0,1.6873775,0.0,0.0,0.0,1.3703828,1.3703828,0.0,1.3703828,0.0,2.1213202,0.0,1.6873775,2.2834606,2.1213202,0.9035818,1.3703828,1.9277047,0.0,4.5536604,0.0,3.5057204,2.1213202,1.3703828,0.0,0.0
0.0,0.34027514,0.0,0.0,0.0,0.0,0.59369606,0.0,0.34027514,0.0,0.0,0.0,0.0,0.0,0.34027514,0.0,0.0,3.9680777,0.0,0.79570496,0.0,0.0,2.1157753,0.59369606,0.0,0.59369606,0.34027514,0.34027514,0.34027514,1.4451936,1.2331446,0.0,0.0,0.0,0.0,0.34027514,0.0,0.79570496,2.5136042,0.34027514,0.0,0.34027514,0.34027514,0.0,0.0,0.34027514,2.480231,0.0,0.0,0.0,0.0,0.0,0.0,0.0,0.0,0.59369606,0.0,0.0,0.0,0.59369606,3.2785044,0.34027514,0.0,0.79570496,0.34027514,0.59369606,1.3447793,0.59369606,0.34027514,0.59369606,0.0,0.0,0.0,0.34027514,0.59369606,0.34027514,0.59369606,0.59369606,0.0,0.59369606,0.0,1.1074634,0.0,0.0,1.4451936,0.59369606,0.0,0.0,0.34027514,0.0,0.0,0.59369606,0.0,3.0945535,0.0,1.9572757,0.59369606,0.59369606,0.0,0.0
0.0,0.0,0.0,0.5894269,0.5894269,0.0,0.0,0.5894269,0.0,0.0,0.0,0.5894269,0.0,0.5894269,0.0,0.0,0.0,4.634489,0.0,0.0,0.0,0.5894269,2.7884707,0.9577818,0.0,0.0,0.0,0.0,0.0,1.2263793,0.0,1.2263793,0.0,0.0,0.5894269,0.0,0.5894269,0.5894269,2.107372,0.9577818,0.0,0.5894269,1.2263793,0.0,0.9577818,0.9577818,1.2263793,0.0,0.5894269,0.0,0.0,0.0,0.0,0.0,0.0,0.5894269,0.0,0.9577818,0.0,0.0,2.7884707,1.2263793,0.0,2.2005024,0.0,0.0,1.4378947,0.0,0.0,0.0,0.0,0.5894269,1.6123884,0.0,0.5894269,0.9577818,0.9577818,0.5894269,0.0,0.5894269,0.0,0.0,0.5894269,0.0,2.0046694,0.5894269,0.5894269,0.0,0.0,0.5894269,0.0,1.6123884,0.9577818,3.2844596,0.0,2.7378154,1.76091,0.0,0.5894269,0.0
0.0,0.0,0.0,0.0,1.7241521,0.0,0.76637024,0.76637024,0.0,0.0,0.0,0.0,0.0,0.0,0.76637024,0.0,0.0,4.6726284,0.0,0.76637024,0.0,0.0,2.2042649,1.1950982,0.0,0.0,1.1950982,0.0,0.76637024,1.4942118,1.1950982,0.0,0.0,0.0,0.76637024,0.76637024,0.0,0.0,0.76637024,1.1950982,0.0,0.76637024,1.1950982,0.0,0.76637024,0.0,0.76637024,0.0,0.0,0.0,0.0,0.0,0.0,0.0,0.0,1.1950982,0.76637024,0.0,1.1950982,0.0,2.9668727,1.4942118,0.0,2.0683358,0.0,1.1950982,0.0,0.0,0.0,0.76637024,0.76637024,0.0,0.76637024,0.0,0.76637024,0.0,0.0,0.0,0.0,0.0,0.0,0.76637024,0.0,0.0,1.4942118,0.0,0.76637024,0.0,0.76637024,0.76637024,0.0,1.9109793,0.0,3.7755575,0.0,1.9109793,0.76637024,0.0,0.76637024,0.0
0.0,0.0,0.0,0.0,0.0,0.0,0.0,1.4472728,0.0,1.77109,0.9653673,0.9653673,0.0,0.0,0.0,0.9653673,0.0,6.0257235,0.9653673,0.0,0.0,0.0,2.6394868,0.9653673,0.0,0.0,0.0,0.0,0.9653673,2.5161035,3.2962823,0.0,0.0,0.0,2.3753254,0.9653673,0.0,0.9653673,0.0,0.9653673,0.0,0.0,0.0,0.0,0.9653673,0.0,0.0,0.0,0.0,0.0,0.0,0.0,0.0,0.0,0.0,1.77109,0.0,0.0,0.0,0.0,2.848248,0.9653673,0.0,2.2114298,0.0,2.5161035,1.4472728,0.0,0.0,0.9653673,0.0,0.0,0.0,0.9653673,0.9653673,2.0153039,0.0,0.0,0.0,0.0,0.0,0.0,0.0,0.0,1.4472728,0.0,0.0,0.9653673,0.0,0.0,1.4472728,1.4472728,0.9653673,3.020865,0.9653673,2.6394868,0.9653673,0.0,0.9653673,0.0
1.4861335,0.9969436,0.0,0.0,0.0,0.0,1.8131881,0.9969436,0.0,0.0,0.0,0.0,0.0,0.0,0.0,0.9969436,0.0,5.5034113,0.0,0.0,1.4861335,0.0,2.4212494,0.9969436,0.0,0.0,0.9969436,1.4861335,0.0,3.2827816,2.256534,0.0,0.0,0.9969436,1.8131881,0.0,0.9969436,0.0,0.9969436,0.0,0.0,1.4861335,0.9969436,0.0,0.0,0.0,0.9969436,0.0,0.9969436,0.9969436,0.0,0.0,0.0,0.0,0.9969436,0.0,1.4861335,0.9969436,0.0,0.0,3.4035203,0.9969436,0.0,1.8131881,0.0,0.0,2.5626316,0.0,0.0,0.0,0.9969436,0.0,0.0,0.9969436,2.0592318,0.0,0.0,0.0,0.0,0.0,0.0,0.0,1.8131881,0.0,2.0592318,0.0,0.0,1.8131881,0.0,1.8131881,0.9969436,0.0,0.0,3.2164652,0.0,2.256534,2.4212494,0.9969436,0.0,0.0
0.0,1.0575632,0.0,0.0,0.0,1.0575632,0.0,1.0575632,0.0,0.0,0.0,0.0,0.0,1.0575632,1.5599729,0.0,0.0,5.3890905,0.0,0.0,0.0,0.0,2.1421092,1.5599729,0.0,0.0,0.0,1.5599729,0.0,2.885589,0.0,0.0,1.5599729,0.0,1.0575632,1.8928164,0.0,0.0,1.8928164,0.0,0.0,0.0,1.0575632,0.0,0.0,0.0,1.5599729,0.0,1.8928164,0.0,1.0575632,0.0,0.0,1.0575632,1.0575632,1.5599729,0.0,1.0575632,0.0,1.0575632,2.7747593,0.0,1.0575632,1.8928164,0.0,1.8928164,1.5599729,1.0575632,0.0,0.0,0.0,0.0,0.0,0.0,2.1421092,1.0575632,1.0575632,0.0,0.0,0.0,1.0575632,0.0,1.0575632,0.0,2.3414912,0.0,0.0,1.5599729,1.0575632,1.5599729,0.0,1.0575632,1.0575632,3.6529133,0.0,2.7747593,2.1421092,0.0,1.0575632,0.0
0.0,0.0,1.4254087,0.0,0.0,0.0,1.4254087,0.0,0.0,0.0,0.0,0.0,0.0,0.0,0.94770366,1.4254087,0.0,6.43016,0.0,0.0,0.0,0.0,2.612877,1.4254087,0.94770366,0.0,0.94770366,2.185927,0.94770366,2.9111307,1.4254087,0.0,0.0,0.0,1.7473435,0.0,0.0,0.0,2.185927,0.0,0.0,0.0,0.94770366,0.94770366,0.0,0.0,1.9904895,0.0,0.94770366,0.0,0.94770366,0.94770366,0.0,0.0,0.0,1.4254087,0.94770366,0.0,0.0,0.0,2.185927,0.0,0.0,2.349342,0.94770366,0.94770366,1.4254087,0.94770366,0.94770366,0.0,0.0,0.0,0.0,0.0,0.0,0.0,1.4254087,0.0,0.0,0.0,0.94770366,0.0,0.0,0.0,1.7473435,0.0,0.0,0.0,0.0,2.185927,0.0,0.0,0.0,3.5315046,0.94770366,5.3745832,4.361941,2.185927,1.4254087,0.0
0.0,1.0790038,0.0,0.4991067,0.4991067,0.0,0.4991067,0.0,0.0,0.0,1.0790038,1.0790038,0.0,0.4991067,0.8305142,0.8305142,1.5858612,4.1554894,0.0,0.0,0.0,0.4991067,2.0112286,0.0,0.0,0.0,0.4991067,0.0,0.4991067,1.5858612,0.8305142,0.0,1.0790038,0.4991067,0.0,0.0,0.0,0.0,2.0112286,0.8305142,0.4991067,0.0,0.8305142,0.0,0.0,0.0,1.8209935,0.0,0.0,0.4991067,0.0,1.5858612,0.4991067,0.0,0.0,0.8305142,0.4991067,1.0790038,0.4991067,1.0790038,2.1709936,1.0790038,0.0,0.0,0.0,0.8305142,1.2778727,0.0,0.0,0.0,0.8305142,0.0,1.4436774,0.0,2.0112286,0.0,0.8305142,0.0,0.0,0.4991067,0.0,0.0,0.0,0.0,1.9206278,0.4991067,0.8305142,0.4991067,0.0,0.8305142,0.4991067,0.8305142,0.0,3.0163913,0.0,2.3710601,1.5858612,0.0,0.0,0.4991067
0.0,0.6590783,0.0,0.0,1.0529242,0.0,0.6590783,0.6590783,0.6590783,0.6590783,1.0529242,0.0,0.0,0.6590783,1.3347456,0.6590783,0.0,7.1259017,0.6590783,0.6590783,0.0,0.0,1.0529242,1.7343156,0.0,0.6590783,0.6590783,0.6590783,0.0,2.2403998,0.6590783,0.0,0.0,0.0,1.0529242,0.0,0.6590783,0.0,1.0529242,0.6590783,0.0,0.0,0.0,0.0,0.0,0.0,1.7343156,0.6590783,1.0529242,0.6590783,0.0,0.0,0.0,0.0,0.0,1.3347456,1.3347456,0.0,0.0,0.0,2.4215326,0.6590783,0.0,1.0529242,0.0,1.0529242,0.6590783,0.0,0.0,0.0,0.0,0.0,0.0,0.0,1.3347456,1.3347456,0.0,0.0,0.0,0.0,0.0,0.0,0.0,0.0,1.8867755,0.6590783,0.0,2.019037,0.0,0.6590783,0.6590783,0.6590783,0.0,2.9785962,0.0,4.8438435,2.3350618,0.0,1.0529242,0.0
0.0,0.0,0.0,0.5300729,0.5300729,0.0,0.5300729,0.0,0.0,0.0,0.0,0.0,0.5300729,0.0,0.5300729,1.1304884,1.1304884,6.916754,0.0,0.5300729,0.0,0.0,2.0782611,1.1304884,0.5300729,0.0,0.0,1.3340071,0.87468195,2.2395043,0.0,0.0,1.1304884,0.0,1.3340071,0.0,0.0,0.0,1.1304884,0.87468195,0.5300729,0.0,0.87468195,0.0,0.5300729,0.5300729,1.5030283,0.0,0.87468195,0.87468195,0.87468195,0.0,0.0,0.0,0.87468195,1.1304884,0.5300729,0.0,0.5300729,0.0,2.0782611,0.87468195,0.0,1.885925,0.0,1.3340071,1.7738321,0.87468195,0.5300729,0.0,0.0,0.0,0.5300729,0.87468195,1.9867102,0.5300729,1.3340071,0.0,0.5300729,0.0,0.0,0.0,0.5300729,0.5300729,1.885925,0.87468195,0.0,1.1304884,0.0,0.0,1.1304884,0.5300729,0.0,2.9164946,0.87468195,3.0574214,2.5559828,0.87468195,0.87468195,0.0
0.0,0.0,0.55233216,0.0,0.90607876,0.0,1.6907966,0.0,0.0,0.0,0.55233216,0.55233216,0.55233216,0.0,1.5446861,0.0,0.90607876,5.7714043,0.0,0.0,0.55233216,0.0,2.2872279,0.90607876,0.0,0.0,1.1668627,1.373513,0.55233216,1.373513,0.55233216,0.0,0.55233216,0.55233216,0.90607876,0.0,0.0,0.0,1.5446861,0.0,0.0,0.0,1.1668627,0.0,0.55233216,0.0,1.6907966,0.0,1.1668627,0.90607876,0.55233216,0.55233216,0.0,0.0,0.0,1.373513,0.0,0.55233216,0.90607876,0.0,2.0328345,0.0,0.0,0.90607876,0.0,0.55233216,1.6907966,0.0,0.0,0.0,0.90607876,0.55233216,0.0,1.373513,2.1250122,0.90607876,0.55233216,0.0,0.55233216,0.90607876,0.0,0.0,0.0,0.0,1.6907966,0.0,0.0,0.55233216,0.0,1.1668627,0.0,0.55233216,0.0,2.9282668,0.55233216,3.7090302,0.90607876,0.55233216,0.55233216,0.0
0.0,0.78102624,0.78102624,0.0,0.0,0.0,0.78102624,0.0,0.0,0.0,0.0,0.0,0.0,0.0,0.46490067,0.78102624,0.46490067,6.8076744,0.0,0.78102624,0.0,0.0,1.8447795,0.78102624,0.0,0.0,0.46490067,0.46490067,0.0,2.0921445,0.78102624,0.0,0.46490067,0.0,0.78102624,0.0,0.0,0.0,1.5153769,0.78102624,0.0,0.46490067,0.0,0.46490067,0.0,0.46490067,1.6376351,0.0,0.46490067,0.0,0.0,0.78102624,0.0,0.0,0.0,0.78102624,0.0,0.0,0.0,0.0,2.2285063,0.0,0.0,0.0,0.46490067,0.0,1.2141482,0.0,0.0,0.0,1.0208554,0.0,0.46490067,0.0,1.7465613,0.46490067,0.46490067,0.0,0.0,0.0,0.0,0.0,0.0,0.0,2.290294,0.46490067,0.0,1.0208554,0.0,0.0,0.0,0.46490067,0.46490067,2.6818902,0.0,3.2526183,1.3760623,0.0,0.0,0.0
0.0,0.93464607,0.0,0.0,0.0,0.0,0.0,1.7296954,0.0,0.0,0.0,0.0,0.0,0.93464607,1.4091864,0.0,0.0,6.5984435,0.0,0.0,0.0,0.93464607,2.166944,0.93464607,1.4091864,0.0,0.0,1.4091864,0.93464607,0.93464607,0.0,0.0,0.0,0.0,0.0,0.0,0.0,0.0,2.166944,0.0,0.0,0.0,1.7296954,0.0,0.0,0.0,0.93464607,0.0,0.0,0.0,0.93464607,1.4091864,0.0,0.0,0.0,1.4091864,0.0,0.0,0.0,0.0,2.166944,0.93464607,0.93464607,1.4091864,0.0,1.4091864,0.93464607,0.93464607,0.0,0.0,0.0,0.0,0.93464607,0.0,2.3299932,0.0,0.93464607,0.93464607,0.0,0.0,0.0,0.0,0.93464607,0.0,0.93464607,0.0,0.93464607,0.0,0.0,1.4091864,0.0,1.4091864,0.0,3.6405158,0.0,3.186133,1.7296954,0.0,0.0,0.0
0.85425305,1.106722,0.85425305,0.0,0.0,0.0,0.0,0.0,0.0,0.0,0.85425305,0.0,0.5156993,0.0,0.85425305,0.5156993,0.0,7.236399,0.0,0.0,0.0,0.0,2.2795746,1.106722,0.5156993,0.5156993,0.0,0.5156993,1.3081267,1.8560597,1.106722,0.0,1.3081267,0.0,1.3081267,0.0,0.0,0.0,1.4756886,0.0,0.5156993,0.85425305,1.4756886,0.0,0.0,0.5156993,1.7446095,0.0,0.0,0.0,0.0,0.0,0.0,0.0,0.5156993,0.5156993,0.0,0.85425305,0.0,0.85425305,2.3463466,0.0,0.0,1.106722,0.85425305,0.0,1.9563249,0.5156993,0.0,0.85425305,0.85425305,0.0,0.5156993,0.85425305,2.408938,1.3081267,0.0,1.106722,0.0,0.85425305,0.0,1.106722,0.5156993,0.85425305,1.6191617,0.5156993,0.5156993,0.85425305,0.5156993,1.106722,0.0,1.106722,0.85425305,2.804609,0.5156993,4.7855434,1.106722,0.0,0.0,0.0
0.4144631,0.706614,0.4144631,0.0,0.0,0.0,0.4144631,0.706614,0.0,0.706614,0.706614,0.0,0.4144631,0.4144631,0.706614,0.706614,0.9324293,5.4157057,0.0,1.5249482,0.0,0.0,1.9688863,0.0,0.0,0.4144631,0.0,0.4144631,1.5249482,1.8141044,0.0,0.0,0.9324293,2.3266964,0.706614,0.0,0.0,0.4144631,1.7266912,0.9324293,0.706614,0.0,0.4144631,0.0,0.0,0.9324293,1.9688863,0.0,1.5249482,0.0,0.0,0.706614,0.0,0.0,0.4144631,0.4144631,0.0,0.0,0.0,0.0,1.9688863,0.0,0.4144631,0.4144631,0.0,0.706614,1.4064271,0.4144631,0.0,0.4144631,0.4144631,0.0,1.2719462,0.4144631,2.0381315,0.4144631,1.116528,0.0,0.0,0.9324293,0.4144631,0.9324293,0.4144631,0.4144631,2.2752638,0.4144631,0.4144631,0.4144631,0.4144631,0.706614,0.0,1.2719462,0.4144631,3.0700192,0.0,2.9156587,0.4144631,0.0,0.4144631,0.0
0.0,0.0,0.0,1.083187,1.368924,0.0,0.6816006,0.0,0.0,0.0,1.083187,0.0,0.6816006,0.0,0.0,0.0,1.7724403,4.81324,0.0,0.0,0.6816006,0.0,1.5908988,0.0,0.0,0.6816006,0.0,0.0,0.0,0.6816006,0.6816006,0.0,0.6816006,0.0,0.0,0.0,0.6816006,0.0,1.7724403,0.6816006,0.0,0.0,0.6816006,0.0,0.0,0.0,1.368924,0.0,0.0,0.0,0.6816006,1.083187,0.0,0.0,0.0,0.6816006,0.0,0.0,0.0,0.0,1.5908988,1.368924,0.0,0.6816006,0.0,0.0,2.0591466,0.6816006,0.0,1.083187,1.083187,0.6816006,2.3768013,0.0,2.5435274,0.0,0.0,0.0,0.6816006,1.083187,0.6816006,0.0,1.083187,0.0,1.7724403,1.5908988,0.0,1.083187,0.6816006,0.0,0.0,0.6816006,0.0,2.463635,0.0,2.3768013,0.6816006,0.6816006,0.6816006,1.083187
0.0,1.3927034,0.0,1.3927034,2.4056585,0.0,0.6974244,0.6974244,0.0,0.0,0.0,0.0,0.0,0.6974244,0.6974244,0.0,1.7988782,4.1672864,1.1043112,0.6974244,0.0,0.0,2.0869148,0.6974244,0.0,0.6974244,0.0,0.0,1.3927034,0.0,0.0,0.0,0.0,0.6974244,0.0,0.6974244,1.1043112,0.6974244,1.6162727,0.6974244,0.0,0.0,0.0,0.6974244,0.0,0.6974244,1.7988782,0.0,0.6974244,0.0,0.0,0.0,0.0,0.0,0.0,0.0,0.0,0.0,0.0,0.0,0.0,1.3927034,0.0,1.1043112,0.0,0.0,0.0,0.6974244,0.0,0.0,0.0,0.6974244,1.6162727,0.6974244,0.6974244,0.0,0.6974244,0.0,0.0,0.0,0.0,0.0,0.0,0.0,2.0869148,0.6974244,0.0,0.0,0.0,0.0,0.0,0.0,0.6974244,2.7805936,0.0,2.5728316,1.1043112,0.6974244,0.0,0.0
0.9070905,0.9070905,1.6921811,0.0,0.0,0.9070905,0.9070905,0.0,0.9070905,0.0,0.0,0.0,1.6921811,0.0,1.3747808,0.0,0.0,6.908755,0.0,0.0,0.0,0.0,2.1265068,0.9070905,0.0,0.9070905,0.0,0.0,0.0,2.7581758,0.0,0.0,1.3747808,0.0,1.3747808,0.0,0.0,0.9070905,1.3747808,0.0,0.0,2.1265068,1.6921811,0.0,1.3747808,0.0,2.1265068,0.0,1.3747808,0.0,0.0,0.0,0.0,0.0,0.9070905,1.3747808,0.0,0.9070905,0.0,1.3747808,2.8477051,1.3747808,0.0,2.1265068,0.0,0.9070905,0.9070905,0.0,0.0,0.9070905,0.0,0.9070905,0.0,0.0,0.0,2.1265068,0.0,0.0,0.0,0.9070905,0.0,0.0,1.3747808,0.0,2.1265068,0.0,0.0,1.3747808,2.1265068,1.3747808,1.3747808,0.0,0.0,3.6356797,0.0,3.5114353,3.5114353,0.0,0.9070905,0.9070905
0.0,0.0,0.0,0.0,0.0,0.0,1.3324131,0.0,0.0,0.0,0.8734205,0.0,1.3324131,0.0,0.8734205,0.8734205,0.0,6.5288258,0.0,0.0,0.0,0.0,1.6458216,1.6458216,0.0,0.0,1.3324131,0.0,1.3324131,2.0763676,1.3324131,0.0,0.0,0.0,1.884089,0.0,0.0,0.0,2.0763676,0.0,1.3324131,0.8734205,0.8734205,0.0,0.0,0.0,1.6458216,0.0,0.0,0.0,0.8734205,0.0,0.0,0.0,0.0,0.8734205,0.0,0.0,0.0,0.8734205,2.0763676,0.0,0.8734205,1.884089,0.0,1.3324131,0.8734205,0.0,1.3324131,0.8734205,0.0,0.8734205,0.8734205,0.8734205,1.884089,0.8734205,0.0,0.0,0.0,0.0,0.0,0.8734205,0.8734205,0.0,1.6458216,0.0,0.0,0.8734205,0.0,1.6458216,0.0,1.884089,0.0,2.7939823,0.0,3.7577682,2.0763676,0.8734205,0.0,0.8734205
1.1804407,1.1804407,0.0,0.0,0.0,0.0,1.706858,0.0,1.1804407,0.0,0.0,0.0,0.0,0.0,0.0,0.0,0.0,6.057598,0.0,0.0,0.0,0.0,1.1804407,1.706858,0.0,0.0,0.0,0.0,0.0,1.706858,1.1804407,0.0,0.0,0.0,1.1804407,1.1804407,0.0,0.0,2.304906,0.0,1.1804407,0.0,0.0,1.1804407,1.1804407,0.0,1.1804407,0.0,0.0,0.0,0.0,0.0,0.0,1.1804407,0.0,0.0,0.0,0.0,0.0,0.0,2.049939,0.0,1.1804407,2.049939,1.1804407,1.706858,0.0,0.0,0.0,0.0,0.0,0.0,0.0,0.0,0.0,0.0,0.0,0.0,0.0,1.1804407,0.0,0.0,1.1804407,0.0,2.6765494,0.0,0.0,1.706858,0.0,0.0,1.1804407,0.0,0.0,3.9245007,1.1804407,2.9468818,3.9680934,0.0,1.1804407,0.0
0.0,1.8580551,0.0,0.0,1.3098526,0.0,0.0,0.0,1.3098526,0.0,0.0,0.0,0.0,0.0,1.3098526,0.0,0.0,5.769146,0.0,0.0,0.0,0.0,0.0,1.3098526,0.0,0.0,1.3098526,0.0,0.0,1.8580551,1.3098526,0.0,0.0,0.0,0.0,1.3098526,0.0,0.0,0.0,0.0,0.0,0.0,1.3098526,0.0,0.0,0.0,0.0,0.0,0.0,0.0,0.0,0.0,0.0,0.0,0.0,1.3098526,0.0,0.0,0.0,0.0,2.210128,0.0,1.3098526,1.3098526,0.0,1.3098526,0.0,0.0,0.0,0.0,0.0,0.0,0.0,0.0,1.3098526,2.4700055,0.0,0.0,0.0,0.0,1.3098526,0.0,0.0,0.0,1.8580551,0.0,0.0,1.8580551,0.0,0.0,2.210128,1.3098526,0.0,3.4262772,1.3098526,4.4087763,2.210128,0.0,1.3098526,0.0
0.0,1.0887983,0.0,0.50494885,0.50494885,0.0,0.50494885,0.0,0.0,0.0,0.0,0.0,0.50494885,1.0887983,0.50494885,0.0,0.0,5.3308325,0.0,0.50494885,0.0,0.0,0.83889186,0.50494885,0.0,0.0,0.50494885,1.0887983,0.83889186,1.8334141,1.0887983,0.0,0.83889186,0.0,1.0887983,0.50494885,0.50494885,0.0,2.1841178,0.50494885,0.83889186,0.0,0.50494885,0.50494885,0.0,0.0,1.7224638,0.0,0.0,0.0,0.0,0.0,0.0,0.0,0.50494885,0.50494885,0.0,0.0,0.0,0.50494885,1.8334141,0.0,0.0,2.3844886,0.0,1.0887983,1.0887983,0.50494885,0.0,0.0,0.0,0.50494885,0.0,0.50494885,0.0,0.0,0.50494885,0.50494885,0.50494885,0.0,0.83889186,0.0,0.50494885,0.0,1.7224638,0.0,0.50494885,0.0,0.0,0.83889186,1.0887983,1.2885721,0.50494885,3.6144128,0.83889186,4.712762,1.4550047,0.50494885,0.83889186,0.0
0.0,1.8072027,0.0,0.0,0.0,0.0,0.992434,0.992434,0.0,0.0,0.0,0.0,0.992434,0.0,0.0,0.0,0.0,5.626686,0.992434,0.0,0.0,0.0,0.0,0.992434,0.0,0.0,0.992434,0.0,0.0,3.0621524,1.4806008,0.0,0.0,0.0,0.992434,2.2501295,0.992434,0.0,1.8072027,0.992434,0.0,0.0,0.992434,0.992434,0.0,0.0,0.0,0.0,0.992434,0.0,0.0,0.0,0.0,0.992434,0.0,1.8072027,0.0,0.0,0.0,0.0,2.6798115,0.0,0.0,2.5560288,0.992434,0.0,0.992434,0.0,0.0,0.992434,0.0,0.0,0.0,0.992434,0.0,0.0,0.0,0.0,0.0,0.0,0.0,0.0,0.992434,0.0,1.4806008,0.0,0.0,1.4806008,0.0,0.0,0.0,0.0,0.0,4.232826,0.0,2.4147305,1.4806008,0.0,0.992434,0.0
0.5614002,1.8360759,0.0,0.0,0.0,0.0,0.918788,0.918788,0.0,0.0,0.0,0.0,0.918788,0.5614002,0.0,0.5614002,0.0,4.241822,0.0,0.918788,0.0,0.0,0.5614002,0.0,0.0,0.0,0.0,0.0,0.5614002,2.0513158,2.776488,0.0,0.5614002,0.0,0.0,0.5614002,0.0,0.0,2.0513158,0.5614002,0.0,0.0,0.0,0.918788,0.0,0.0,1.5614293,0.0,0.918788,0.0,0.918788,0.0,0.0,0.5614002,0.0,0.918788,0.5614002,0.0,0.0,0.918788,1.5614293,0.0,0.0,3.192404,0.0,1.181536,0.5614002,0.5614002,0.0,0.0,1.389415,0.0,0.0,0.5614002,0.0,0.5614002,0.0,0.0,0.0,0.0,0.0,0.0,0.0,0.0,1.8360759,0.0,0.5614002,1.389415,0.918788,0.0,0.918788,2.678021,0.0,4.324919,0.0,2.0513158,1.181536,0.0,1.181536,0.0
0.98454225,2.1453042,0.60883754,0.0,0.0,0.0,0.98454225,0.98454225,0.0,0.0,0.60883754,0.98454225,0.98454225,0.0,0.0,1.2570053,0.0,4.525845,0.0,0.0,0.60883754,0.60883754,0.60883754,0.0,0.0,0.0,1.2570053,0.0,0.60883754,3.009672,2.3244665,0.98454225,1.4709051,0.0,0.60883754,1.4709051,0.0,0.0,0.60883754,0.60883754,0.0,0.60883754,0.0,0.98454225,0.0,0.0,0.60883754,0.0,1.6470162,0.98454225,0.60883754,0.0,0.0,0.60883754,0.60883754,1.6470162,1.2570053,0.0,0.0,1.4709051,2.2388923,0.98454225,0.60883754,3.612177,0.60883754,0.0,0.98454225,0.0,0.0,0.0,0.0,0.0,0.0,0.0,0.0,1.9268806,0.0,0.60883754,0.60883754,0.0,0.0,0.60883754,1.4709051,0.0,1.4709051,0.0,0.60883754,1.6470162,0.60883754,0.0,0.60883754,3.2638032,0.60883754,4.4794083,0.0,3.009672,2.0420442,0.0,1.2570053,0.0
0.0,0.0,0.0,0.0,0.0,0.0,0.0,1.1943758,0.0,0.0,0.0,0.0,0.0,0.0,0.0,0.0,1.1943758,4.4290752,0.0,0.0,0.0,1.1943758,1.1943758,1.1943758,0.0,0.0,1.1943758,0.0,0.0,2.3229742,1.7233007,0.0,1.1943758,0.0,0.0,1.1943758,0.0,0.0,1.1943758,1.7233007,0.0,0.0,1.1943758,1.1943758,0.0,0.0,1.1943758,0.0,1.1943758,0.0,0.0,0.0,0.0,0.0,0.0,1.1943758,0.0,0.0,0.0,1.7233007,2.3229742,1.7233007,0.0,2.3229742,0.0,1.1943758,1.1943758,0.0,0.0,0.0,0.0,0.0,0.0,0.0,0.0,0.0,0.0,1.1943758,0.0,0.0,0.0,1.1943758,0.0,0.0,1.1943758,0.0,0.0,0.0,1.1943758,0.0,0.0,2.0674307,0.0,4.1811624,0.0,1.7233007,0.0,0.0,0.0,0.0
0.0,0.0,0.0,0.0,1.297927,0.0,0.0,0.0,0.0,1.297927,0.0,0.0,0.0,0.0,1.297927,0.0,1.297927,4.725539,0.0,0.0,0.0,0.0,0.0,1.297927,0.0,0.0,0.0,0.0,0.0,0.0,0.0,0.0,0.0,0.0,1.297927,1.297927,1.297927,0.0,1.8442564,0.0,0.0,0.0,0.0,0.0,0.0,1.297927,1.8442564,0.0,0.0,0.0,0.0,0.0,0.0,0.0,0.0,0.0,1.297927,0.0,0.0,2.1955671,2.9771552,0.0,0.0,3.104299,0.0,0.0,0.0,0.0,0.0,0.0,0.0,0.0,1.297927,0.0,1.297927,0.0,0.0,0.0,0.0,0.0,0.0,0.0,1.297927,0.0,1.8442564,0.0,1.297927,1.297927,1.297927,0.0,0.0,2.1955671,0.0,3.4946992,0.0,3.4104438,2.6608531,1.297927,0.0,1.297927
0.0,0.0,0.0,0.0,0.0,0.0,0.0,1.1083055,0.0,0.0,0.0,0.0,0.0,0.0,0.0,1.1083055,0.0,4.9631624,0.0,1.1083055,0.0,0.0,1.1083055,0.0,0.0,0.0,0.0,0.0,1.1083055,1.9583555,0.0,0.0,1.1083055,0.0,0.0,0.0,0.0,0.0,2.5783458,0.0,1.1083055,0.0,0.0,0.0,0.0,0.0,1.9583555,0.0,0.0,0.0,0.0,0.0,0.0,0.0,0.0,1.1083055,1.6210585,0.0,0.0,0.0,3.3813038,0.0,0.0,1.6210585,0.0,1.9583555,0.0,0.0,0.0,0.0,1.1083055,0.0,0.0,1.1083055,0.0,1.1083055,0.0,1.1083055,0.0,0.0,0.0,0.0,1.6210585,0.0,0.0,1.1083055,0.0,0.0,0.0,0.0,1.1083055,1.1083055,0.0,3.7277255,0.0,3.7277255,0.0,1.1083055,1.1083055,0.0
0.0,0.0,0.0,0.0,0.0,0.0,0.0,0.0,0.0,0.0,1.255807,0.0,0.0,0.0,0.0,1.255807,0.0,5.037932,0.0,0.0,0.0,0.0,0.0,1.255807,0.0,0.0,0.0,1.255807,0.0,1.79531,0.0,0.0,1.255807,1.255807,0.0,0.0,0.0,0.0,2.401768,0.0,0.0,0.0,0.0,0.0,0.0,0.0,1.255807,0.0,1.255807,0.0,0.0,0.0,0.0,0.0,0.0,1.79531,1.255807,0.0,0.0,0.0,3.4381092,0.0,0.0,1.255807,0.0,1.79531,0.0,0.0,0.0,0.0,0.0,0.0,0.0,0.0,1.255807,0.0,1.255807,0.0,0.0,0.0,0.0,0.0,1.255807,0.0,2.143825,0.0,1.255807,1.255807,0.0,0.0,0.0,0.0,0.0,3.7769222,0.0,3.1610787,1.255807,1.255807,0.0,0.0
0.0,0.0,0.0,0.0,0.0,0.0,0.0,0.0,0.0,0.0,0.0,0.0,0.0,0.0,0.0,1.2977335,0.0,4.8368096,1.2977335,0.0,0.0,0.0,0.0,0.0,1.2977335,0.0,1.8440324,0.0,0.0,1.8440324,0.0,0.0,0.0,1.2977335,0.0,0.0,0.0,0.0,1.2977335,1.2977335,0.0,0.0,0.0,0.0,0.0,0.0,1.8440324,0.0,0.0,0.0,0.0,0.0,0.0,0.0,0.0,1.8440324,0.0,1.2977335,0.0,0.0,2.6606057,0.0,0.0,1.8440324,0.0,1.2977335,0.0,1.2977335,0.0,0.0,0.0,0.0,0.0,0.0,1.2977335,1.8440324,0.0,0.0,0.0,0.0,0.0,0.0,1.2977335,1.2977335,1.8440324,1.2977335,1.2977335,1.2977335,0.0,0.0,0.0,1.2977335,1.2977335,3.5721452,0.0,2.8312078,2.1953306,0.0,0.0,0.0
0.0,2.0000975,0.0,0.0,0.0,0.0,0.0,0.0,0.0,0.0,1.1410092,0.0,1.1410092,0.0,0.0,0.0,1.1410092,4.824592,0.0,0.0,0.0,0.0,1.1410092,0.0,0.0,0.0,0.0,0.0,0.0,1.1410092,0.0,0.0,0.0,0.0,0.0,0.0,0.0,0.0,2.6231859,1.1410092,0.0,0.0,0.0,0.0,0.0,1.1410092,2.8925586,0.0,0.0,0.0,0.0,0.0,0.0,0.0,1.1410092,0.0,0.0,0.0,0.0,1.1410092,3.004163,0.0,0.0,2.455274,0.0,1.6601027,1.1410092,1.6601027,0.0,0.0,0.0,0.0,0.0,0.0,1.1410092,0.0,1.1410092,0.0,0.0,1.1410092,0.0,0.0,1.1410092,0.0,1.1410092,0.0,0.0,0.0,0.0,0.0,0.0,1.1410092,0.0,3.9117887,0.0,2.455274,1.6601027,1.1410092,1.1410092,0.0
0.0,0.0,0.69460034,0.0,0.0,0.0,0.0,0.69460034,0.69460034,0.0,0.0,0.0,0.0,0.69460034,0.0,0.69460034,0.69460034,4.8391633,0.69460034,1.1005495,0.0,0.0,1.1005495,0.0,0.0,0.0,0.0,0.0,0.0,1.7941802,0.0,0.0,1.3884734,1.611762,0.69460034,0.0,0.0,0.0,2.081983,1.1005495,0.69460034,0.0,0.0,0.0,0.69460034,0.0,2.3051991,0.0,0.0,0.0,0.0,0.0,0.0,0.0,0.0,1.1005495,0.0,1.1005495,0.0,0.69460034,2.5676305,0.0,0.0,1.611762,0.0,0.69460034,0.0,0.0,0.0,0.0,0.0,0.0,0.0,0.0,0.0,0.69460034,1.1005495,0.69460034,0.0,0.69460034,0.0,0.69460034,0.0,0.0,1.7941802,0.0,0.0,0.69460034,0.0,0.0,0.0,1.1005495,0.69460034,3.640414,0.0,1.7941802,0.69460034,0.69460034,0.0,1.1005495
0.0,0.0,1.4331372,0.0,0.0,0.0,0.0,0.0,0.0,0.0,1.4331372,1.4331372,0.0,0.0,0.0,0.0,1.4331372,4.5721807,0.0,0.0,0.0,0.0,0.0,0.0,0.0,0.0,0.0,0.0,1.4331372,1.4331372,1.4331372,0.0,0.0,1.4331372,0.0,0.0,0.0,0.0,1.9992691,1.4331372,0.0,0.0,0.0,0.0,0.0,0.0,1.4331372,0.0,0.0,0.0,0.0,0.0,0.0,0.0,0.0,1.9992691,0.0,0.0,0.0,0.0,2.3585389,1.4331372,0.0,2.3585389,0.0,0.0,0.0,1.4331372,0.0,0.0,0.0,0.0,1.4331372,0.0,1.9992691,0.0,0.0,1.4331372,0.0,0.0,0.0,0.0,0.0,0.0,1.9992691,0.0,0.0,0.0,0.0,0.0,0.0,0.0,0.0,4.0682216,1.4331372,1.9992691,0.0,0.0,0.0,0.0
0.0,0.0,0.562048,0.0,0.562048,0.562048,0.9196942,0.562048,0.0,0.0,0.0,0.9196942,0.562048,0.0,0.9196942,0.0,0.0,4.8846297,0.0,0.9196942,0.0,0.562048,0.0,0.0,0.562048,0.562048,0.0,0.0,0.0,1.9507687,1.1825811,0.0,0.0,0.0,0.562048,0.562048,0.562048,0.562048,2.0526297,0.0,0.0,0.0,0.0,0.0,0.0,0.0,1.7093863,0.0,0.0,0.0,0.0,0.0,0.0,0.0,0.0,0.562048,0.9196942,1.3905469,0.0,0.9196942,2.4475217,0.0,0.0,1.3905469,0.0,1.1825811,0.9196942,0.9196942,0.562048,0.0,0.0,0.562048,0.0,0.0,0.562048,0.562048,0.562048,0.0,0.0,0.562048,0.562048,0.0,0.0,0.0,1.1825811,0.0,0.0,0.9196942,0.0,1.1825811,0.0,0.562048,0.9196942,3.3641074,0.562048,1.8373431,1.5626205,0.0,0.0,0.562048
0.0,0.59382313,0.0,0.0,0.0,0.0,0.340357,0.0,0.0,0.0,0.340357,0.0,0.340357,0.340357,0.0,0.340357,0.0,4.11098,0.340357,0.340357,0.0,0.0,0.59382313,0.340357,0.0,0.0,0.0,0.0,0.79586065,1.2333457,0.79586065,0.0,0.340357,1.9575194,0.9638599,0.0,0.0,0.340357,2.0659304,0.79586065,0.0,0.0,0.340357,0.0,0.0,0.340357,1.7690691,0.0,0.59382313,0.0,0.0,0.0,0.0,0.0,0.340357,0.340357,0.340357,0.79586065,0.0,0.0,2.4459648,0.0,0.340357,1.2333457,0.0,1.1076534,0.59382313,0.79586065,0.340357,0.340357,0.0,0.0,0.0,0.9638599,0.9638599,0.0,0.340357,0.0,0.0,0.59382313,0.0,0.59382313,0.0,0.0,1.8985624,0.0,0.340357,0.9638599,0.0,0.340357,0.59382313,0.9638599,0.0,3.182652,0.340357,1.3449891,0.79586065,0.0,0.0,0.0
1.2510988,1.4645448,0.6050771,0.0,0.0,0.0,0.6050771,1.7898177,0.0,0.0,0.0,0.0,0.6050771,0.6050771,0.0,0.0,0.0,5.313347,0.0,0.0,0.0,0.9793732,0.9793732,0.6050771,0.0,0.6050771,0.0,0.6050771,1.2510988,2.13801,1.6403487,0.0,0.0,0.0,0.6050771,0.9793732,0.0,0.0,1.7898177,0.0,0.9793732,0.6050771,0.0,0.9793732,0.6050771,0.0,1.7898177,0.6050771,0.9793732,0.6050771,0.9793732,0.0,0.0,0.6050771,0.0,1.2510988,0.0,0.0,0.0,1.4645448,2.2315116,0.0,0.6050771,3.0812142,0.6050771,0.6050771,0.9793732,0.0,0.0,0.0,0.0,0.0,0.0,0.0,0.6050771,1.2510988,0.6050771,0.6050771,0.0,0.0,0.0,0.6050771,1.4645448,0.0,1.4645448,0.0,0.6050771,0.6050771,1.2510988,0.0,1.2510988,1.7898177,0.0,4.283584,1.4645448,3.0018163,0.9793732,0.0,0.9793732,0.0
0.0,0.48259306,0.0,1.2473431,0.0,0.8067173,0.8067173,0.48259306,0.0,0.48259306,0.0,0.0,0.48259306,0.8067173,0.0,0.0,1.0511053,4.1630554,0.0,0.0,0.0,0.0,1.2473431,0.48259306,0.0,0.48259306,0.0,1.0511053,0.0,2.204257,1.2473431,0.48259306,0.48259306,0.48259306,0.48259306,0.8067173,0.8067173,0.48259306,0.8067173,1.4113168,0.48259306,0.0,0.0,0.0,0.48259306,0.0,1.0511053,0.0,0.0,0.0,0.48259306,0.0,0.0,0.0,0.48259306,0.48259306,0.0,0.0,0.0,0.0,3.0070868,0.48259306,0.48259306,1.8844047,0.0,0.0,0.48259306,0.8067173,0.0,0.0,0.0,0.0,0.8067173,0.0,0.0,0.48259306,0.0,0.0,0.0,0.0,0.0,0.0,0.48259306,0.0,1.4113168,0.0,0.48259306,0.48259306,1.0511053,0.0,0.48259306,1.5521525,0.48259306,3.3642626,0.8067173,1.5521525,0.8067173,0.8067173,0.48259306,0.0
0.0,0.8343304,0.8343304,0.0,0.0,0.0,1.2827495,1.2827495,0.0,0.0,0.8343304,0.0,0.8343304,0.8343304,0.0,0.0,0.0,4.716515,0.0,0.0,0.0,0.0,1.591236,1.2827495,0.0,0.8343304,0.8343304,0.0,0.0,1.8266575,1.591236,0.0,0.8343304,0.0,0.8343304,0.8343304,0.0,0.0,2.6413913,0.0,0.0,0.0,1.2827495,0.8343304,0.0,0.0,0.8343304,0.0,1.591236,0.0,0.8343304,0.0,0.0,0.8343304,0.0,1.2827495,0.8343304,0.0,0.0,0.0,3.1422372,0.0,0.0,2.5439174,0.0,0.8343304,0.0,0.8343304,0.0,0.0,0.0,0.0,0.0,0.8343304,1.2827495,1.2827495,0.8343304,0.0,0.0,0.0,0.8343304,1.2827495,0.8343304,0.0,1.591236,0.8343304,0.0,0.8343304,0.8343304,0.0,0.0,1.2827495,0.0,3.5520585,0.0,2.5439174,0.8343304,0.0,1.2827495,0.0
1.0040656,1.0040656,0.62308836,0.0,0.0,0.0,0.0,0.0,0.62308836,0.62308836,0.0,0.0,0.0,0.0,0.0,0.62308836,0.0,4.3337154,0.0,1.2792752,0.0,0.0,2.4315176,0.0,0.0,0.0,1.0040656,0.0,1.0040656,1.8226228,0.62308836,0.62308836,1.0040656,0.62308836,0.62308836,0.62308836,0.0,0.0,1.953417,1.6721102,0.0,0.62308836,0.62308836,0.0,0.62308836,0.0,1.4948598,0.0,1.2792752,0.62308836,0.0,0.0,0.0,0.0,0.0,0.0,0.0,0.0,1.0040656,0.62308836,2.906549,0.0,0.0,2.266624,0.0,0.62308836,1.0040656,0.0,0.0,1.0040656,0.0,0.0,0.0,0.0,0.0,0.62308836,1.0040656,0.0,0.0,0.0,0.62308836,0.0,1.0040656,0.62308836,0.62308836,0.62308836,0.0,1.6721102,0.62308836,1.0040656,0.0,1.0040656,0.0,3.1186996,0.0,1.953417,0.0,0.0,0.0,0.62308836
0.0,0.0,0.0,0.0,1.138551,0.0,1.138551,1.138551,0.0,0.0,0.0,1.138551,0.0,0.0,1.138551,1.138551,0.0,5.257504,0.0,1.138551,0.0,0.0,1.996973,0.0,0.0,0.0,0.0,0.0,0.0,0.0,1.138551,0.0,1.138551,0.0,1.996973,0.0,0.0,0.0,1.996973,0.0,0.0,1.138551,0.0,0.0,0.0,0.0,1.138551,0.0,1.138551,0.0,0.0,0.0,0.0,1.138551,1.138551,2.4519706,0.0,1.138551,1.138551,0.0,3.1923122,0.0,0.0,2.2501295,0.0,1.996973,1.6571765,0.0,0.0,1.138551,0.0,0.0,0.0,0.0,0.0,0.0,0.0,0.0,0.0,0.0,1.138551,0.0,1.138551,0.0,1.6571765,0.0,0.0,1.138551,0.0,0.0,0.0,1.996973,0.0,3.2758946,1.138551,2.2501295,1.6571765,0.0,0.0,0.0
0.0,1.5330753,0.7933546,0.0,0.7933546,0.0,0.0,0.0,0.0,0.0,0.0,0.0,0.7933546,0.0,0.0,0.7933546,0.7933546,5.6286035,0.0,0.7933546,0.0,0.0,1.2301085,0.0,0.0,0.0,0.7933546,1.2301085,0.0,1.953595,1.5330753,0.0,1.2301085,0.0,0.0,0.0,0.0,0.0,2.2487204,1.5330753,0.0,0.0,0.7933546,0.0,0.0,0.0,1.5330753,0.0,1.2301085,0.7933546,1.2301085,0.0,0.0,0.0,0.0,0.7933546,0.7933546,0.0,0.0,0.7933546,2.8178253,0.0,0.0,2.4763033,0.0,0.7933546,0.7933546,0.0,0.0,0.0,0.7933546,0.0,0.0,0.7933546,0.0,1.5330753,1.2301085,0.0,0.0,0.7933546,0.0,0.0,1.5330753,0.0,0.7933546,0.0,0.0,0.7933546,0.7933546,0.0,1.2301085,0.7933546,0.7933546,3.6196368,0.0,3.071934,2.573223,1.5330753,0.7933546,0.7933546
0.0,1.3427746,1.3427746,0.0,0.0,0.0,1.3427746,0.0,0.0,0.0,1.3427746,0.0,0.0,0.0,1.3427746,0.0,1.3427746,5.638838,0.0,0.0,0.0,0.0,1.3427746,0.0,0.0,0.0,0.0,0.0,0.0,1.8960158,0.0,0.0,0.0,0.0,1.3427746,0.0,0.0,1.3427746,0.0,0.0,1.3427746,0.0,0.0,0.0,0.0,0.0,1.8960158,0.0,0.0,0.0,0.0,1.3427746,0.0,0.0,0.0,1.8960158,0.0,0.0,0.0,1.3427746,2.2501295,0.0,0.0,2.2501295,0.0,1.3427746,1.3427746,0.0,0.0,0.0,0.0,0.0,0.0,0.0,0.0,0.0,0.0,0.0,0.0,0.0,0.0,0.0,1.3427746,0.0,2.2501295,0.0,0.0,1.3427746,0.0,1.3427746,0.0,1.3427746,1.3427746,3.893943,0.0,4.1013656,3.0353174,0.0,0.0,0.0
1.2366891,0.0,0.0,0.0,0.0,0.0,0.96677876,1.449016,0.0,0.0,0.0,0.0,0.96677876,0.0,0.0,1.2366891,0.0,5.7592654,0.5959369,0.5959369,0.0,0.0,2.2134593,1.2366891,0.0,0.0,0.96677876,1.2366891,0.0,3.2038507,1.7729813,0.0,0.0,0.0,0.96677876,1.449016,0.0,0.5959369,1.6240609,0.0,0.0,1.2366891,0.5959369,0.0,0.5959369,0.5959369,0.0,0.0,0.0,0.5959369,1.7729813,0.0,0.0,0.5959369,1.2366891,1.449016,1.449016,0.0,0.0,0.0,2.581803,0.0,0.0,2.80214,0.5959369,0.5959369,1.2366891,1.449016,0.0,0.5959369,0.0,0.0,0.0,0.0,0.5959369,0.0,0.5959369,0.0,0.0,0.5959369,1.2366891,0.5959369,0.96677876,0.0,1.6240609,0.0,0.5959369,1.449016,0.96677876,1.7729813,0.96677876,1.2366891,0.96677876,3.7696753,0.5959369,3.514205,1.449016,0.96677876,1.6240609,0.0
0.0,1.3309771,0.0,0.8722845,0.0,0.0,0.8722845,1.6442468,1.3309771,0.0,0.0,0.0,0.0,0.0,0.8722845,0.8722845,0.8722845,6.6512685,0.0,0.8722845,0.0,0.0,3.1475053,0.0,0.0,0.8722845,0.8722845,1.3309771,0.0,2.874041,0.0,0.0,0.0,0.0,2.7921503,1.3309771,0.0,0.0,0.8722845,0.0,0.8722845,0.0,1.8824346,0.0,0.0,0.8722845,1.3309771,0.0,0.0,0.0,1.3309771,0.0,0.0,0.8722845,1.3309771,1.6442468,0.0,0.0,0.0,0.0,2.7029505,0.8722845,0.8722845,1.3309771,0.8722845,0.0,2.0746613,0.0,0.0,0.8722845,0.0,0.0,0.0,0.0,0.0,0.0,0.0,0.0,0.0,0.0,0.8722845,0.8722845,0.8722845,0.0,1.6442468,0.0,0.0,1.6442468,1.3309771,1.3309771,0.8722845,0.8722845,0.0,3.4972498,0.0,5.0821652,3.0858264,0.8722845,0.0,0.0
0.0,1.4509516,0.9683466,0.597073,0.0,0.597073,0.9683466,0.0,0.0,0.0,0.0,0.0,1.4509516,0.0,0.0,1.2384844,0.9683466,6.44561,0.597073,0.0,0.0,0.597073,2.3010566,2.122398,0.597073,0.597073,0.0,2.122398,0.0,3.5869052,2.0194721,0.597073,1.2384844,0.0,2.122398,0.9683466,0.0,0.597073,0.9683466,0.597073,0.597073,0.9683466,1.6260917,0.0,1.6260917,0.0,1.2384844,0.0,0.0,0.9683466,0.597073,0.0,0.0,0.0,1.2384844,2.122398,0.0,0.0,0.597073,1.4509516,2.5205235,0.597073,0.9683466,2.2157118,0.0,0.597073,1.2384844,0.597073,0.0,0.597073,0.9683466,0.597073,0.0,0.0,0.0,1.7750812,0.0,0.0,0.597073,0.0,1.2384844,0.0,0.597073,0.0,1.4509516,0.0,0.597073,1.7750812,1.2384844,0.0,0.597073,0.597073,1.4509516,3.9906783,0.0,3.1726313,1.2384844,0.597073,0.597073,0.0
0.0,0.0,0.66521657,0.0,1.0611954,0.0,0.66521657,0.0,0.0,0.66521657,0.0,0.66521657,0.0,0.0,0.66521657,0.66521657,0.0,4.559034,0.0,1.3441004,0.0,0.0,2.5127602,0.0,0.0,0.0,0.0,0.66521657,0.0,2.0300388,0.0,0.0,0.0,0.0,0.66521657,0.0,0.66521657,0.0,1.5643666,0.0,0.0,0.0,1.0611954,0.0,0.0,0.0,1.3441004,0.0,0.0,0.0,0.0,0.0,0.0,0.0,0.0,1.3441004,0.0,1.0611954,0.0,0.0,2.5127602,0.66521657,0.66521657,1.0611954,0.66521657,1.5643666,1.0611954,0.66521657,0.0,0.0,0.66521657,0.0,0.66521657,0.66521657,1.5643666,0.66521657,1.0611954,0.0,0.0,0.66521657,0.0,0.66521657,0.66521657,0.0,1.8975403,1.0611954,0.0,0.0,0.0,0.0,0.0,0.66521657,0.0,2.9906309,0.0,2.6552656,3.3126404,0.66521657,0.0,0.0
0.0,1.1444266,1.4376907,0.0,0.7277032,0.0,0.0,0.7277032,1.1444266,0.0,0.0,0.0,0.7277032,0.0,1.6641685,1.1444266,0.0,6.4697657,0.7277032,0.7277032,0.0,0.0,1.8487067,0.7277032,0.0,0.0,0.7277032,1.4376907,0.0,2.4598622,0.0,0.0,0.0,0.0,1.1444266,0.0,0.7277032,0.0,1.1444266,0.7277032,0.0,0.0,1.1444266,0.0,0.0,0.0,1.4376907,0.0,0.7277032,0.0,0.0,0.7277032,0.0,0.0,0.0,0.7277032,0.7277032,0.7277032,0.7277032,0.7277032,2.3639512,0.7277032,0.0,1.4376907,0.0,1.4376907,2.1391528,0.0,0.0,0.7277032,0.0,0.0,0.0,0.7277032,1.8487067,0.0,0.7277032,0.0,0.0,0.0,0.0,1.1444266,1.1444266,0.0,1.8487067,0.0,0.0,1.1444266,0.0,0.7277032,0.0,0.7277032,0.0,3.5923839,0.0,2.8972988,4.2716694,1.1444266,0.0,0.7277032
0.0,1.0795168,0.0,0.0,1.5864791,0.0,1.5864791,0.0,1.0795168,0.0,1.0795168,0.0,1.0795168,0.0,0.0,1.0795168,1.0795168,6.811796,1.5864791,0.0,0.0,0.0,1.9212911,0.0,0.0,1.0795168,0.0,0.0,0.0,2.3717644,0.0,0.0,0.0,1.5864791,1.5864791,0.0,0.0,1.0795168,1.0795168,0.0,0.0,1.0795168,1.5864791,0.0,1.0795168,0.0,1.0795168,0.0,0.0,0.0,0.0,0.0,0.0,0.0,0.0,1.9212911,0.0,0.0,0.0,0.0,2.8061476,0.0,0.0,0.0,0.0,0.0,1.0795168,0.0,0.0,0.0,0.0,0.0,1.0795168,0.0,2.3717644,0.0,0.0,1.0795168,0.0,0.0,0.0,0.0,0.0,0.0,1.5864791,0.0,0.0,0.0,0.0,1.5864791,0.0,0.0,0.0,3.3395205,0.0,2.8061476,1.9212911,1.5864791,0.0,0.0
0.0,0.7891999,0.0,0.0,0.7891999,0.0,0.7891999,0.0,0.0,0.7891999,0.47051418,0.0,0.47051418,0.0,0.7891999,0.0,0.7891999,4.0513816,1.0304945,1.5271215,0.0,0.0,1.8574464,0.47051418,0.0,0.0,0.0,0.0,0.47051418,1.649758,0.7891999,0.0,0.0,0.47051418,0.47051418,0.0,0.47051418,0.47051418,1.0304945,1.3873153,0.0,0.0,0.0,0.0,0.0,0.0,1.649758,0.0,0.47051418,0.0,0.7891999,0.7891999,0.0,0.0,0.0,0.47051418,0.0,0.47051418,0.0,0.0,1.9470768,0.0,0.0,1.0304945,0.0,0.47051418,1.7589843,0.0,0.0,0.0,0.47051418,0.47051418,0.7891999,0.7891999,1.649758,0.47051418,1.2247362,0.0,0.47051418,0.7891999,0.47051418,0.0,0.0,0.0,2.1053293,0.47051418,0.47051418,0.47051418,0.0,0.7891999,0.47051418,0.47051418,0.0,3.0069761,0.0,1.7589843,1.5271215,0.7891999,0.0,0.0
0.0,1.0247715,0.46717852,0.0,0.0,0.0,0.0,0.0,0.0,0.0,0.7843455,0.0,0.0,0.0,0.46717852,0.46717852,0.0,5.683509,0.0,1.0247715,0.0,0.0,1.6425638,0.0,0.46717852,0.0,0.0,0.0,0.0,1.7516125,0.46717852,0.0,0.0,1.218451,0.7843455,0.0,0.7843455,0.0,1.3806361,0.7843455,0.46717852,0.0,1.3806361,0.0,0.46717852,0.0,1.3806361,0.0,0.0,0.46717852,0.0,1.0247715,0.0,0.0,0.46717852,0.7843455,0.46717852,0.0,0.0,0.0,1.218451,0.0,0.0,0.0,0.0,0.46717852,1.3806361,0.0,0.0,0.0,0.46717852,0.0,0.0,1.0247715,1.5201514,0.46717852,0.46717852,0.0,0.7843455,0.46717852,0.0,0.46717852,0.0,0.0,2.1680613,1.218451,0.0,0.46717852,0.0,0.0,0.46717852,1.6425638,0.0,3.4071405,0.0,2.5107563,1.7516125,1.3806361,0.7843455,0.0
0.7520421,1.4733851,0.0,0.44511127,0.44511127,0.0,0.0,0.0,0.0,0.0,0.0,0.0,0.0,0.0,0.44511127,0.9865596,0.44511127,3.5610602,0.0,0.7520421,0.0,0.0,1.7020737,0.44511127,0.0,0.0,0.0,0.0,1.1763926,0.7520421,0.44511127,0.0,0.0,0.44511127,0.9865596,0.0,0.0,1.1763926,1.7993927,0.9865596,0.0,0.0,0.44511127,0.0,0.0,0.7520421,2.1148846,0.44511127,0.7520421,0.0,0.0,0.0,0.44511127,0.0,0.0,0.7520421,0.0,0.0,0.0,0.44511127,1.5942526,0.7520421,0.0,0.44511127,0.44511127,0.44511127,0.7520421,1.1763926,0.0,0.0,0.0,0.44511127,0.44511127,0.7520421,0.7520421,0.44511127,0.44511127,0.0,0.0,0.7520421,0.0,0.44511127,0.0,0.0,2.2417684,0.7520421,0.7520421,0.0,0.0,0.0,0.44511127,0.7520421,0.0,3.15387,0.0,1.9695293,0.7520421,0.9865596,0.0,0.0
0.0,1.3881159,0.0,0.0,0.0,0.0,0.0,0.0,0.0,0.0,0.5606571,0.0,0.5606571,0.0,1.5600619,0.0,0.0,4.1494846,0.0,0.5606571,0.5606571,0.0,1.8346213,0.0,0.0,0.0,0.0,1.1803365,0.5606571,1.8346213,0.0,0.0,0.0,2.0498078,0.5606571,0.0,0.0,0.5606571,1.1803365,0.5606571,0.0,0.0,0.5606571,0.5606571,0.0,0.5606571,0.9177482,0.0,1.5600619,0.5606571,0.9177482,0.0,0.0,0.0,0.0,0.9177482,0.0,0.5606571,0.5606571,0.0,1.5600619,0.0,0.0,1.3881159,0.0,0.0,0.9177482,0.9177482,0.5606571,0.5606571,0.0,0.0,0.5606571,0.5606571,1.8346213,0.0,1.5600619,0.0,0.0,0.9177482,0.0,0.0,0.0,0.0,2.1422088,0.0,0.0,0.5606571,0.0,0.0,0.9177482,1.5600619,0.0,3.1593251,0.0,2.2267892,0.0,1.1803365,0.0,0.0
0.0,0.6153304,0.0,0.0,0.0,0.0,0.99345016,0.0,0.0,0.0,0.0,0.0,0.0,0.6153304,0.6153304,0.0,0.0,6.04875,0.0,0.0,0.0,0.0,0.6153304,0.0,0.0,0.0,0.6153304,1.2671739,0.0,1.658483,0.6153304,0.0,0.0,0.6153304,0.6153304,0.0,0.0,0.0,1.481848,0.6153304,0.0,0.0,0.0,0.0,0.0,0.6153304,1.9390113,0.0,0.0,0.6153304,0.0,0.0,0.6153304,0.0,0.0,1.2671739,0.0,0.0,0.0,0.0,1.2671739,0.0,0.0,0.6153304,0.0,1.481848,1.2671739,0.0,0.0,0.0,0.99345016,0.0,0.6153304,0.0,1.9390113,0.0,1.481848,0.0,0.0,0.0,0.0,0.0,0.99345016,0.6153304,1.8085521,0.0,0.0,0.0,0.6153304,0.6153304,0.0,0.0,0.0,3.4800057,0.0,4.19676,2.1578379,1.658483,0.6153304,0.6153304
0.0,1.4205482,0.716113,0.0,0.0,0.0,1.1291176,0.0,0.0,0.0,0.0,0.0,0.0,0.0,0.716113,0.0,0.0,6.9894605,1.1291176,0.0,0.0,0.0,1.1291176,0.716113,0.0,0.716113,0.716113,1.4205482,1.1291176,2.4392667,0.716113,0.0,0.0,0.0,0.716113,0.0,0.0,0.0,1.6459341,0.716113,0.716113,0.716113,1.4205482,0.716113,0.0,0.0,0.716113,0.0,0.0,0.0,0.0,1.4205482,0.0,0.0,0.0,1.1291176,0.716113,0.0,0.0,0.0,1.4205482,0.0,0.0,0.0,0.0,0.716113,0.716113,0.0,0.0,0.716113,0.716113,0.0,0.716113,0.0,1.6459341,0.0,0.716113,0.0,0.0,0.716113,0.0,0.716113,0.716113,0.0,2.119292,0.716113,0.716113,0.0,0.0,0.0,0.716113,1.4205482,0.0,3.5405772,0.716113,6.335049,2.237695,0.0,0.0,0.716113
0.0,0.70870215,0.0,0.0,0.0,0.0,0.4158619,0.0,0.0,0.4158619,0.70870215,0.0,0.4158619,0.0,0.9349279,0.4158619,0.9349279,5.488198,0.4158619,1.1192989,0.0,0.0,1.6342111,0.4158619,0.0,0.70870215,0.4158619,0.70870215,0.0,1.9724295,1.1192989,0.0,0.0,0.0,0.4158619,0.0,0.0,0.70870215,2.1065059,0.9349279,0.0,0.0,0.70870215,0.0,0.0,0.4158619,1.7300771,0.0,0.70870215,0.0,0.0,1.5281706,0.4158619,0.0,0.70870215,0.70870215,0.0,0.4158619,0.0,0.0,2.1065059,0.4158619,0.4158619,1.7300771,0.0,0.9349279,1.8979859,0.70870215,0.0,0.0,0.4158619,0.0,0.0,0.9349279,2.4259994,0.4158619,0.4158619,0.0,0.4158619,0.0,0.0,0.70870215,0.4158619,0.4158619,1.7300771,0.70870215,0.70870215,0.4158619,0.0,0.0,0.70870215,1.2749109,0.70870215,3.0250828,0.0,2.3304121,0.0,0.70870215,0.0,0.0
0.0,0.63348913,0.0,0.0,0.0,0.0,0.63348913,0.0,0.0,0.0,0.0,0.0,0.63348913,0.0,0.0,1.0182502,0.0,4.7377253,0.0,1.5121983,0.0,0.0,1.0182502,0.0,0.0,0.0,0.0,0.0,0.0,1.6902556,0.0,0.0,1.2954173,0.0,0.0,0.63348913,0.0,0.0,1.5121983,1.0182502,0.0,0.0,0.0,0.0,0.0,0.0,1.6902556,0.0,0.0,0.0,0.63348913,1.2954173,0.0,0.0,0.0,0.63348913,0.0,0.0,0.0,0.63348913,1.9725817,0.63348913,0.0,0.63348913,0.0,0.0,1.8413494,0.0,0.0,0.63348913,1.2954173,0.0,0.0,0.63348913,1.9725817,0.0,1.0182502,0.0,0.63348913,1.2954173,0.0,0.63348913,0.0,0.63348913,2.088573,0.63348913,0.0,0.63348913,0.0,1.0182502,0.0,1.5121983,0.0,3.060395,1.2954173,2.7177875,1.0182502,1.6902556,0.0,0.0
0.0,1.1973252,0.0,1.8551899,2.1638012,0.0,0.0,0.57121456,0.0,0.0,0.0,0.0,0.0,0.0,0.57121456,1.5794075,0.9324916,4.2311544,0.0,0.0,0.0,0.0,1.9689747,0.0,0.57121456,0.57121456,0.0,0.0,0.57121456,1.1973252,1.1973252,0.0,0.57121456,2.071125,0.57121456,0.57121456,1.1973252,0.57121456,2.1638012,0.0,0.0,0.0,0.0,0.0,0.0,0.0,1.7267756,0.0,0.57121456,0.0,0.0,0.9324916,0.0,0.0,0.0,0.9324916,0.0,0.0,0.0,0.57121456,1.9689747,1.5794075,0.0,1.4065048,0.57121456,1.1973252,1.9689747,0.57121456,0.0,0.0,0.57121456,0.57121456,1.9689747,0.0,2.1638012,0.57121456,0.57121456,0.57121456,0.0,0.0,0.0,0.0,0.9324916,0.0,1.8551899,0.9324916,0.57121456,0.0,0.0,0.0,0.0,1.1973252,0.0,2.9699006,0.0,1.7267756,0.0,0.9324916,0.0,0.0
0.0,0.0,0.0,0.0,0.0,0.0,0.0,1.0702388,1.0702388,0.0,0.0,0.0,1.90928,0.0,0.0,1.5752919,0.0,5.52182,1.0702388,0.0,0.0,0.0,2.3590012,1.90928,0.0,0.0,0.0,0.0,0.0,2.3590012,0.0,0.0,0.0,0.0,2.9038737,0.0,1.0702388,0.0,1.5752919,0.0,0.0,0.0,1.90928,0.0,0.0,1.0702388,1.0702388,0.0,0.0,0.0,0.0,1.0702388,0.0,0.0,0.0,1.0702388,0.0,1.0702388,0.0,1.0702388,3.6218162,0.0,0.0,1.0702388,0.0,1.0702388,1.5752919,0.0,0.0,0.0,0.0,0.0,0.0,1.0702388,0.0,0.0,0.0,0.0,0.0,0.0,1.5752919,0.0,0.0,0.0,2.1592116,0.0,0.0,0.0,0.0,0.0,0.0,0.0,1.5752919,3.8898163,0.0,5.5594125,1.5752919,0.0,0.0,0.0
0.0,0.9751359,0.0,0.9751359,0.0,0.0,0.0,0.0,0.0,0.0,0.0,0.0,0.0,0.9751359,0.9751359,0.0,0.0,6.0335298,0.9751359,0.0,0.0,0.0,0.0,1.4593253,0.0,0.0,1.4593253,1.4593253,0.0,2.5305724,1.4593253,0.9751359,0.0,1.7841612,2.028952,0.0,0.0,0.0,2.028952,0.0,0.9751359,0.9751359,0.9751359,0.0,0.0,0.9751359,0.9751359,0.0,0.0,0.0,0.0,0.0,0.0,0.0,0.0,1.7841612,0.0,0.0,0.9751359,0.0,2.7640367,0.0,0.0,1.4593253,0.9751359,2.028952,1.7841612,0.9751359,0.0,0.9751359,0.9751359,0.0,0.0,0.0,1.7841612,0.9751359,0.0,0.0,0.9751359,0.0,0.9751359,0.9751359,0.9751359,0.0,2.028952,0.0,0.0,0.0,0.0,0.0,0.9751359,2.2254488,0.0,3.8197157,1.4593253,4.0457134,2.6541023,0.0,0.0,0.0
0.0,1.5795095,0.8260122,0.0,0.0,0.8260122,0.0,1.5795095,1.2721126,0.8260122,0.0,0.0,0.0,0.0,0.8260122,0.8260122,0.8260122,4.920888,0.0,0.0,0.8260122,0.0,2.0043082,1.8142979,0.0,0.0,1.2721126,0.0,0.0,2.7164223,1.5795095,0.0,0.8260122,0.0,2.1639147,1.8142979,0.0,0.8260122,1.2721126,0.0,0.0,0.8260122,2.0043082,1.2721126,0.8260122,0.0,2.0043082,0.0,0.0,0.0,0.0,1.2721126,0.0,0.0,0.8260122,0.8260122,1.2721126,0.0,0.0,1.2721126,2.4224577,0.0,0.0,2.1639147,0.0,1.5795095,2.1639147,0.8260122,0.8260122,0.8260122,0.0,0.0,0.0,0.0,0.8260122,0.0,0.0,0.0,0.0,0.0,0.0,0.0,0.8260122,0.0,1.8142979,0.0,0.0,0.0,1.2721126,0.8260122,0.8260122,0.0,0.0,3.982516,0.0,3.2840579,1.2721126,0.0,1.2721126,0.0
0.0,0.57428217,0.936764,0.936764,1.7325635,0.0,0.0,0.57428217,0.0,0.0,0.0,0.0,0.0,0.0,0.57428217,0.0,1.2022412,5.5876923,0.0,0.0,0.0,0.0,2.6525052,0.57428217,0.0,0.0,0.936764,0.0,0.936764,1.584997,0.936764,0.57428217,0.0,0.0,1.2022412,0.0,0.57428217,0.57428217,1.975031,0.0,0.0,0.0,0.936764,0.0,0.57428217,0.0,1.975031,0.57428217,0.57428217,0.0,0.57428217,0.57428217,0.0,0.0,0.0,0.57428217,0.0,0.0,0.0,0.0,1.4118211,0.936764,0.0,1.2022412,0.0,1.584997,0.0,0.0,0.0,0.0,0.0,0.0,0.57428217,0.57428217,0.936764,0.57428217,0.57428217,0.57428217,0.0,0.0,0.0,0.0,1.2022412,0.0,1.2022412,0.57428217,0.0,0.57428217,0.0,0.936764,0.0,1.2022412,0.0,2.8043966,0.0,4.156447,1.7325635,0.57428217,0.0,0.0
0.0,1.086364,0.0,0.0,0.68397504,0.0,0.68397504,0.0,0.0,0.0,0.0,0.68397504,1.086364,0.68397504,0.0,1.3725045,0.0,5.0121303,0.0,0.0,0.68397504,1.086364,0.68397504,0.0,0.68397504,0.0,0.68397504,0.0,0.68397504,2.54795,2.0633347,0.0,0.0,0.0,0.68397504,0.68397504,0.0,0.68397504,1.3725045,0.0,0.0,0.68397504,0.0,0.68397504,0.0,0.0,1.3725045,0.0,0.0,0.0,0.0,0.0,0.0,0.0,0.0,1.3725045,0.68397504,0.0,0.0,0.0,2.6219559,0.68397504,0.0,2.3811555,0.0,0.0,0.0,0.0,0.0,0.0,1.086364,0.68397504,0.0,0.68397504,0.0,0.0,0.68397504,0.0,0.0,0.0,0.0,0.0,0.0,0.0,1.086364,0.68397504,1.086364,1.3725045,0.0,0.68397504,0.0,1.086364,0.68397504,3.7432034,1.086364,3.6456094,2.9269884,0.0,0.68397504,0.0
0.0,1.195125,0.5698434,0.0,0.0,0.0,0.5698434,0.0,0.93058026,0.0,0.5698434,0.0,1.195125,0.0,0.0,0.5698434,0.5698434,4.7079306,0.0,0.5698434,0.0,0.0,2.1610103,0.5698434,0.0,0.5698434,0.0,0.5698434,0.0,1.8525301,0.5698434,0.5698434,0.93058026,0.0,0.93058026,0.0,0.0,0.0,2.1610103,0.5698434,0.0,0.5698434,1.195125,0.0,0.0,0.0,1.195125,0.0,0.5698434,0.0,0.0,0.0,0.0,0.0,0.0,0.5698434,0.0,0.5698434,0.5698434,0.93058026,2.0683694,0.93058026,0.5698434,1.5769045,0.0,1.4041246,0.93058026,0.0,0.0,0.5698434,0.0,0.0,0.0,0.5698434,2.0683694,0.93058026,0.5698434,0.0,0.0,0.93058026,0.0,0.0,0.0,0.0,1.7241837,0.0,0.0,0.0,0.0,0.93058026,0.0,1.8525301,0.5698434,3.2712283,0.0,3.6540685,1.4041246,0.93058026,0.0,0.0
0.900102,1.9227023,0.0,0.0,0.0,0.0,0.900102,0.0,0.0,0.0,0.900102,0.0,0.900102,0.0,0.900102,0.0,1.3660172,5.359783,1.3660172,0.0,0.0,0.0,0.900102,0.0,0.0,0.0,0.0,0.0,0.0,2.4176068,0.900102,0.0,0.0,0.0,1.3660172,1.3660172,0.900102,0.0,1.3660172,0.0,0.0,0.0,0.0,0.900102,0.0,0.900102,1.3660172,0.0,0.900102,0.900102,0.0,0.900102,0.0,0.0,0.0,1.3660172,0.900102,0.0,0.0,1.3660172,2.2782025,0.0,0.0,0.900102,0.0,0.900102,0.900102,0.0,0.0,0.0,0.0,0.0,0.0,0.0,2.2782025,1.6826069,0.0,0.0,0.0,0.0,0.900102,0.0,1.3660172,0.0,1.6826069,1.3660172,0.0,0.900102,0.0,0.0,0.0,1.3660172,0.0,3.662438,0.900102,4.2217593,2.1161675,0.0,0.0,0.0
0.0,0.83975065,0.0,0.0,0.83975065,0.0,0.0,0.83975065,0.0,0.0,0.0,0.0,0.0,0.83975065,0.83975065,0.0,0.0,6.2948775,0.0,0.0,0.0,0.0,2.4446328,0.0,0.0,0.83975065,0.0,0.83975065,0.0,1.2896675,1.8346845,0.0,0.83975065,0.83975065,1.5988557,0.0,0.0,0.0,2.1854596,0.83975065,0.0,0.0,1.5988557,0.0,0.83975065,0.0,1.2896675,0.0,0.0,1.2896675,0.83975065,0.0,0.0,0.0,0.0,1.2896675,0.0,0.0,0.0,0.83975065,2.6502724,0.0,0.0,1.8346845,0.0,0.0,2.0253744,0.0,0.0,0.0,0.0,0.0,0.0,0.0,0.0,0.0,0.0,0.0,0.0,0.0,0.0,0.0,0.83975065,0.0,0.83975065,0.83975065,0.0,0.83975065,0.83975065,1.2896675,0.0,2.1854596,0.0,3.4424403,0.83975065,3.8512669,0.83975065,0.0,0.0,0.0
0.0,1.1322428,1.1322428,0.0,0.0,0.0,0.0,1.649661,0.0,0.0,1.649661,0.0,1.649661,0.0,1.1322428,0.0,0.0,5.0801497,0.0,1.9889452,0.0,0.0,1.1322428,0.0,0.0,1.649661,0.0,0.0,0.0,2.2418184,0.0,0.0,0.0,0.0,1.1322428,0.0,0.0,0.0,1.649661,0.0,0.0,1.1322428,1.1322428,0.0,0.0,0.0,1.649661,0.0,1.1322428,0.0,0.0,0.0,0.0,1.1322428,0.0,1.649661,0.0,0.0,0.0,1.1322428,2.8803697,0.0,1.1322428,0.0,1.1322428,1.1322428,0.0,0.0,0.0,0.0,0.0,0.0,0.0,0.0,2.2418184,0.0,1.9889452,0.0,0.0,0.0,1.1322428,0.0,0.0,0.0,1.1322428,1.1322428,1.1322428,0.0,0.0,0.0,0.0,1.1322428,0.0,3.6039839,0.0,3.183401,1.9889452,0.0,0.0,0.0
0.0,0.0,0.0,0.0,0.0,1.0574405,1.0574405,0.0,0.0,1.5598245,1.5598245,1.0574405,0.0,0.0,1.5598245,0.0,0.0,5.4226527,0.0,0.0,0.0,0.0,0.0,0.0,0.0,0.0,1.8926568,0.0,0.0,0.0,1.0574405,0.0,1.0574405,0.0,0.0,1.0574405,0.0,1.0574405,1.8926568,0.0,1.5598245,1.0574405,1.8926568,0.0,0.0,0.0,1.8926568,0.0,1.0574405,0.0,1.0574405,0.0,0.0,0.0,0.0,0.0,0.0,0.0,0.0,0.0,2.649923,0.0,0.0,0.0,0.0,1.0574405,1.0574405,1.0574405,0.0,0.0,0.0,0.0,0.0,0.0,1.0574405,0.0,0.0,0.0,0.0,0.0,1.0574405,0.0,0.0,0.0,1.0574405,0.0,0.0,0.0,1.0574405,0.0,0.0,0.0,1.0574405,2.9851732,0.0,2.9851732,2.3413215,0.0,0.0,0.0
0.0,1.1158378,0.0,0.0,0.0,0.0,0.0,1.1158378,0.0,0.0,1.1158378,0.0,0.0,1.1158378,0.0,0.0,0.0,4.6983194,1.6300732,0.0,0.0,0.0,1.1158378,0.0,0.0,0.0,0.0,0.0,0.0,1.6300732,0.0,0.0,1.1158378,0.0,1.1158378,0.0,0.0,1.1158378,2.2201266,0.0,0.0,0.0,0.0,0.0,0.0,1.1158378,1.1158378,0.0,1.1158378,0.0,0.0,0.0,0.0,0.0,0.0,0.0,0.0,0.0,0.0,0.0,2.2201266,0.0,0.0,1.1158378,0.0,1.6300732,0.0,0.0,0.0,1.1158378,1.1158378,0.0,0.0,0.0,1.6300732,1.1158378,0.0,0.0,0.0,0.0,0.0,0.0,0.0,0.0,1.9680032,0.0,0.0,1.6300732,0.0,0.0,0.0,1.1158378,0.0,3.0690403,1.1158378,2.2201266,0.0,1.1158378,0.0,0.0
0.0,0.0,0.0,0.0,0.0,0.0,1.3801014,1.3801014,0.0,0.0,0.0,0.0,0.0,0.0,1.3801014,0.0,0.0,5.1565676,0.0,0.0,0.0,1.3801014,1.3801014,0.0,0.0,0.0,0.0,1.3801014,0.0,1.3801014,0.0,0.0,0.0,0.0,0.0,0.0,0.0,0.0,1.3801014,0.0,0.0,0.0,0.0,0.0,0.0,1.3801014,0.0,0.0,0.0,0.0,0.0,0.0,0.0,1.3801014,0.0,0.0,0.0,0.0,0.0,0.0,0.0,0.0,0.0,2.295149,1.3801014,1.9388294,0.0,0.0,0.0,0.0,0.0,0.0,0.0,0.0,1.9388294,1.3801014,0.0,0.0,0.0,0.0,0.0,0.0,1.3801014,0.0,0.0,0.0,1.3801014,0.0,0.0,0.0,0.0,0.0,0.0,3.3242352,0.0,3.3242352,0.0,0.0,0.0,0.0
0.0,0.0,0.0,0.0,0.0,0.0,0.8277488,0.8277488,0.0,0.0,0.8277488,0.0,0.0,0.0,0.8277488,0.8277488,0.0,4.71655,0.8277488,0.0,0.0,0.0,0.0,0.0,0.0,0.0,0.0,0.0,0.0,2.0069795,1.5819609,0.0,0.8277488,0.8277488,0.8277488,0.0,0.0,0.8277488,2.0069795,0.8277488,0.0,0.8277488,0.8277488,0.0,0.8277488,0.0,1.8168824,0.0,1.2743353,0.0,0.0,0.0,0.0,0.0,0.0,0.0,0.0,1.5819609,0.0,0.0,2.304297,0.0,0.0,1.2743353,0.0,1.5819609,1.2743353,0.0,0.0,0.0,0.0,0.0,0.0,1.2743353,1.5819609,0.0,0.0,0.0,0.0,0.0,0.0,0.0,0.0,0.0,2.0069795,0.0,0.0,1.5819609,1.2743353,0.8277488,0.8277488,0.0,0.0,3.5407333,0.0,2.7193053,1.2743353,1.2743353,0.0,0.0
0.4180668,1.4144281,0.7119907,0.7119907,0.7119907,0.0,0.4180668,0.4180668,0.0,0.0,0.0,0.4180668,0.0,0.0,0.0,0.4180668,0.7119907,4.2924314,0.0,0.0,0.0,0.0,2.2304826,0.0,0.0,0.4180668,0.0,0.0,0.4180668,2.284765,1.2795749,0.0,0.7119907,0.0,0.7119907,0.4180668,0.4180668,1.1236589,1.9779991,1.2795749,0.4180668,0.7119907,0.0,0.0,0.0,0.0,1.2795749,0.7119907,1.2795749,0.0,0.4180668,0.4180668,0.0,0.0,0.0,0.7119907,0.0,0.93886065,0.4180668,0.7119907,2.9531262,0.7119907,0.7119907,2.6737745,0.0,0.7119907,1.2795749,0.4180668,0.0,0.0,0.0,0.0,0.0,0.4180668,0.0,0.0,0.0,0.4180668,0.0,0.0,0.0,0.4180668,0.7119907,0.0,1.7354007,0.93886065,0.4180668,0.93886065,0.0,0.4180668,0.93886065,1.533238,0.7119907,3.4701426,0.0,2.3852172,0.93886065,0.0,0.0,0.0
0.956818,1.225274,0.58873045,0.33707905,1.6111361,0.33707905,0.7896155,0.33707905,0.0,0.33707905,0.33707905,0.58873045,0.0,0.0,0.0,0.58873045,0.956818,4.733025,0.0,0.0,0.0,0.0,1.8263296,0.58873045,0.33707905,0.0,0.58873045,0.33707905,0.58873045,2.153638,2.153638,0.33707905,0.58873045,0.0,0.956818,0.58873045,0.58873045,0.33707905,1.6881286,1.1000277,0.33707905,0.7896155,0.7896155,0.956818,0.33707905,0.0,1.3365653,0.33707905,0.7896155,0.33707905,0.956818,0.33707905,0.0,0.0,0.33707905,0.7896155,0.0,0.956818,0.0,0.7896155,2.6829987,0.956818,0.0,2.967286,0.33707905,0.956818,1.5277176,0.58873045,0.0,0.0,0.0,0.0,0.0,1.1000277,0.7896155,1.1000277,0.0,0.33707905,0.58873045,0.0,1.1000277,0.58873045,0.58873045,0.33707905,2.0033157,0.33707905,0.33707905,1.1000277,1.225274,0.7896155,0.33707905,1.8263296,0.58873045,4.086381,0.33707905,2.0559742,1.225274,0.33707905,0.7896155,0.33707905
0.40142304,1.3771766,0.0,0.0,0.40142304,0.40142304,0.0,1.2440813,0.0,0.0,0.0,0.68707794,0.0,0.40142304,0.40142304,0.0,0.68707794,3.9100404,0.0,1.0905117,0.0,0.0,0.9090032,0.68707794,0.0,0.0,0.40142304,0.0,1.0905117,2.068796,1.9354831,0.0,0.40142304,0.0,0.0,0.40142304,0.0,0.0,2.3403656,0.40142304,0.0,0.0,0.0,0.9090032,0.0,0.40142304,2.3868327,0.40142304,0.0,0.40142304,0.0,0.40142304,0.0,0.0,0.0,0.40142304,0.9090032,0.40142304,0.68707794,0.68707794,2.7611785,0.68707794,0.68707794,2.5145326,0.0,1.0905117,0.68707794,0.40142304,0.0,0.40142304,0.0,0.0,0.40142304,0.0,0.40142304,0.40142304,0.0,0.68707794,0.0,0.40142304,0.40142304,0.0,0.9090032,0.0,2.1293306,0.40142304,0.0,0.9090032,0.9090032,0.0,0.0,1.3771766,0.9090032,4.0222816,1.0905117,2.1293306,1.0905117,0.0,0.9090032,0.0
0.0,2.2305684,0.0,0.0,0.46576047,0.78227955,0.78227955,0.46576047,1.0223343,0.0,0.78227955,0.0,1.0223343,0.0,0.0,0.78227955,1.639497,5.3348536,0.0,0.0,0.0,0.46576047,1.7484696,0.78227955,0.0,0.0,0.78227955,0.0,0.0,2.8342178,2.6840432,0.0,0.46576047,0.46576047,0.78227955,1.0223343,0.46576047,0.0,1.8467255,0.78227955,0.0,0.46576047,0.0,0.0,0.78227955,0.46576047,1.5171806,0.46576047,0.78227955,1.0223343,0.78227955,0.0,0.46576047,0.0,0.0,1.37779,0.46576047,0.0,0.0,1.0223343,2.0941706,0.0,0.46576047,3.0525692,0.0,0.46576047,0.46576047,0.46576047,0.46576047,0.0,0.0,0.46576047,0.46576047,0.0,0.0,1.5171806,0.46576047,0.46576047,0.0,0.0,0.46576047,0.46576047,1.7484696,0.0,1.37779,0.0,0.78227955,1.37779,1.5171806,0.0,0.78227955,2.6840432,0.0,4.532061,1.37779,2.292371,1.0223343,0.0,0.78227955,0.0
0.35227337,0.6122595,0.0,0.0,0.6122595,0.0,0.35227337,0.0,0.0,0.0,0.8184097,0.0,0.0,0.6122595,0.0,0.0,0.9892397,3.9201655,0.35227337,0.6122595,0.0,0.0,0.6122595,0.6122595,0.0,0.0,0.35227337,0.6122595,0.6122595,1.4766784,0.8184097,0.35227337,0.6122595,0.6122595,0.0,0.0,0.35227337,0.0,2.1998487,0.35227337,0.35227337,0.0,0.0,0.0,0.0,0.0,1.4766784,0.0,0.8184097,0.35227337,0.0,0.8184097,0.35227337,0.0,0.0,1.2623692,0.0,0.0,0.0,0.0,2.6750803,0.9892397,0.0,1.730818,0.35227337,0.0,0.35227337,0.8184097,0.0,0.35227337,0.6122595,0.0,0.35227337,0.35227337,0.9892397,0.6122595,0.0,0.35227337,0.35227337,0.35227337,0.0,0.6122595,0.6122595,0.6122595,1.1351006,0.0,0.35227337,1.1351006,0.6122595,0.8184097,0.35227337,1.4766784,0.0,3.405804,0.35227337,2.860462,0.9892397,0.0,0.35227337,0.6122595
1.1100757,1.3991815,0.0,0.0,0.0,0.701757,0.701757,1.1100757,0.0,0.0,0.701757,0.701757,1.1100757,0.0,0.0,0.701757,0.0,4.3073726,0.701757,0.0,0.701757,0.0,1.6231784,1.3991815,0.0,0.0,0.701757,2.21248,0.701757,2.906573,0.0,0.0,0.0,0.0,0.701757,0.0,0.0,0.0,1.8060683,1.3991815,1.1100757,0.0,0.0,0.0,1.1100757,0.0,1.3991815,0.701757,0.0,0.701757,0.701757,0.0,0.0,0.0,1.6231784,0.701757,0.0,0.0,0.0,1.1100757,2.7240624,0.0,0.0,2.0944605,0.0,0.0,0.0,0.0,0.0,0.0,0.0,1.1100757,0.0,1.1100757,1.1100757,0.0,0.0,0.0,0.0,0.0,1.6231784,1.1100757,0.0,0.0,0.701757,0.0,0.0,0.0,0.701757,0.0,0.0,0.0,0.0,3.8009493,0.0,3.1074157,1.8060683,1.3991815,1.3991815,0.0
0.90275276,1.9265137,0.0,0.0,0.0,0.54996455,0.90275276,0.0,0.0,0.0,0.90275276,0.54996455,0.54996455,0.0,0.0,0.54996455,0.90275276,6.7875013,0.0,0.0,0.0,0.0,1.5402932,0.0,0.0,0.54996455,0.54996455,0.54996455,0.0,2.7970998,1.6862414,0.0,1.1630179,0.0,1.1630179,0.90275276,0.90275276,0.0,1.6862414,0.0,0.0,0.90275276,0.0,0.0,0.0,0.90275276,1.5402932,0.0,0.90275276,1.3693432,0.54996455,0.0,0.0,0.0,0.54996455,0.90275276,0.90275276,0.54996455,0.0,1.3693432,2.7034154,0.0,0.0,2.4216723,0.0,0.90275276,0.54996455,0.54996455,0.0,0.90275276,0.0,0.54996455,0.0,0.0,0.54996455,1.1630179,0.54996455,0.0,0.0,0.0,0.54996455,0.54996455,0.90275276,0.0,1.5402932,0.0,0.0,1.1630179,2.0279803,0.90275276,0.0,2.2044327,0.0,4.215388,0.54996455,3.7390668,3.957444,1.1630179,0.0,0.0
0.0,0.0,0.0,0.0,1.1263633,0.0,0.7140323,1.4174607,0.0,0.7140323,0.0,0.0,0.7140323,0.0,1.1263633,0.7140323,0.0,8.105022,0.0,0.7140323,0.0,0.0,1.4174607,0.7140323,0.0,0.0,0.0,0.7140323,0.0,1.8263296,0.0,0.0,0.0,0.0,1.1263633,0.7140323,0.0,1.1263633,0.7140323,0.0,0.0,0.0,0.7140323,0.0,0.0,0.7140323,0.7140323,0.0,0.0,0.0,0.0,0.0,0.0,0.0,0.7140323,1.4174607,0.0,0.0,0.0,0.0,2.2340574,0.0,0.7140323,0.0,0.0,2.115709,1.642648,0.0,0.0,0.0,0.0,0.0,0.7140323,0.7140323,0.7140323,1.4174607,0.7140323,0.0,0.0,0.7140323,0.0,0.0,0.0,0.0,0.7140323,0.0,0.7140323,0.0,0.0,1.4174607,0.0,0.7140323,0.7140323,2.9294622,1.1263633,5.1409626,3.083935,0.7140323,0.7140323,0.0
0.0,0.62977755,0.62977755,0.0,0.62977755,0.0,0.62977755,0.62977755,0.0,0.0,1.0131946,0.0,0.0,0.0,0.0,0.62977755,1.0131946,6.6869555,0.62977755,0.0,0.0,1.0131946,1.2896675,0.62977755,0.0,0.0,0.0,0.0,0.0,1.8346845,0.0,0.0,0.62977755,0.62977755,0.62977755,0.0,0.0,0.0,1.2896675,0.62977755,0.0,0.62977755,1.0131946,0.0,0.0,0.0,1.8346845,0.0,0.62977755,0.0,0.0,0.0,0.0,0.0,0.62977755,0.62977755,0.0,0.62977755,0.0,0.62977755,3.1324384,0.62977755,0.62977755,1.6837964,0.0,1.6837964,1.2896675,0.0,0.0,0.0,0.0,0.62977755,0.0,0.62977755,0.62977755,0.0,0.0,0.0,0.0,1.2896675,0.0,0.62977755,0.0,0.0,1.2896675,0.0,0.0,0.0,0.0,1.0131946,0.0,1.2896675,0.0,3.3390732,0.0,3.8419018,1.0131946,0.0,0.62977755,0.62977755
0.0,1.8376391,0.0,1.8376391,1.0154347,0.0,1.0154347,0.0,0.0,0.0,0.0,0.0,0.0,0.0,1.0154347,0.0,1.0154347,5.9389105,1.5087613,0.0,0.0,0.0,2.824058,1.0154347,0.0,0.0,0.0,0.0,0.0,2.713668,0.0,0.0,0.0,1.0154347,0.0,0.0,0.0,0.0,1.5087613,0.0,0.0,0.0,1.0154347,0.0,1.0154347,0.0,1.5087613,0.0,0.0,0.0,0.0,0.0,0.0,0.0,0.0,1.0154347,0.0,0.0,0.0,0.0,2.824058,1.5087613,0.0,0.0,0.0,1.5087613,1.0154347,0.0,0.0,0.0,0.0,0.0,1.5087613,1.0154347,2.5895627,0.0,1.0154347,0.0,0.0,0.0,0.0,0.0,1.5087613,0.0,1.0154347,0.0,0.0,0.0,0.0,0.0,0.0,1.5087613,0.0,3.0138764,0.0,3.6821668,2.2826698,0.0,0.0,0.0
0.0,1.5135784,0.0,0.6343201,0.6343201,0.0,1.0193812,1.0193812,0.0,0.0,0.0,0.0,0.6343201,0.0,1.0193812,0.6343201,0.0,6.622879,0.6343201,0.6343201,0.0,0.6343201,2.8298733,0.0,0.0,0.6343201,1.0193812,1.0193812,0.0,2.8298733,1.0193812,0.6343201,0.0,0.6343201,0.6343201,0.6343201,0.0,0.0,1.6916993,0.6343201,0.0,1.0193812,2.090124,0.0,0.6343201,0.0,0.0,0.0,0.0,0.0,0.0,0.0,0.0,0.0,0.6343201,1.296703,0.0,0.6343201,1.296703,0.6343201,2.9755566,0.0,0.6343201,1.9741056,0.0,1.8428386,1.6916993,0.0,0.0,0.0,0.0,0.6343201,0.6343201,0.6343201,1.8428386,1.0193812,0.0,0.0,0.0,0.0,0.6343201,0.6343201,0.0,0.0,1.0193812,0.0,0.0,0.6343201,1.296703,0.6343201,0.0,1.9741056,0.6343201,4.3799095,0.6343201,3.97516,2.6592865,0.6343201,0.0,0.0
0.0,0.7511246,0.0,0.0,0.0,0.0,0.7511246,0.0,0.0,0.44448775,0.7511246,0.0,0.44448775,0.0,0.7511246,0.44448775,0.44448775,4.0715566,0.0,0.9854709,0.0,0.0,2.1787975,0.0,0.0,0.44448775,0.0,0.0,0.7511246,1.5928689,0.0,0.0,0.44448775,1.1751919,0.44448775,0.0,0.0,0.7511246,2.2980807,0.44448775,0.0,0.0,0.44448775,0.0,0.0,0.0,2.1133578,0.0,0.0,0.0,0.44448775,0.44448775,0.44448775,0.0,0.0,0.0,0.44448775,0.0,0.44448775,0.44448775,1.7979436,0.0,0.0,0.0,0.0,1.4720467,1.3345945,0.0,0.0,0.44448775,0.7511246,0.9854709,0.0,1.3345945,1.700654,0.44448775,0.7511246,0.0,0.0,0.44448775,0.0,0.7511246,0.0,0.0,1.7979436,0.44448775,0.0,0.0,0.0,0.0,0.0,0.0,0.44448775,2.9096525,0.44448775,3.5270007,1.4720467,0.0,0.0,0.7511246
0.81871665,0.0,0.0,0.81871665,0.0,0.0,0.0,1.262763,0.0,0.0,0.0,0.0,1.993058,0.0,1.262763,0.81871665,0.0,7.1536217,0.0,0.0,0.0,0.0,1.262763,0.0,0.0,0.81871665,0.0,0.0,0.0,2.8609796,0.0,0.0,1.5691915,0.0,0.81871665,0.0,0.0,0.0,0.81871665,0.81871665,0.81871665,0.81871665,1.8034165,0.0,0.0,0.0,1.262763,0.81871665,0.0,0.81871665,0.0,0.0,0.0,0.0,0.0,1.262763,0.0,0.0,0.0,0.81871665,2.9964228,1.262763,0.0,2.2898154,0.0,1.5691915,2.4106052,0.0,0.0,0.0,0.0,0.0,0.0,0.0,1.262763,0.81871665,0.0,0.0,0.0,0.0,1.262763,0.0,0.0,0.0,1.993058,0.0,0.0,0.0,1.8034165,1.993058,0.0,1.5691915,0.0,3.7864141,0.0,3.9697466,1.262763,0.0,0.0,0.0
0.0,0.0,0.927937,0.927937,0.0,0.0,0.0,0.0,0.0,0.0,0.0,0.927937,0.0,0.0,1.4008311,0.0,1.7205958,5.9081607,0.0,0.0,0.0,0.0,1.9625064,0.927937,0.0,0.0,0.0,0.0,0.0,1.7205958,0.0,0.0,0.0,0.0,0.0,0.0,0.0,0.0,2.1571465,0.0,0.0,0.0,0.0,0.0,0.0,0.0,0.0,0.927937,0.0,0.0,0.0,0.927937,0.0,0.0,0.0,0.0,0.0,0.0,0.0,0.0,2.1571465,0.927937,0.0,0.0,0.0,0.927937,2.320004,0.0,0.927937,0.927937,0.0,0.0,1.9625064,0.927937,1.9625064,0.0,0.0,0.927937,0.0,0.0,0.0,0.0,0.927937,0.0,1.9625064,0.0,0.0,0.927937,0.0,0.0,0.0,1.4008311,0.0,3.2957575,0.0,4.1298957,0.0,0.0,0.0,0.0
0.0,0.91770303,1.9479271,0.0,0.0,0.0,1.3880594,0.0,0.0,1.3880594,0.0,0.0,1.3880594,0.0,0.0,0.0,0.0,6.127031,0.91770303,0.0,0.0,0.0,2.1421423,0.91770303,0.91770303,1.9479271,0.91770303,0.91770303,1.7066735,3.279409,0.91770303,0.0,1.7066735,0.0,0.91770303,0.0,0.0,0.0,1.7066735,0.0,0.0,0.0,1.7066735,0.91770303,1.3880594,0.0,0.91770303,0.91770303,0.0,0.0,0.91770303,0.0,0.0,0.0,1.3880594,0.91770303,0.0,0.0,0.0,0.0,3.279409,0.0,1.7066735,0.0,0.0,0.91770303,1.3880594,0.0,0.0,0.91770303,0.0,0.0,0.0,0.0,1.7066735,1.7066735,0.91770303,0.0,0.91770303,0.0,1.7066735,0.0,0.0,0.0,1.9479271,0.0,0.0,1.7066735,0.0,1.3880594,0.0,0.91770303,0.91770303,3.022663,0.91770303,3.830943,2.4444954,1.7066735,0.0,0.0
0.9909761,0.7557659,0.44764352,0.0,0.44764352,0.0,1.3410628,0.0,0.0,0.0,0.9909761,0.0,0.0,0.0,1.7078283,0.0,0.44764352,7.8083444,0.7557659,0.44764352,0.0,0.44764352,1.3410628,0.44764352,0.0,0.0,0.0,0.44764352,0.0,1.5998614,0.44764352,0.0,0.44764352,0.0,0.44764352,0.0,0.0,0.0,0.7557659,0.0,0.0,0.0,0.44764352,0.0,0.44764352,0.0,1.4788109,0.0,0.0,0.0,0.0,0.44764352,0.0,0.44764352,0.0,0.7557659,0.0,0.44764352,0.0,0.44764352,1.7078283,0.0,0.0,0.44764352,0.0,1.3410628,0.44764352,0.9909761,0.0,0.44764352,0.7557659,0.44764352,0.44764352,0.44764352,2.1210718,0.0,0.0,0.44764352,0.0,0.44764352,0.0,0.0,0.44764352,0.0,1.4788109,0.0,0.0,0.0,0.44764352,1.4788109,0.44764352,1.3410628,0.0,3.252052,0.0,5.076567,1.7078283,0.7557659,0.0,0.44764352
0.88612837,0.0,0.0,0.0,0.0,0.0,0.0,0.0,0.0,0.0,0.0,0.0,0.88612837,0.0,0.88612837,0.88612837,0.0,6.3989744,0.0,1.3484471,0.0,0.0,2.0953887,1.6633881,0.0,0.88612837,0.0,0.0,0.0,2.0953887,1.3484471,0.0,0.0,0.0,0.88612837,1.3484471,0.88612837,0.0,2.0953887,1.3484471,0.0,0.0,0.88612837,0.88612837,0.0,0.0,0.88612837,0.0,0.0,0.0,0.0,0.88612837,0.0,0.88612837,0.0,0.0,0.88612837,0.0,0.0,0.0,2.7250516,0.0,0.0,0.0,0.0,0.0,0.88612837,0.0,0.0,0.0,0.0,0.0,0.0,0.0,3.0426197,0.88612837,0.0,0.0,0.0,0.0,0.0,0.0,0.0,0.0,1.6633881,0.0,0.0,0.0,0.0,1.6633881,0.0,1.6633881,0.0,3.745871,0.0,5.3566175,3.1084268,1.9025372,0.88612837,0.0
0.0,0.6602514,0.0,0.0,0.0,0.0,0.0,0.6602514,0.0,0.0,0.0,0.0,0.0,0.0,1.0545063,0.0,0.0,5.236738,0.6602514,0.0,0.0,0.0,1.5562723,0.0,0.0,0.0,0.6602514,0.0,1.0545063,2.1379733,0.6602514,0.0,0.6602514,0.0,0.6602514,0.0,0.0,0.0,2.0211437,0.0,0.0,0.0,1.0545063,0.0,0.0,0.0,1.0545063,0.0,0.0,0.0,0.0,1.3365357,0.0,0.0,0.0,1.0545063,0.0,0.6602514,0.0,0.0,2.2425704,0.0,0.0,1.3365357,0.0,1.5562723,0.6602514,1.0545063,0.0,0.0,0.0,0.6602514,0.0,0.6602514,2.6457422,0.0,0.0,0.0,0.0,1.0545063,0.0,0.0,0.0,0.0,2.5770774,0.0,0.0,0.0,0.6602514,0.0,0.0,1.0545063,0.0,2.8811638,0.0,3.4316916,3.6236973,0.6602514,0.6602514,0.0
0.0,0.0,0.0,0.0,1.4433067,0.0,0.0,0.0,0.0,0.0,0.0,1.4433067,0.0,0.9621577,1.4433067,0.0,0.0,5.5087214,0.0,0.0,0.0,0.9621577,1.7667859,0.9621577,0.0,0.0,1.4433067,0.0,0.0,1.4433067,0.9621577,0.0,0.0,0.0,0.0,0.9621577,0.0,0.0,0.9621577,0.0,0.0,0.0,0.9621577,0.0,0.0,0.0,0.9621577,0.0,0.0,0.0,0.0,1.4433067,0.0,0.0,0.0,0.9621577,0.9621577,0.0,0.0,0.9621577,2.6346693,0.0,0.0,2.2068105,0.0,2.0108082,0.9621577,0.9621577,0.0,0.0,0.0,0.0,0.9621577,0.0,2.2068105,0.0,1.4433067,0.0,0.9621577,0.0,0.9621577,0.0,0.0,0.0,1.7667859,0.0,0.0,0.0,0.0,0.0,0.0,0.9621577,0.9621577,4.08133,0.0,4.185,3.092196,0.0,0.0,0.0
0.0,0.6187097,0.0,0.6187097,0.6187097,0.0,0.0,0.6187097,0.0,0.0,0.0,0.0,0.99807787,0.0,1.4875243,0.99807787,0.6187097,6.6554623,0.0,0.99807787,0.6187097,0.0,1.6644288,0.99807787,0.0,0.0,1.2724516,0.0,0.0,2.1643317,0.99807787,0.0,0.0,0.0,0.6187097,0.0,0.0,0.0,1.4875243,0.0,0.0,0.0,1.2724516,0.6187097,0.0,0.6187097,0.6187097,0.0,0.0,0.0,0.0,0.0,0.0,0.0,0.0,0.99807787,0.0,0.0,0.0,0.0,2.6281383,0.0,0.0,0.99807787,0.6187097,2.6281383,0.99807787,0.0,0.6187097,0.0,0.6187097,0.0,0.6187097,0.0,2.258143,0.6187097,0.6187097,0.0,0.0,0.0,0.0,0.0,1.4875243,0.0,2.4228868,0.0,0.0,0.99807787,0.6187097,0.0,0.0,0.99807787,0.6187097,4.124125,0.0,4.1378865,3.2181904,0.0,0.6187097,0.0
1.5291566,1.3587759,0.0,0.8943369,0.5439838,0.5439838,0.5439838,1.1532805,0.0,0.0,0.8943369,0.0,0.5439838,0.0,0.0,0.8943369,0.0,6.2127028,0.0,0.8943369,0.0,0.0,2.3415306,1.67469,0.0,0.0,1.1532805,0.0,0.5439838,2.7380707,1.914398,0.0,0.8943369,0.5439838,0.5439838,0.0,0.0,0.0,1.3587759,0.5439838,0.5439838,0.5439838,1.1532805,0.5439838,0.0,0.0,0.8943369,0.0,0.5439838,0.5439838,1.1532805,0.0,0.0,0.0,0.5439838,1.5291566,0.0,0.0,0.0,1.3587759,2.6901765,0.0,0.8943369,2.6901765,0.0,1.914398,0.0,0.8943369,0.5439838,0.5439838,0.0,0.0,0.0,0.5439838,0.0,1.5291566,0.0,0.0,0.5439838,0.0,0.5439838,0.0,0.8943369,0.0,2.015664,0.0,0.8943369,1.1532805,2.269471,1.1532805,0.5439838,2.269471,0.0,4.15714,1.3587759,3.2695684,1.8017093,0.8943369,0.8943369,0.0
0.0,0.7669565,0.0,0.4552716,0.7669565,0.0,0.0,0.0,0.0,0.0,1.00423,0.4552716,0.0,0.0,0.4552716,0.4552716,0.0,6.182482,0.0,1.35661,0.0,0.0,1.35661,0.0,0.7669565,0.0,0.0,0.0,0.0,1.6166539,1.4950612,0.4552716,0.4552716,0.4552716,0.0,0.4552716,0.4552716,0.0,1.9119123,0.4552716,0.4552716,0.0,0.7669565,0.0,0.4552716,0.0,1.8228403,0.0,1.00423,0.0,0.0,1.7250519,0.7669565,0.0,0.4552716,0.4552716,0.0,0.4552716,0.0,1.35661,1.4950612,0.4552716,0.0,2.3248968,0.4552716,2.573271,0.7669565,0.0,0.0,0.0,1.00423,0.4552716,0.0,0.7669565,1.35661,1.1958618,0.7669565,0.0,0.4552716,0.0,0.4552716,0.0,1.00423,0.0,1.8228403,0.4552716,0.0,0.4552716,0.0,0.0,0.0,1.35661,0.4552716,3.9350426,0.7669565,4.903581,2.9378195,0.0,0.7669565,0.0
0.3966631,0.90039086,0.0,0.0,0.67991495,0.0,0.0,0.0,0.0,0.0,0.0,0.0,0.0,0.0,0.67991495,0.0,0.67991495,4.7693715,0.0,0.0,0.0,0.0,2.1735783,0.3966631,0.0,0.3966631,0.3966631,0.0,0.90039086,0.90039086,2.2274878,0.67991495,0.90039086,0.0,0.0,0.3966631,0.0,0.90039086,2.2786396,0.0,0.0,0.0,0.67991495,0.0,0.0,0.67991495,2.5780458,0.3966631,0.67991495,0.0,0.3966631,0.3966631,0.0,0.0,0.0,0.0,0.0,0.0,0.0,0.0,2.8925872,0.0,0.0,2.3273015,0.0,0.90039086,0.90039086,0.90039086,0.0,0.0,0.3966631,0.3966631,0.0,0.0,0.67991495,0.0,0.67991495,0.90039086,0.0,0.0,0.0,0.3966631,0.67991495,0.0,1.3663797,0.0,0.0,0.0,0.0,0.0,0.67991495,1.9231179,0.0,3.650342,0.0,2.7476327,0.3966631,0.3966631,0.3966631,0.0
0.0,1.6258668,0.77312255,0.0,0.45948628,0.0,1.2038853,0.0,0.0,0.0,0.0,0.77312255,0.0,0.0,0.45948628,1.2038853,1.0115213,6.329596,0.0,0.77312255,0.0,0.0,2.3901772,1.2038853,0.0,0.0,0.77312255,0.77312255,0.0,2.335262,2.079332,0.45948628,0.0,0.0,0.77312255,0.0,0.77312255,0.0,1.2038853,0.0,0.45948628,0.77312255,1.0115213,0.0,0.45948628,0.0,1.5039802,0.45948628,0.45948628,0.77312255,0.0,0.0,0.45948628,0.0,0.45948628,1.2038853,1.0115213,0.0,0.0,0.45948628,3.0080361,0.0,0.0,2.6682687,0.0,0.77312255,1.0115213,0.0,0.45948628,0.0,0.0,0.0,1.0115213,0.0,0.45948628,0.45948628,0.0,0.0,0.0,0.45948628,0.0,0.45948628,1.0115213,0.0,1.365148,0.0,0.45948628,1.2038853,0.77312255,0.45948628,0.45948628,2.335262,0.77312255,3.8517966,0.45948628,4.364036,2.7079334,0.0,0.45948628,0.0
0.0,0.9559712,0.0,0.42770392,0.0,0.0,0.0,0.0,0.0,0.42770392,0.0,0.42770392,0.0,0.0,0.42770392,0.0,0.9559712,3.480938,0.0,1.4356537,0.0,0.0,1.5552189,0.0,0.0,0.7263226,0.42770392,0.0,0.0,1.2998263,0.9559712,0.0,0.0,0.0,0.0,0.0,0.0,0.0,2.3615305,0.7263226,0.0,0.0,0.0,0.0,0.0,0.0,2.5449116,0.0,0.42770392,0.42770392,0.0,0.0,0.42770392,0.0,0.0,0.42770392,0.0,0.0,0.0,0.42770392,2.979634,0.9559712,0.0,1.6620028,0.0,0.42770392,0.9559712,0.0,0.0,0.0,0.0,0.0,0.42770392,0.0,0.7263226,0.7263226,0.0,0.42770392,0.0,0.0,0.0,0.0,0.0,0.42770392,1.2998263,0.0,0.42770392,0.42770392,0.7263226,0.0,0.0,0.42770392,0.0,2.8020396,0.0,1.758476,0.7263226,0.0,0.0,0.7263226
0.58069354,0.0,0.0,0.0,0.0,0.0,0.0,0.58069354,0.0,0.0,0.0,0.0,0.0,0.0,0.0,0.0,0.0,4.9880238,0.0,0.9456768,0.0,0.58069354,1.4228939,0.58069354,0.0,0.0,0.0,0.0,0.0,1.9876306,0.9456768,0.58069354,0.58069354,0.0,0.0,0.0,0.0,0.58069354,2.0900722,0.0,0.0,1.4228939,0.0,0.0,0.0,0.0,0.0,0.0,0.58069354,0.0,0.58069354,0.0,0.58069354,0.0,0.0,0.0,0.0,0.0,0.0,0.0,2.7699773,0.0,0.58069354,0.9456768,0.58069354,0.0,0.58069354,0.0,0.0,0.58069354,0.0,0.0,0.0,0.0,0.0,0.0,0.0,0.58069354,0.0,0.0,0.0,0.58069354,0.58069354,0.0,1.8734843,0.58069354,0.58069354,0.0,0.58069354,0.58069354,0.58069354,1.7446095,0.0,3.7548008,0.58069354,1.2124863,0.58069354,0.0,0.58069354,0.58069354
0.0,0.0,0.0,0.0,0.0,0.0,0.0,0.0,0.0,0.0,0.0,0.0,0.0,0.0,1.7310961,0.0,0.0,5.6003337,0.0,1.7310961,0.0,0.0,0.0,0.0,0.0,0.0,0.0,0.0,0.0,2.33153,1.7310961,0.0,0.0,0.0,0.0,0.0,0.0,0.0,2.33153,0.0,0.0,0.0,0.0,0.0,0.0,0.0,2.33153,0.0,0.0,0.0,0.0,0.0,0.0,0.0,0.0,0.0,0.0,0.0,0.0,0.0,2.33153,0.0,0.0,2.33153,0.0,0.0,0.0,0.0,0.0,0.0,0.0,0.0,0.0,1.7310961,0.0,0.0,0.0,0.0,0.0,0.0,0.0,0.0,0.0,0.0,0.0,0.0,0.0,0.0,0.0,1.7310961,0.0,0.0,0.0,3.5123773,0.0,2.9748845,2.33153,0.0,0.0,0.0
0.0,0.0,0.0,1.087797,0.0,0.0,1.087797,0.0,0.0,0.0,0.0,0.0,0.0,0.0,1.087797,0.0,0.0,4.5377827,0.0,0.0,0.0,0.0,0.0,0.0,0.0,0.0,0.0,0.0,0.0,1.087797,0.0,0.0,0.0,0.0,0.0,1.087797,0.0,0.0,2.1827781,1.087797,0.0,0.0,1.087797,0.0,0.0,0.0,2.1827781,0.0,1.5964456,0.0,0.0,0.0,0.0,0.0,0.0,0.0,0.0,0.0,0.0,0.0,3.029036,0.0,0.0,1.087797,0.0,0.0,1.5964456,0.0,0.0,0.0,0.0,0.0,1.5964456,1.087797,1.5964456,0.0,0.0,0.0,0.0,0.0,0.0,0.0,1.087797,0.0,1.9319832,0.0,0.0,1.087797,0.0,1.087797,0.0,0.0,0.0,3.4807374,0.0,2.3831182,1.5964456,0.0,0.0,1.087797
0.7559756,0.7559756,0.7559756,0.0,0.7559756,0.0,0.0,0.0,0.0,0.0,0.0,0.0,0.0,0.0,0.7559756,0.7559756,0.0,5.1450667,0.0,0.7559756,0.0,0.0,1.181536,1.4791161,0.0,0.7559756,0.0,0.0,0.7559756,1.7081519,0.0,0.7559756,0.0,0.0,1.4791161,0.7559756,1.181536,0.0,0.7559756,0.7559756,0.0,0.0,0.0,1.181536,0.7559756,0.0,1.7081519,0.0,0.7559756,1.181536,0.7559756,0.0,0.0,0.0,0.0,1.4791161,0.0,0.0,0.7559756,0.7559756,2.678021,0.0,0.0,2.7527652,0.0,1.8943824,1.181536,0.0,0.0,0.0,0.0,0.0,0.0,0.7559756,1.181536,0.0,0.7559756,0.0,0.0,0.7559756,0.0,0.7559756,0.7559756,0.0,1.4791161,1.181536,0.0,1.181536,0.7559756,1.4791161,0.0,2.1869292,0.0,4.0515137,0.0,4.0114164,2.5972357,0.7559756,0.7559756,0.0
0.0,0.3855872,0.3855872,0.3855872,0.0,0.0,0.0,0.0,0.3855872,0.0,0.0,0.0,0.3855872,0.3855872,0.3855872,0.6631801,0.0,5.227724,0.6631801,1.4570656,0.0,0.0,1.962375,0.6631801,0.0,0.3855872,0.0,0.3855872,0.0,0.6631801,0.880221,0.0,0.6631801,0.3855872,0.880221,0.0,0.3855872,0.0,2.1970155,1.2096728,0.0,0.0,0.6631801,0.0,0.0,0.0,1.8205498,0.6631801,0.6631801,0.0,0.0,0.0,0.3855872,0.0,0.0,0.3855872,0.0,0.3855872,0.0,0.880221,3.0101075,0.3855872,0.3855872,1.8939747,0.3855872,0.0,1.0584533,1.0584533,0.3855872,0.0,0.0,0.0,0.0,0.0,0.6631801,0.3855872,0.6631801,0.0,0.0,0.6631801,0.6631801,0.0,0.3855872,0.0,1.6552327,0.3855872,0.0,1.0584533,0.880221,1.0584533,0.6631801,0.880221,0.3855872,3.2735832,0.6631801,2.7760377,0.880221,0.0,0.0,0.0
0.4046501,0.4046501,0.0,0.0,0.0,0.0,0.0,0.6919244,0.0,0.0,0.0,0.4046501,0.4046501,0.4046501,0.0,0.4046501,0.0,4.100237,0.0,0.91482323,0.0,0.0,1.869732,0.4046501,0.0,0.91482323,0.4046501,0.0,0.0,1.3844596,0.6919244,0.0,0.4046501,0.0,0.4046501,0.4046501,0.0,0.0,2.1379073,0.0,0.4046501,0.0,0.4046501,0.0,0.0,0.6919244,1.869732,0.0,0.4046501,0.0,0.0,0.0,0.0,0.4046501,0.0,0.91482323,0.0,0.0,0.4046501,0.0,2.8880608,0.4046501,0.0,2.600424,0.0,0.6919244,0.91482323,0.0,0.0,0.0,0.0,0.6919244,0.0,0.6919244,0.4046501,0.4046501,0.6919244,0.0,0.0,0.4046501,0.4046501,0.6919244,0.6919244,0.0,1.7897208,0.0,0.0,0.4046501,0.91482323,0.0,0.0,1.6074808,0.0,3.4633656,0.0,2.0127826,1.0969816,0.0,0.0,0.4046501
0.0,0.44021183,0.74482477,0.0,0.0,0.74482477,0.44021183,0.0,0.0,0.0,0.0,0.0,0.0,0.0,0.0,0.0,0.44021183,4.952096,0.0,0.0,0.44021183,0.0,2.1028492,0.44021183,0.0,0.0,0.9779909,0.74482477,0.0,2.168197,0.44021183,0.0,0.0,0.0,0.44021183,0.44021183,0.0,0.0,1.8764623,0.44021183,0.0,0.74482477,0.74482477,0.0,0.44021183,0.0,1.7879732,0.0,1.5833513,0.0,0.74482477,0.0,0.0,0.0,0.0,0.44021183,0.0,0.44021183,0.0,0.0,2.4430153,0.44021183,0.74482477,2.3419611,0.0,0.44021183,1.1669388,0.0,0.0,1.1669388,0.0,0.0,0.0,0.0,0.0,0.74482477,0.44021183,0.44021183,0.0,0.0,0.0,0.0,0.74482477,0.0,1.8764623,0.0,0.0,1.1669388,0.44021183,0.44021183,0.0,2.287327,0.0,3.6954968,0.44021183,3.1643977,2.229535,0.74482477,0.44021183,0.0
0.51369536,1.4718485,0.85139495,0.0,0.51369536,0.0,0.0,0.85139495,0.0,0.85139495,0.85139495,0.0,0.0,0.51369536,0.0,0.51369536,1.3044945,5.1642556,0.0,0.51369536,0.0,0.51369536,1.6151692,0.85139495,0.0,0.51369536,0.51369536,0.0,0.0,2.2035906,1.1033906,1.6151692,0.51369536,0.0,0.0,0.0,0.0,0.0,2.04311,0.51369536,0.0,0.51369536,0.0,0.51369536,0.0,0.0,1.9520495,0.0,1.7405003,0.51369536,0.0,0.0,0.0,0.0,0.0,0.85139495,0.51369536,0.0,0.0,0.51369536,3.1129198,0.51369536,0.0,2.5715594,0.51369536,0.51369536,0.85139495,0.51369536,0.0,0.0,0.0,0.0,0.0,0.0,0.0,0.0,0.0,0.0,0.0,0.0,0.0,0.0,1.1033906,0.0,1.9520495,0.0,0.51369536,0.85139495,0.85139495,0.51369536,0.51369536,2.2035906,0.0,4.160708,0.0,2.463283,1.3044945,1.3044945,0.0,0.0
0.0,1.6004114,0.0,0.582782,0.0,0.582782,0.9485752,1.4264897,0.0,0.9485752,0.0,0.582782,0.582782,0.0,0.9485752,0.0,0.0,5.425963,0.0,0.9485752,0.9485752,0.0,1.991718,0.0,0.0,0.582782,1.2158151,0.0,0.0,2.723809,1.2158151,0.582782,1.4264897,0.0,0.0,0.9485752,0.0,0.0,0.9485752,0.9485752,0.0,0.9485752,0.9485752,0.0,0.0,0.0,1.4264897,0.0,1.2158151,0.0,1.4264897,0.582782,0.0,1.2158151,0.0,0.0,0.0,0.582782,0.0,1.4264897,2.6141956,0.0,0.9485752,2.9949489,0.0,0.582782,0.9485752,0.582782,0.0,0.9485752,0.0,0.0,0.0,0.582782,0.9485752,0.0,0.9485752,0.582782,0.0,0.582782,0.582782,0.582782,1.7485187,0.0,1.7485187,0.0,0.582782,0.0,0.9485752,0.9485752,0.582782,2.0942225,0.9485752,4.257161,0.0,5.0296187,2.5545268,0.0,0.9485752,0.582782
0.0,1.9938091,0.6451157,0.0,0.0,0.0,0.0,1.3133533,0.0,0.0,0.0,1.3133533,0.6451157,0.0,0.0,0.6451157,0.6451157,6.929806,0.0,0.0,0.6451157,0.0,1.5314397,1.0340436,0.6451157,0.0,0.0,0.6451157,0.0,2.950952,2.110172,0.6451157,0.0,0.0,0.6451157,0.0,0.0,0.0,1.5314397,0.0,0.6451157,0.0,0.0,0.6451157,0.6451157,0.6451157,1.0340436,0.0,0.0,0.0,1.0340436,1.0340436,0.0,0.0,0.6451157,0.0,0.6451157,0.0,0.0,1.3133533,2.950952,1.0340436,0.0,3.0838702,0.0,0.6451157,0.6451157,0.0,0.0,0.0,0.0,0.6451157,1.0340436,0.0,0.6451157,1.3133533,0.0,0.0,0.0,0.0,0.6451157,0.0,0.6451157,0.0,1.7103754,0.6451157,0.6451157,1.5314397,1.8621006,1.0340436,0.0,2.6164396,0.0,4.435225,1.0340436,3.815604,1.5314397,0.0,1.0340436,0.0
0.72166914,1.838854,0.72166914,0.0,0.0,0.0,0.72166914,1.1364636,0.0,0.0,0.72166914,0.72166914,0.72166914,0.0,0.0,1.1364636,0.72166914,6.0119486,0.0,0.0,0.0,0.0,0.0,1.4287779,0.0,0.72166914,0.72166914,0.72166914,0.0,2.449163,1.9943181,0.72166914,0.0,0.0,0.72166914,0.0,0.0,0.0,1.6546906,0.0,0.72166914,0.72166914,0.72166914,0.0,0.0,1.1364636,1.1364636,0.0,0.0,0.72166914,0.72166914,0.0,0.0,0.0,0.72166914,1.1364636,0.72166914,0.0,0.0,0.0,2.2473812,0.72166914,0.72166914,3.9671814,0.0,1.4287779,0.0,0.72166914,0.72166914,0.0,0.72166914,0.0,0.72166914,0.0,0.72166914,1.1364636,0.0,0.0,0.0,0.0,1.1364636,0.0,0.72166914,0.0,1.4287779,0.0,1.9943181,0.0,0.0,0.72166914,1.4287779,3.144806,0.72166914,4.8598256,0.72166914,3.6656914,5.6908474,0.0,0.0,0.0
0.76977754,0.76977754,0.0,0.0,0.0,0.0,0.0,0.76977754,0.0,0.0,0.76977754,0.0,0.76977754,0.0,0.0,0.76977754,0.0,4.7002335,0.0,0.0,0.0,0.0,1.9163975,0.0,0.76977754,0.76977754,0.76977754,0.0,0.76977754,2.436554,0.76977754,0.0,0.0,0.0,1.1995345,0.0,0.0,0.0,1.7293775,0.0,0.0,0.0,0.0,0.0,0.0,0.0,1.7293775,0.76977754,0.76977754,0.0,1.1995345,0.76977754,0.0,0.0,0.0,0.0,0.0,0.76977754,0.0,0.76977754,2.9117684,0.76977754,0.0,1.9163975,0.0,1.4991447,1.9163975,0.76977754,0.0,0.0,0.0,1.1995345,0.0,0.76977754,0.0,0.76977754,0.0,0.0,0.76977754,0.0,0.0,0.0,0.0,0.0,1.1995345,0.0,0.0,0.0,0.76977754,0.76977754,0.76977754,1.9163975,0.0,3.6701155,0.0,2.7769988,1.9163975,1.4991447,0.0,0.0
0.8268795,0.8268795,0.0,0.0,0.0,0.0,0.0,1.2732228,0.0,0.8268795,0.8268795,0.8268795,0.0,0.0,0.8268795,0.0,0.0,4.864587,0.0,0.0,0.0,0.0,2.3029065,1.2732228,0.0,0.0,0.0,0.0,1.2732228,3.3325489,2.3029065,0.0,1.2732228,0.0,0.8268795,0.8268795,1.2732228,0.0,0.8268795,0.8268795,0.0,1.2732228,0.0,0.0,0.8268795,0.0,0.8268795,0.0,0.0,0.0,1.2732228,1.580734,0.0,0.8268795,0.0,1.2732228,0.8268795,0.0,0.0,1.580734,2.1652799,0.0,0.0,2.8747084,0.0,0.8268795,1.815589,0.0,0.0,0.8268795,0.0,0.0,0.0,0.0,0.8268795,1.2732228,0.8268795,0.0,0.8268795,0.0,1.580734,0.8268795,0.8268795,0.0,1.2732228,1.2732228,0.8268795,2.3029065,1.580734,0.0,1.580734,2.3029065,0.0,4.1986275,0.0,3.0717103,1.2732228,0.8268795,1.2732228,0.0
0.0,0.0,0.0,0.0,0.0,0.0,0.0,1.3642799,0.0,1.3642799,0.0,0.0,0.0,1.3642799,2.537785,1.3642799,0.0,5.233383,0.0,0.0,0.0,0.0,2.276109,0.0,0.0,0.0,0.0,0.0,0.0,0.0,0.0,0.0,1.3642799,0.0,0.0,0.0,0.0,0.0,1.3642799,0.0,1.3642799,0.0,0.0,0.0,0.0,0.0,2.276109,0.0,0.0,1.3642799,0.0,0.0,1.3642799,0.0,0.0,0.0,0.0,0.0,0.0,0.0,2.744994,0.0,0.0,2.276109,0.0,2.537785,0.0,0.0,0.0,0.0,0.0,0.0,0.0,1.3642799,0.0,0.0,0.0,0.0,0.0,0.0,0.0,1.3642799,0.0,0.0,2.276109,0.0,0.0,1.3642799,1.9207108,0.0,1.3642799,1.3642799,0.0,3.660165,0.0,4.4135413,2.9165497,0.0,0.0,1.3642799
0.0,0.0,1.4175397,0.0,0.0,0.0,0.9413646,0.0,0.0,0.9413646,0.0,0.9413646,0.9413646,0.0,0.0,0.0,0.0,4.7595835,0.0,0.9413646,0.0,0.0,1.9815404,2.1767254,0.0,0.0,0.9413646,0.0,0.0,2.9013255,0.0,0.0,0.9413646,0.9413646,1.4175397,0.0,0.0,0.0,1.4175397,0.0,0.0,0.0,0.0,0.0,0.9413646,0.0,0.0,0.0,1.4175397,0.0,0.0,0.0,0.0,0.0,0.9413646,1.4175397,0.0,0.0,0.0,0.0,3.0598896,0.0,0.0,3.566613,0.0,1.4175397,0.9413646,0.0,0.0,0.0,1.4175397,0.0,0.0,0.9413646,0.9413646,0.0,0.0,0.0,0.0,0.0,0.9413646,0.9413646,0.9413646,0.0,1.9815404,0.9413646,1.4175397,0.9413646,1.4175397,0.9413646,1.4175397,2.1767254,0.0,4.71856,0.0,3.1967185,1.4175397,2.339964,1.4175397,0.0
0.0,0.0,1.0181373,0.0,1.0181373,0.0,1.0181373,0.0,0.0,2.088418,1.0181373,0.0,0.0,0.0,0.0,1.0181373,0.0,4.4527836,0.0,0.0,0.0,0.0,1.0181373,0.0,0.0,0.0,0.0,0.0,0.0,3.2485309,1.5120605,0.0,2.7176223,0.0,0.0,0.0,0.0,0.0,1.8412006,1.0181373,0.0,2.4517121,0.0,0.0,0.0,0.0,0.0,0.0,1.0181373,0.0,0.0,0.0,0.0,0.0,0.0,2.088418,0.0,0.0,1.0181373,3.2485309,3.100831,0.0,0.0,1.5120605,0.0,0.0,1.0181373,1.0181373,0.0,1.0181373,0.0,0.0,0.0,0.0,1.0181373,2.088418,1.0181373,0.0,0.0,0.0,1.5120605,0.0,0.0,0.0,1.5120605,0.0,0.0,1.0181373,1.5120605,1.0181373,1.0181373,2.088418,1.0181373,4.053125,0.0,3.3149316,2.4517121,1.0181373,0.0,0.0
0.0,0.0,1.6924224,0.0,1.6924224,0.0,1.1682354,0.0,0.0,0.0,0.0,0.0,1.1682354,0.0,0.0,0.0,1.1682354,4.9461155,0.0,0.0,0.0,0.0,1.6924224,1.1682354,0.0,0.0,1.1682354,0.0,0.0,2.9301531,0.0,0.0,1.1682354,0.0,1.6924224,1.1682354,1.1682354,0.0,1.1682354,0.0,0.0,1.6924224,1.1682354,0.0,0.0,0.0,2.2890184,0.0,0.0,0.0,1.1682354,0.0,0.0,0.0,0.0,1.1682354,0.0,0.0,0.0,3.5335312,2.9301531,1.6924224,0.0,2.0345666,0.0,1.6924224,0.0,0.0,0.0,1.1682354,0.0,0.0,0.0,0.0,0.0,2.4916804,1.1682354,0.0,0.0,0.0,2.6601107,0.0,1.1682354,0.0,0.0,0.0,0.0,1.6924224,2.0345666,1.6924224,1.1682354,0.0,1.6924224,3.466622,0.0,2.9301531,2.0345666,1.1682354,0.0,0.0
1.0891035,0.0,0.0,0.0,0.0,0.0,1.0891035,0.0,0.0,0.0,1.0891035,0.0,0.0,1.0891035,1.5980165,0.0,1.0891035,4.9202805,0.0,0.0,0.0,0.0,1.9336679,0.0,0.0,0.0,0.0,0.0,0.0,2.8197627,1.0891035,0.0,0.0,0.0,0.0,0.0,1.5980165,0.0,2.3849063,0.0,0.0,0.0,0.0,0.0,0.0,0.0,2.184526,0.0,0.0,0.0,0.0,0.0,0.0,0.0,1.0891035,2.6947124,0.0,0.0,0.0,0.0,2.8197627,0.0,0.0,2.8197627,0.0,1.5980165,1.5980165,1.0891035,1.0891035,0.0,1.0891035,1.0891035,0.0,0.0,0.0,1.0891035,0.0,0.0,0.0,0.0,0.0,0.0,0.0,1.0891035,1.0891035,0.0,1.0891035,1.5980165,1.0891035,0.0,0.0,0.0,1.0891035,3.792685,0.0,3.5970097,1.9336679,0.0,0.0,0.0
0.0,1.3090631,0.85499024,0.0,0.0,0.0,1.3090631,0.0,0.0,0.0,0.0,0.0,0.85499024,0.0,0.85499024,1.3090631,0.0,5.9420896,0.0,0.85499024,0.85499024,0.0,3.1189063,0.85499024,0.0,0.0,0.0,1.3090631,0.0,2.209165,1.3090631,0.0,0.0,0.0,1.8571422,0.85499024,0.0,0.0,1.3090631,0.0,0.0,0.0,0.0,0.0,0.85499024,0.0,1.6201907,0.0,0.85499024,0.0,1.3090631,1.3090631,0.0,0.85499024,0.0,1.6201907,0.85499024,0.0,0.0,0.0,2.9214163,1.3090631,0.0,2.764107,0.0,1.6201907,0.85499024,0.0,0.0,0.0,0.0,0.0,0.85499024,0.85499024,1.6201907,0.0,0.0,0.0,0.0,0.0,0.0,0.0,1.6201907,0.0,1.6201907,0.0,0.0,0.0,0.85499024,1.6201907,0.85499024,0.85499024,0.0,3.659395,0.85499024,3.380259,1.6201907,0.0,1.3090631,0.85499024
0.0,1.5671158,0.0,0.4329695,0.4329695,0.4329695,0.0,0.4329695,0.0,0.0,0.0,0.7341252,0.0,0.0,0.0,0.9652667,0.0,3.839746,0.0,0.0,0.0,0.0,2.0151632,0.7341252,0.4329695,0.4329695,0.0,0.0,0.0,1.8591521,2.7138705,0.9652667,0.0,0.0,0.4329695,0.4329695,0.0,0.0,1.8591521,0.0,0.0,0.0,0.4329695,0.0,0.4329695,0.7341252,1.6742202,0.0,0.4329695,0.0,0.0,0.0,0.0,0.0,0.4329695,1.4471484,0.0,0.0,0.0,0.4329695,3.0722075,0.7341252,0.0,2.6393359,0.4329695,1.1528848,0.7341252,0.0,0.0,0.0,0.0,0.4329695,0.7341252,0.0,0.0,0.4329695,0.4329695,0.4329695,0.0,0.4329695,0.0,0.7341252,0.4329695,0.0,1.4471484,0.0,0.0,0.4329695,0.0,0.0,0.9652667,2.6772976,0.0,3.9288464,0.4329695,1.8591521,0.4329695,0.0,1.1528848,0.0
0.0,1.3528972,0.0,0.0,0.6710068,0.0,0.0,1.0689814,0.0,1.0689814,0.0,0.6710068,0.0,0.0,0.6710068,0.0,0.0,5.427681,0.0,0.6710068,0.0,0.0,1.7545817,1.0689814,0.0,0.0,0.6710068,0.6710068,0.0,2.357268,1.5737741,1.0689814,0.0,0.0,0.0,1.5737741,0.6710068,0.0,1.5737741,0.0,0.0,0.0,0.0,0.6710068,0.0,0.6710068,1.5737741,0.0,0.0,0.6710068,0.6710068,0.0,0.0,0.0,0.0,0.6710068,0.0,0.0,0.0,0.6710068,2.443934,0.0,0.0,2.1575184,0.0,0.6710068,0.6710068,0.6710068,0.0,0.0,0.0,0.0,0.0,0.0,1.0689814,0.6710068,0.0,0.0,0.0,0.0,0.0,0.0,1.0689814,0.0,1.7545817,1.0689814,0.0,1.0689814,0.0,0.0,0.6710068,2.040368,0.0,3.9813871,0.6710068,2.040368,3.8063395,0.0,0.6710068,0.0
0.0,0.32450622,0.0,0.0,1.193948,0.0,0.32450622,0.32450622,0.0,0.0,0.0,0.0,0.0,0.56911045,0.0,0.32450622,0.56911045,3.4056673,0.0,1.4028513,0.0,0.0,2.3948936,0.32450622,0.0,0.76548743,0.0,0.0,0.32450622,0.92955816,0.32450622,0.0,0.0,0.0,0.32450622,0.32450622,0.0,0.32450622,2.1595168,0.76548743,0.0,0.32450622,0.32450622,0.0,0.0,0.0,2.4292512,0.0,0.0,0.0,0.32450622,0.32450622,0.0,0.0,0.32450622,0.0,0.0,0.0,0.0,0.32450622,3.2983384,1.0704656,0.0,1.3038448,0.32450622,0.32450622,1.4929326,0.56911045,0.0,0.32450622,0.0,0.56911045,1.0704656,0.32450622,0.0,0.56911045,0.0,0.56911045,0.0,0.0,0.0,0.76548743,0.76548743,0.0,1.6518883,0.0,0.32450622,0.0,0.0,0.0,0.0,0.56911045,0.0,3.059524,0.0,1.9095738,0.76548743,0.56911045,0.0,0.32450622
0.0,0.0,0.0,0.0,0.0,0.0,0.29484916,0.5222684,0.0,0.0,0.0,0.0,0.29484916,0.0,0.0,0.0,0.0,3.4932268,0.0,0.0,0.0,0.29484916,1.5627993,0.29484916,0.0,0.8636049,0.29484916,0.0,0.7074303,0.8636049,1.5627993,1.1176115,0.29484916,0.0,0.0,0.0,0.5222684,0.5222684,2.2941513,0.0,0.0,0.0,0.29484916,0.7074303,0.29484916,0.5222684,1.7580187,0.0,0.7074303,0.29484916,0.0,0.0,0.0,0.0,0.0,0.0,0.0,0.0,0.0,0.7074303,2.5651288,0.7074303,0.0,2.145267,0.29484916,0.7074303,0.5222684,1.2239126,0.29484916,0.29484916,0.0,0.0,0.29484916,0.29484916,0.0,0.0,0.0,0.0,0.0,0.5222684,0.0,0.5222684,0.9986515,0.0,1.2239126,0.5222684,0.29484916,0.0,0.5222684,0.5222684,0.5222684,1.7580187,0.0,3.7573953,0.0,1.8697662,0.7074303,0.29484916,1.2239126,0.0
0.90114295,1.9241996,0.90114295,0.0,0.0,0.0,0.0,0.0,0.0,0.0,0.90114295,0.0,0.0,1.3673235,1.3673235,0.0,0.90114295,4.08592,0.0,0.90114295,0.0,0.0,1.9241996,0.90114295,0.0,0.0,0.0,0.90114295,0.0,1.3673235,0.90114295,0.0,0.0,0.0,0.0,0.0,0.0,0.0,2.541549,1.3673235,0.0,0.90114295,0.0,0.0,0.0,0.0,2.1177099,0.0,0.0,0.0,0.0,0.0,0.0,0.0,0.0,1.3673235,0.0,0.90114295,0.0,0.0,3.0668347,0.90114295,0.0,0.0,0.90114295,1.6840346,1.9241996,0.90114295,0.0,0.0,0.0,0.0,0.0,0.90114295,0.90114295,0.0,0.0,0.0,0.0,0.0,0.0,0.0,0.90114295,0.0,1.9241996,0.0,0.0,0.0,0.0,1.6840346,0.0,0.90114295,0.0,3.5017407,0.90114295,2.541549,2.1177099,0.0,0.0,0.0
0.0,1.1078978,0.0,0.0,0.7001194,0.0,0.7001194,0.0,0.0,1.6205702,0.0,1.1078978,0.0,0.0,0.7001194,0.7001194,0.0,4.370428,0.0,1.1078978,0.0,0.7001194,0.7001194,0.0,0.0,1.1078978,0.0,0.7001194,0.7001194,2.0916111,1.9578329,1.1078978,0.0,0.0,0.0,0.7001194,0.0,0.0,2.0916111,0.0,0.0,0.0,0.7001194,0.7001194,0.0,0.7001194,1.6205702,0.0,1.6205702,0.0,0.7001194,0.0,0.0,0.7001194,0.0,1.3967345,0.0,0.0,0.0,0.0,2.3151002,0.0,0.0,2.721026,0.0,0.7001194,0.7001194,0.7001194,0.0,0.0,0.0,0.0,0.7001194,0.0,0.0,0.0,0.7001194,0.0,0.0,1.1078978,0.0,0.0,1.3967345,0.0,1.8033528,0.0,0.7001194,0.7001194,0.7001194,0.7001194,0.0,1.6205702,0.0,4.108011,0.0,2.0916111,1.1078978,0.0,0.0,0.0
0.0,1.2644928,0.0,0.0,0.0,0.82006526,0.82006526,0.0,0.0,0.0,0.82006526,0.0,0.0,1.5711012,0.82006526,0.0,0.0,5.248741,0.0,1.2644928,0.0,0.0,0.82006526,0.82006526,0.82006526,0.0,0.82006526,0.0,0.82006526,2.2919827,0.82006526,0.0,0.0,0.0,0.0,0.0,0.0,0.0,1.995141,0.0,0.0,1.8054309,0.0,0.0,0.0,0.0,0.82006526,0.0,0.82006526,0.0,1.2644928,0.0,0.0,0.0,0.0,1.5711012,0.82006526,0.0,0.0,2.9332755,3.0601318,0.82006526,0.0,1.8054309,0.0,0.0,0.82006526,0.82006526,0.0,1.5711012,0.0,0.0,0.0,0.0,0.0,1.2644928,0.82006526,0.0,0.82006526,0.0,0.82006526,0.0,0.0,0.0,2.154536,0.0,0.0,0.82006526,0.0,1.2644928,0.82006526,1.2644928,1.5711012,4.063527,0.82006526,2.4128003,2.787956,2.2919827,0.0,0.82006526
0.80048364,1.4027935,0.80048364,0.0,0.0,0.47828722,1.4027935,0.0,0.0,0.0,0.0,0.80048364,0.80048364,0.47828722,0.0,0.47828722,0.0,4.151945,0.0,0.80048364,0.0,0.0,1.6664157,0.80048364,0.0,0.47828722,0.0,0.47828722,0.47828722,1.5432667,1.6664157,0.0,0.80048364,0.0,0.47828722,0.0,0.47828722,0.0,2.0472279,0.80048364,0.47828722,0.47828722,1.0437782,0.0,0.47828722,0.0,2.123423,0.47828722,0.0,0.0,0.47828722,0.0,0.0,0.0,0.0,0.47828722,0.80048364,0.0,0.0,0.47828722,2.7548964,1.0437782,0.0,2.3807435,0.0,1.0437782,0.47828722,0.47828722,0.0,0.0,0.0,0.0,0.0,0.0,0.47828722,1.0437782,0.0,0.0,0.80048364,0.47828722,0.0,0.0,0.0,0.0,1.2393115,0.0,0.47828722,0.80048364,0.0,0.0,0.0,2.1942217,0.0,4.1990657,0.0,2.8300335,1.7760484,0.0,0.0,0.47828722
0.0,0.0,0.0,0.32139218,0.32139218,0.0,0.0,0.759468,0.0,0.0,0.32139218,0.0,0.32139218,0.0,0.0,0.0,0.5642295,3.7086787,0.0,1.1860974,0.0,0.0,1.9551164,0.32139218,0.0,0.759468,0.0,0.0,0.32139218,0.759468,1.2956375,0.5642295,0.0,0.0,0.0,0.0,0.759468,0.0,2.3122494,1.063065,0.0,0.0,0.32139218,0.0,0.0,0.32139218,2.057047,0.0,0.0,0.32139218,0.0,0.0,0.32139218,0.32139218,0.0,0.0,0.922744,0.32139218,0.0,0.32139218,3.2874742,0.32139218,0.0,1.8416044,0.0,0.5642295,0.759468,0.922744,0.0,0.0,0.0,0.0,0.32139218,0.5642295,0.0,0.32139218,0.32139218,0.0,0.0,0.0,0.32139218,0.759468,0.32139218,0.0,1.3943545,0.32139218,0.0,0.5642295,0.32139218,0.5642295,0.0,0.922744,0.0,3.514466,0.0,2.2342012,1.2956375,0.32139218,0.32139218,0.32139218
0.9369056,0.0,0.0,0.0,0.0,0.0,0.9369056,0.9369056,0.0,0.0,0.0,0.0,0.0,0.0,0.0,0.9369056,0.0,4.1924844,0.0,0.0,0.0,0.0,0.0,0.0,0.0,0.0,0.0,0.0,0.0,0.9369056,0.0,0.0,0.0,0.0,0.9369056,0.0,0.0,0.9369056,1.7327552,2.170237,0.0,0.9369056,0.0,0.9369056,0.0,0.0,1.4119972,0.0,1.4119972,0.0,0.0,0.0,0.9369056,0.0,0.0,0.9369056,0.9369056,0.0,0.9369056,0.9369056,2.8046155,0.0,0.0,2.5964909,0.0,0.0,0.0,0.0,0.0,0.0,0.0,0.0,0.0,0.9369056,0.0,0.0,0.0,0.9369056,0.0,0.9369056,0.0,0.0,0.0,0.0,0.9369056,0.0,0.9369056,0.9369056,0.0,0.0,1.4119972,0.9369056,0.9369056,3.514333,0.0,0.9369056,0.9369056,0.0,0.0,0.0
0.0,0.39513865,0.39513865,0.39513865,1.0778517,0.39513865,0.39513865,0.67761725,0.67761725,0.39513865,0.0,0.0,0.67761725,0.0,0.8976257,0.67761725,0.8976257,4.3129134,0.0,0.39513865,0.39513865,0.0,1.2305028,1.0778517,0.39513865,0.39513865,0.39513865,0.67761725,0.0,2.1124954,1.0778517,0.0,0.67761725,0.0,1.4798144,1.0778517,0.67761725,0.0,2.2233286,0.0,0.0,0.67761725,0.67761725,0.0,0.0,0.0,1.919138,0.0,0.0,0.39513865,0.39513865,0.39513865,0.0,0.39513865,0.39513865,0.0,0.67761725,0.8976257,0.0,2.1124954,2.7739809,1.3629081,0.39513865,1.6792084,0.0,0.39513865,1.3629081,0.67761725,0.67761725,0.39513865,0.39513865,0.39513865,0.39513865,0.8976257,0.0,0.8976257,0.67761725,0.0,0.0,0.0,0.67761725,0.39513865,0.39513865,0.0,1.3629081,0.0,0.0,1.4798144,0.39513865,1.919138,0.0,1.0778517,0.39513865,3.553097,0.0,1.8453777,0.67761725,0.0,0.67761725,0.39513865
0.0,0.9358685,0.0,0.0,0.0,0.0,0.5736389,0.0,0.5736389,0.0,0.0,0.9358685,0.0,0.5736389,0.5736389,0.0,0.5736389,3.810182,0.0,0.5736389,0.0,0.0,0.0,1.201211,0.0,0.0,0.0,0.5736389,0.0,1.9737625,0.5736389,0.5736389,0.0,0.0,1.4107072,0.0,0.0,1.201211,1.201211,0.5736389,0.0,0.0,0.9358685,0.0,0.0,0.0,1.9737625,0.0,0.5736389,0.0,0.0,0.0,0.0,0.0,0.0,0.5736389,0.0,0.0,0.0,0.0,3.155582,0.0,0.0,1.7313511,0.0,0.5736389,1.201211,0.0,0.5736389,0.0,0.0,0.0,0.0,0.9358685,0.5736389,0.5736389,0.5736389,0.0,0.0,0.0,0.5736389,0.9358685,0.9358685,0.0,1.4107072,0.5736389,0.5736389,1.4107072,0.5736389,0.5736389,0.5736389,1.201211,0.5736389,3.4893074,0.0,1.9737625,0.5736389,0.0,0.0,0.0
0.0,1.004367,1.004367,0.0,0.0,0.35945234,0.62330896,0.8318799,0.0,0.0,0.35945234,0.35945234,0.8318799,0.62330896,0.35945234,0.35945234,0.35945234,3.9766471,0.0,0.35945234,0.35945234,0.0,0.35945234,1.1514335,0.8318799,0.35945234,0.8318799,0.0,0.35945234,2.6059287,0.0,0.0,1.004367,0.0,1.8905606,0.62330896,0.0,0.0,1.8230217,0.35945234,0.62330896,1.4952289,0.0,0.0,0.35945234,0.35945234,1.4952289,0.0,0.62330896,0.35945234,1.004367,0.0,0.0,0.0,0.35945234,0.8318799,0.35945234,1.3932235,0.0,2.2670505,2.8334575,0.35945234,0.8318799,1.6724966,0.0,0.35945234,1.2796185,0.35945234,0.8318799,0.0,0.0,0.0,0.0,0.0,0.35945234,0.8318799,0.8318799,0.62330896,1.1514335,0.62330896,0.35945234,0.62330896,0.35945234,0.0,1.6724966,0.0,0.0,1.7505887,0.8318799,0.35945234,0.62330896,0.0,1.2796185,2.9531837,0.0,1.8905606,0.0,0.0,0.35945234,0.35945234
0.9989982,0.0,0.0,0.0,0.0,0.0,0.0,0.0,0.9989982,0.0,0.0,0.0,0.0,0.0,0.0,0.0,0.0,4.4230113,0.0,0.0,0.0,0.0,1.8159121,1.4886525,0.0,0.0,0.9989982,0.9989982,0.0,1.8159121,0.9989982,0.0,0.0,0.0,0.0,0.9989982,0.0,0.0,1.4886525,0.0,0.0,0.0,0.0,0.0,0.0,0.0,2.259448,0.0,0.0,0.0,0.0,0.0,0.0,0.0,0.0,0.9989982,0.0,0.0,0.0,0.0,3.1485512,0.9989982,0.0,2.5656352,0.0,0.9989982,1.4886525,0.0,0.0,0.0,0.0,0.0,0.0,0.0,0.9989982,0.0,0.9989982,0.0,0.9989982,0.0,0.0,0.0,0.0,0.0,2.0620716,0.9989982,0.0,1.8159121,0.0,0.9989982,0.0,0.9989982,0.9989982,3.7002616,0.0,2.7997198,1.4886525,0.0,0.0,0.0
0.6812145,1.3683416,0.0,0.0,0.0,0.0,1.5902767,1.5902767,0.0,0.0,0.0,0.6812145,1.3683416,0.6812145,0.6812145,0.0,0.0,6.9579477,0.0,0.0,0.0,0.0,0.0,0.6812145,0.0,0.0,0.6812145,0.6812145,0.6812145,2.2810028,1.5902767,0.0,0.0,0.0,0.0,0.0,0.0,0.0,1.7717918,1.0826702,0.0,0.0,0.0,0.0,0.0,0.6812145,1.0826702,0.0,0.0,0.6812145,0.6812145,0.6812145,0.0,0.0,0.6812145,0.6812145,1.3683416,0.0,1.0826702,0.6812145,2.7500968,0.0,0.6812145,1.3683416,0.0,0.6812145,0.0,0.0,0.6812145,0.0,0.0,0.0,0.0,0.0,0.6812145,1.0826702,0.6812145,0.0,0.0,0.0,0.0,0.0,0.6812145,0.0,1.0826702,0.0,0.6812145,0.6812145,0.0,0.0,0.6812145,1.0826702,1.0826702,3.5030656,0.0,4.1035166,4.2938027,1.3683416,0.6812145,0.0
0.8454734,1.0964835,0.5095489,0.8454734,1.9431723,0.0,1.0964835,0.5095489,0.0,0.8454734,0.0,0.5095489,1.0964835,0.0,0.0,0.5095489,0.5095489,4.5986686,0.0,0.5095489,0.0,0.8454734,2.7050686,1.4638804,0.0,0.0,0.0,0.0,0.5095489,2.790209,1.8431369,1.6068828,0.8454734,0.0,0.0,0.0,0.0,1.0964835,1.6068828,1.0964835,0.0,0.8454734,0.8454734,0.0,0.5095489,0.0,1.4638804,0.5095489,0.5095489,1.0964835,1.2969604,0.5095489,0.0,0.5095489,0.5095489,0.0,0.5095489,0.0,0.0,0.8454734,3.1030288,1.8431369,0.5095489,2.611999,0.5095489,1.2969604,1.4638804,0.5095489,0.0,0.5095489,0.0,0.0,0.5095489,0.5095489,0.0,0.5095489,0.5095489,0.5095489,0.0,0.8454734,0.5095489,0.0,1.0964835,0.0,1.7319708,0.0,0.5095489,0.8454734,0.0,0.0,0.8454734,1.4638804,0.0,3.677397,0.5095489,2.8686657,1.4638804,0.0,0.8454734,0.0
0.0,0.54084826,0.0,0.0,0.0,0.0,0.54084826,0.0,0.0,0.0,0.54084826,0.8899164,0.0,0.0,0.54084826,0.0,0.8899164,4.4752097,0.0,0.8899164,0.0,0.0,2.262758,0.0,0.54084826,0.0,0.0,0.0,0.54084826,2.57998,1.5232949,0.0,0.54084826,0.0,0.54084826,0.0,0.0,0.54084826,2.1851625,0.0,0.0,0.54084826,0.54084826,0.0,0.0,0.54084826,2.4648695,0.0,0.0,0.0,0.0,0.0,0.0,0.54084826,0.0,0.54084826,0.54084826,0.0,0.0,0.0,2.8204372,0.0,0.0,2.262758,0.54084826,1.7954595,1.1481606,1.1481606,0.54084826,0.54084826,0.54084826,0.0,0.0,0.54084826,0.54084826,0.54084826,0.8899164,0.0,0.0,0.0,0.0,0.0,0.0,0.0,1.668608,0.54084826,0.54084826,0.0,0.0,0.0,0.54084826,1.1481606,0.54084826,3.505132,0.0,2.6329195,0.8899164,0.8899164,0.54084826,0.0
0.79289067,2.5251575,0.0,0.79289067,1.0348424,0.0,1.0348424,1.229509,0.0,0.0,0.79289067,1.0348424,0.0,0.47305363,0.47305363,0.47305363,1.0348424,5.9706426,0.0,0.0,0.0,0.0,3.1774588,1.3923851,0.0,0.0,0.0,0.47305363,0.47305363,3.0711262,2.4755273,0.0,0.47305363,0.47305363,0.47305363,0.47305363,0.47305363,0.0,1.7645767,0.79289067,0.47305363,0.0,0.0,0.79289067,0.0,0.0,1.229509,0.0,0.0,0.47305363,1.5324111,0.0,0.0,0.0,0.0,1.0348424,0.47305363,0.0,0.0,0.47305363,2.4755273,1.0348424,0.47305363,3.6507368,0.0,0.47305363,0.47305363,0.0,0.0,0.47305363,0.0,0.0,0.79289067,0.79289067,0.47305363,0.47305363,0.79289067,0.47305363,0.47305363,0.0,0.47305363,0.0,1.0348424,0.0,1.5324111,0.0,1.7645767,0.0,0.47305363,0.79289067,1.5324111,3.098788,0.47305363,4.7265396,0.79289067,3.2735639,0.47305363,1.0348424,1.3923851,0.0
0.71686286,2.440605,0.0,0.0,0.0,0.0,0.0,1.4216603,0.0,0.0,0.71686286,0.71686286,0.0,0.0,0.71686286,0.71686286,0.0,4.3089166,0.71686286,0.0,0.0,0.0,2.3448765,0.71686286,0.0,0.0,0.71686286,1.4216603,0.0,2.8166041,2.8166041,0.71686286,0.71686286,0.0,1.1301099,1.4216603,0.0,0.0,1.1301099,0.71686286,0.71686286,0.0,1.1301099,0.71686286,0.0,0.0,1.4216603,0.0,0.71686286,0.71686286,0.0,0.0,0.0,0.71686286,0.71686286,1.4216603,0.71686286,0.0,0.71686286,0.71686286,2.6826625,0.0,0.0,3.1358404,0.0,0.0,0.0,0.0,0.71686286,0.71686286,0.0,0.0,0.0,0.71686286,0.71686286,0.71686286,0.71686286,0.0,0.0,0.0,1.1301099,0.0,1.1301099,0.0,1.9862278,0.0,0.71686286,1.4216603,0.71686286,0.0,1.4216603,1.4216603,0.0,4.2358427,1.1301099,2.608302,0.0,1.1301099,0.71686286,0.0
0.89442235,0.0,0.0,0.0,0.89442235,0.0,0.89442235,0.0,0.0,0.0,0.0,0.0,0.89442235,0.0,1.3588834,0.89442235,0.0,5.5431533,2.2696006,0.0,0.0,0.0,2.909688,2.2696006,0.0,1.3588834,0.89442235,0.89442235,0.89442235,3.4456725,0.89442235,0.89442235,2.4088764,0.0,1.3588834,0.89442235,0.0,0.0,0.89442235,0.0,0.0,2.107739,1.3588834,0.0,0.89442235,0.0,0.0,0.0,0.0,0.0,2.107739,0.0,0.0,0.0,0.89442235,1.3588834,0.0,0.0,0.0,1.9145212,2.8276181,0.0,0.89442235,2.8276181,0.0,0.0,1.3588834,0.0,0.0,0.0,0.0,0.0,0.0,0.0,0.0,1.6748075,0.89442235,0.0,0.0,0.0,0.0,0.0,0.89442235,0.0,2.107739,0.0,0.0,1.9145212,1.9145212,1.6748075,0.89442235,0.89442235,0.0,3.943663,0.89442235,3.1218731,1.3588834,0.0,0.0,0.0
0.0,2.1020436,0.8905934,0.0,0.0,0.0,0.8905934,1.3540683,0.0,0.0,0.0,0.0,0.0,0.0,0.0,0.0,0.0,5.794656,0.0,0.0,0.8905934,0.0,2.5251365,1.6695402,0.0,0.0,0.0,1.9089943,0.8905934,2.4029756,1.3540683,1.6695402,0.0,0.0,0.8905934,0.0,0.8905934,0.0,0.0,0.0,0.8905934,0.0,0.0,0.0,0.8905934,0.0,0.0,0.0,0.0,0.0,0.8905934,0.0,0.0,0.8905934,0.0,1.9089943,0.8905934,0.0,0.0,1.3540683,2.8215175,0.0,0.0,1.3540683,0.0,1.3540683,1.3540683,0.0,1.3540683,0.0,0.0,0.0,0.0,0.0,0.0,0.8905934,0.0,0.0,0.0,0.0,0.8905934,0.0,0.8905934,0.0,0.0,0.0,0.0,0.0,0.8905934,0.8905934,1.3540683,0.8905934,0.8905934,3.8495178,0.0,5.898399,4.0435147,0.0,0.8905934,0.0
0.0,1.3662347,0.0,0.0,0.0,0.0,1.3662347,1.9229517,0.90027535,0.0,0.0,0.0,0.90027535,0.0,0.90027535,0.0,0.0,6.005115,0.90027535,0.0,0.0,0.0,1.3662347,1.9229517,0.0,0.0,0.90027535,0.90027535,0.90027535,3.0654414,1.6828448,0.0,1.6828448,0.0,1.3662347,1.3662347,0.0,0.0,2.5402029,0.0,0.0,0.90027535,0.90027535,0.90027535,0.0,0.90027535,0.0,0.0,0.0,0.0,0.0,0.0,0.0,0.90027535,0.0,0.90027535,0.90027535,0.0,0.0,1.9229517,2.7474506,0.0,0.0,2.6491861,0.90027535,0.90027535,0.0,0.0,0.0,0.0,0.0,0.90027535,0.0,0.90027535,0.90027535,0.0,0.0,0.0,0.0,0.0,0.90027535,0.0,1.3662347,0.0,0.0,0.0,0.0,0.90027535,0.90027535,0.0,0.90027535,0.90027535,1.3662347,3.92493,0.0,2.9190328,3.5848162,0.0,1.9229517,0.0
0.5964861,1.2375569,0.0,0.0,0.5964861,0.0,0.0,1.2375569,0.0,0.5964861,0.5964861,0.0,0.5964861,0.9675367,1.2375569,0.0,0.0,7.0591116,0.0,0.5964861,0.0,0.0,1.4499518,0.5964861,0.0,0.5964861,0.5964861,0.0,0.0,1.6250428,2.6427388,1.2375569,0.0,0.0,0.0,1.4499518,0.9675367,0.0,0.9675367,0.5964861,0.0,0.0,0.0,0.5964861,0.0,0.0,1.2375569,0.0,1.4499518,0.0,0.9675367,0.0,0.0,0.0,0.0,0.5964861,0.9675367,0.0,0.0,0.9675367,1.9036125,0.0,0.0,2.5829334,0.0,1.6250428,0.0,0.0,0.0,0.5964861,0.0,0.0,0.0,0.5964861,0.9675367,0.9675367,0.0,0.0,0.0,0.0,0.0,0.0,1.4499518,0.0,1.4499518,0.0,0.0,0.5964861,0.0,0.5964861,0.5964861,1.6250428,0.0,3.7519033,0.9675367,1.7739966,1.2375569,0.5964861,0.9675367,0.0
0.91459906,0.91459906,0.0,0.0,0.0,0.0,0.91459906,1.3841794,0.0,0.0,1.1767029,0.0,0.0,0.0,0.91459906,1.3841794,0.0,6.199214,0.0,0.0,0.0,0.0,0.0,0.0,0.0,0.0,0.91459906,0.5584077,1.3841794,1.7024405,2.5623455,1.7024405,0.5584077,0.0,0.0,0.91459906,0.5584077,0.0,0.5584077,0.0,0.5584077,0.0,0.0,0.5584077,0.0,0.5584077,1.1767029,0.0,0.91459906,0.5584077,0.5584077,0.0,0.0,0.5584077,0.0,0.91459906,0.91459906,0.0,0.0,0.0,1.7024405,0.0,0.5584077,3.889057,0.0,0.91459906,0.0,0.0,0.0,0.0,0.0,0.0,0.0,0.5584077,0.5584077,1.1767029,0.5584077,0.0,0.0,0.0,0.0,0.5584077,1.1767029,0.5584077,2.0452363,0.0,0.0,0.0,0.0,0.91459906,0.5584077,3.1542997,0.0,4.715703,0.5584077,2.3000464,3.0536687,0.0,1.7024405,0.0
0.8020071,1.2412757,0.0,0.598841,0.8020071,0.0,0.3435926,0.598841,0.0,0.598841,0.3435926,0.8020071,0.0,0.0,0.0,0.0,0.97078514,3.5444412,0.0,0.0,0.0,0.0,1.6292486,0.0,0.3435926,1.353262,0.3435926,0.3435926,0.598841,0.97078514,1.5454404,0.0,0.0,0.0,0.0,0.0,0.3435926,0.0,1.967121,0.0,0.8020071,0.0,0.0,0.0,0.0,0.3435926,1.9080684,0.0,0.598841,0.0,0.0,0.3435926,0.0,0.0,0.0,0.97078514,0.3435926,0.598841,0.3435926,0.3435926,2.7311249,0.0,0.3435926,3.9716215,0.0,0.0,0.97078514,0.8020071,0.0,0.0,0.0,0.0,0.598841,0.3435926,0.8020071,0.3435926,0.97078514,0.3435926,0.3435926,0.0,0.3435926,0.3435926,1.2412757,0.0,1.2412757,0.0,0.598841,0.8020071,0.598841,0.0,0.3435926,2.1258566,0.0,4.0881686,0.598841,1.353262,0.97078514,0.0,0.598841,0.0
1.352563,0.9701997,0.59841645,0.34331864,0.59841645,0.0,0.34331864,0.34331864,0.0,0.0,0.34331864,0.59841645,0.9701997,0.34331864,0.34331864,0.8014873,0.34331864,4.696369,0.0,0.0,0.0,0.0,0.8014873,1.1145148,0.0,0.34331864,0.0,0.34331864,0.0,1.9663103,2.2183723,1.544699,0.59841645,0.0,0.0,1.1145148,0.59841645,0.59841645,1.2406056,0.0,0.0,0.59841645,0.0,0.34331864,0.34331864,0.0,0.8014873,0.0,0.9701997,0.34331864,0.59841645,0.34331864,0.0,0.59841645,0.34331864,1.2406056,0.59841645,0.0,0.0,0.8014873,2.1250267,0.34331864,0.0,4.24586,0.34331864,0.34331864,0.59841645,0.59841645,0.0,0.0,0.0,0.0,0.59841645,0.9701997,0.0,0.9701997,0.9701997,0.0,0.0,0.0,0.34331864,0.0,1.6284909,0.0,1.7775614,0.0,1.544699,0.59841645,0.59841645,0.0,0.8014873,3.3622491,0.0,4.9723535,0.59841645,1.9072658,1.544699,0.9701997,1.352563,0.0
0.73872006,1.7470126,0.0,0.0,0.0,0.0,1.0374781,0.31072813,0.0,0.31072813,0.0,1.0374781,0.31072813,0.0,0.31072813,0.31072813,0.31072813,4.4575267,0.0,0.73872006,0.0,0.31072813,1.4538978,0.0,0.0,0.31072813,0.5474486,0.0,0.5474486,1.0374781,2.0698893,0.0,0.31072813,0.0,0.5474486,0.31072813,0.31072813,0.31072813,2.157881,0.31072813,0.31072813,0.31072813,0.5474486,0.0,0.31072813,0.0,1.4538978,0.89921486,1.0374781,0.0,0.73872006,0.31072813,0.0,0.0,0.0,0.73872006,0.31072813,0.0,0.0,0.89921486,2.2768607,0.31072813,0.31072813,4.427513,0.0,0.31072813,0.5474486,0.89921486,0.0,0.31072813,0.5474486,0.0,0.0,0.5474486,0.31072813,0.5474486,0.31072813,0.0,0.0,0.31072813,0.31072813,0.73872006,1.5356152,0.0,1.4538978,0.0,1.0374781,0.73872006,0.31072813,0.5474486,0.5474486,2.8974388,0.0,4.726293,0.5474486,4.176502,1.8085928,0.0,0.5474486,0.5474486
0.3642573,0.6306807,1.0144253,0.3642573,0.0,0.0,0.0,0.0,0.0,0.0,0.0,0.0,0.3642573,0.6306807,0.3642573,1.0144253,0.8408487,3.8531575,0.0,0.3642573,0.3642573,0.3642573,1.1622825,1.0144253,0.0,0.3642573,0.0,0.6306807,0.3642573,1.763684,0.6306807,0.3642573,1.0144253,0.0,0.3642573,0.0,0.0,0.3642573,2.4075956,0.8408487,0.0,0.8408487,0.3642573,0.0,0.3642573,0.6306807,2.1365962,0.3642573,0.0,0.3642573,0.3642573,0.0,0.3642573,0.0,0.3642573,0.6306807,0.6306807,0.6306807,0.0,0.0,2.7960951,0.0,0.3642573,2.083323,0.0,0.3642573,0.6306807,0.3642573,0.0,0.3642573,0.0,0.0,0.0,1.0144253,0.0,0.8408487,1.1622825,0.0,0.3642573,0.3642573,0.3642573,0.3642573,0.8408487,0.3642573,1.763684,0.3642573,0.3642573,0.6306807,0.3642573,0.3642573,0.6306807,1.6853697,0.6306807,3.8987129,0.6306807,1.6853697,0.3642573,1.4051435,0.0,0.3642573
0.0,1.8780967,1.2163161,0.0,0.0,0.0,1.2163161,0.0,0.0,0.0,0.0,0.0,0.5830966,0.0,0.5830966,0.5830966,0.5830966,3.831245,0.0,0.9490116,0.0,0.0,2.4239626,1.4270309,0.0,0.0,0.5830966,0.0,0.5830966,1.992333,1.4270309,0.0,0.5830966,0.0,2.094847,0.5830966,0.5830966,0.0,1.6009798,0.5830966,0.0,0.5830966,2.094847,0.5830966,0.0,0.0,1.2163161,0.0,0.5830966,0.0,0.5830966,0.0,0.0,0.0,0.0,0.0,0.0,0.5830966,0.0,0.5830966,3.071814,0.5830966,0.0,1.2163161,0.5830966,0.0,2.9956253,0.5830966,0.0,0.5830966,1.6009798,0.0,0.0,0.0,0.0,0.5830966,0.0,0.0,0.9490116,0.0,0.0,0.0,0.5830966,0.0,1.8780967,0.5830966,0.0,1.7491069,0.0,2.2728837,0.5830966,1.7491069,0.0,3.7032478,1.2163161,1.4270309,0.0,0.9490116,0.5830966,0.0
0.79011923,1.7603784,0.79011923,0.0,0.0,0.0,0.0,0.79011923,0.0,0.0,1.2259256,0.0,0.0,0.0,0.79011923,0.0,0.0,4.5138707,0.0,0.0,0.0,0.0,0.0,0.79011923,0.0,0.0,0.79011923,0.79011923,0.0,2.2434309,1.7603784,0.0,0.79011923,0.0,1.2259256,0.79011923,0.0,0.0,2.2434309,0.0,1.2259256,0.0,0.0,0.0,0.0,0.0,1.5284399,0.79011923,0.79011923,0.0,0.79011923,0.0,0.0,0.0,0.79011923,0.79011923,0.79011923,0.0,0.0,0.79011923,1.5284399,1.2259256,0.79011923,2.363612,0.0,0.79011923,0.0,0.0,1.2259256,0.79011923,0.0,0.0,0.0,0.0,0.79011923,1.5284399,0.0,0.0,0.0,0.0,1.2259256,0.79011923,1.5284399,0.0,1.5284399,0.0,0.79011923,0.0,1.2259256,0.79011923,0.79011923,2.2434309,0.79011923,4.4170175,0.79011923,1.2259256,0.0,0.79011923,0.79011923,0.79011923
0.0,0.0,0.0,0.0,0.0,0.0,1.7219784,1.7219784,0.0,0.0,0.0,0.0,0.0,0.0,0.0,2.3215222,0.0,3.7462115,0.0,0.0,0.0,0.0,2.3215222,0.0,0.0,1.7219784,0.0,0.0,1.7219784,2.6937325,2.3215222,0.0,0.0,0.0,2.964363,0.0,1.7219784,0.0,1.7219784,0.0,0.0,0.0,0.0,0.0,0.0,1.7219784,0.0,0.0,0.0,0.0,0.0,0.0,0.0,0.0,0.0,1.7219784,0.0,0.0,0.0,0.0,2.6937325,0.0,0.0,2.3215222,0.0,0.0,1.7219784,0.0,0.0,0.0,0.0,0.0,0.0,0.0,0.0,0.0,0.0,0.0,0.0,0.0,0.0,0.0,0.0,0.0,1.7219784,0.0,0.0,0.0,0.0,0.0,0.0,0.0,0.0,4.7121763,0.0,2.6937325,0.0,1.7219784,0.0,0.0
0.0,0.0,0.0,0.0,0.0,0.0,0.0,0.0,0.0,0.0,0.0,0.0,0.0,0.0,0.0,0.0,0.0,4.38658,0.0,0.0,0.0,0.0,0.0,0.0,0.0,0.0,0.0,0.0,0.0,0.0,0.0,0.0,0.0,0.0,0.0,0.0,0.0,0.0,2.7363145,0.0,0.0,0.0,0.0,0.0,0.0,0.0,0.0,0.0,0.0,2.1059628,0.0,0.0,0.0,0.0,2.1059628,2.1059628,0.0,0.0,0.0,2.7363145,2.1059628,0.0,0.0,2.7363145,0.0,0.0,0.0,0.0,0.0,0.0,0.0,0.0,0.0,0.0,0.0,0.0,0.0,0.0,0.0,0.0,0.0,0.0,0.0,0.0,2.1059628,0.0,0.0,0.0,0.0,0.0,0.0,0.0,0.0,3.3965209,2.7363145,2.1059628,0.0,0.0,0.0,0.0
0.8340355,1.282373,1.282373,0.0,0.8340355,0.8340355,0.0,0.8340355,0.8340355,0.0,1.282373,0.0,1.590821,0.0,0.0,1.590821,0.8340355,4.087935,0.0,0.0,0.0,0.0,1.590821,1.590821,0.8340355,0.0,0.0,1.590821,0.0,2.8112748,1.282373,0.0,1.282373,0.0,3.1417384,1.282373,0.0,0.0,1.8262203,0.0,0.8340355,1.282373,0.0,0.0,0.0,0.0,0.0,0.0,0.0,0.0,1.282373,0.0,0.0,0.0,0.0,0.8340355,0.0,0.0,0.0,1.590821,2.4354308,0.0,0.0,1.282373,0.8340355,1.282373,1.590821,0.0,1.282373,0.0,0.0,0.0,0.0,0.0,0.0,0.8340355,0.8340355,0.0,0.0,0.8340355,1.282373,0.0,0.8340355,0.0,1.590821,0.0,0.0,1.282373,0.8340355,1.590821,0.8340355,0.8340355,0.8340355,3.1964936,0.0,1.8262203,0.8340355,0.8340355,0.8340355,0.0
0.6996092,0.6996092,0.6996092,0.0,0.0,0.6996092,1.1072191,0.6996092,0.6996092,0.0,0.0,0.0,0.6996092,1.1072191,0.6996092,0.0,0.0,4.0902033,0.0,0.6996092,0.0,0.0,0.0,0.6996092,0.0,0.0,0.6996092,0.0,0.0,2.4096136,0.0,0.0,0.6996092,0.0,2.208684,0.6996092,0.0,0.0,2.208684,0.6996092,0.0,1.1072191,0.0,0.0,0.6996092,0.6996092,0.0,0.0,0.6996092,0.0,0.6996092,0.6996092,1.1072191,0.0,0.0,0.0,0.0,0.0,0.0,2.208684,2.208684,0.0,0.0,1.8025064,0.6996092,0.0,1.1072191,1.3959719,0.6996092,0.6996092,0.0,0.0,0.0,0.0,0.6996092,1.3959719,0.0,0.6996092,0.0,0.0,1.6197572,0.6996092,0.0,0.0,1.9569626,0.0,1.1072191,0.0,2.0907228,1.1072191,1.1072191,1.8025064,1.6197572,3.650132,0.6996092,1.1072191,0.6996092,0.0,0.0,0.0
0.0,0.5081467,0.5081467,0.0,0.0,0.0,0.5081467,0.0,0.0,0.0,0.0,0.0,0.0,0.0,0.0,1.0941434,1.0941434,3.7070255,0.0,1.2944069,0.0,0.0,0.0,0.5081467,0.0,0.0,1.0941434,0.5081467,0.5081467,1.4611789,0.0,0.0,0.5081467,0.0,1.0941434,0.0,0.5081467,0.0,2.1912618,1.7290778,0.0,0.5081467,0.5081467,0.0,0.0,0.0,1.9401609,0.0,0.5081467,0.0,0.5081467,0.0,0.0,0.0,0.0,0.5081467,0.5081467,2.1912618,0.0,1.2944069,2.7017882,0.0,0.0,1.4611789,0.5081467,0.0,0.5081467,1.0941434,0.0,0.0,0.0,0.5081467,0.5081467,0.5081467,0.0,0.0,0.84346867,0.84346867,0.0,0.5081467,0.0,0.0,1.0941434,0.0,1.7290778,0.0,0.0,1.0941434,0.84346867,0.0,0.0,0.5081467,0.0,3.1290762,0.5081467,1.6040729,0.0,0.0,0.0,0.0
1.048149,0.8709899,0.65554047,0.0,0.38055176,0.38055176,0.38055176,0.65554047,0.0,0.0,0.38055176,0.0,0.0,0.0,0.0,0.8709899,0.0,4.208002,0.0,1.048149,0.0,0.0,1.3293402,0.8709899,0.0,0.0,0.8709899,0.8709899,0.38055176,2.602947,2.7900615,0.0,1.1985958,0.0,0.0,0.38055176,0.0,0.38055176,1.9487904,0.65554047,0.38055176,0.38055176,0.38055176,0.38055176,1.048149,0.0,2.129358,0.65554047,0.0,0.0,0.65554047,0.0,0.0,0.38055176,0.8709899,1.048149,0.38055176,0.65554047,0.38055176,1.548569,2.8978102,0.0,0.8709899,2.3725703,0.0,0.0,0.8709899,0.65554047,0.0,0.0,0.0,0.0,0.38055176,0.38055176,0.0,0.8709899,0.8709899,0.0,0.38055176,0.0,1.1985958,0.0,0.38055176,0.0,1.9487904,0.38055176,0.0,0.65554047,1.3293402,0.0,0.65554047,2.0126715,0.38055176,3.4809394,0.0,2.414843,0.38055176,1.048149,0.65554047,0.0
0.80745065,0.97691387,1.4615159,0.0,0.0,0.0,0.80745065,0.97691387,0.0,0.34646606,0.0,0.80745065,0.34646606,0.97691387,0.34646606,0.80745065,0.34646606,4.6957793,0.0,0.34646606,0.0,0.34646606,1.4615159,0.6032898,0.0,0.0,0.6032898,0.80745065,0.80745065,3.235915,2.9980712,0.34646606,2.0314302,0.0,0.34646606,0.97691387,0.34646606,0.6032898,1.1217778,0.6032898,0.0,0.6032898,1.3605741,0.34646606,1.1217778,0.0,1.6371728,0.34646606,0.97691387,0.0,1.4615159,0.0,0.34646606,0.0,1.2482871,1.3605741,0.0,0.0,0.0,1.1217778,3.2194984,0.0,0.97691387,2.6567547,0.0,0.97691387,0.6032898,0.34646606,0.0,0.0,0.34646606,0.34646606,0.0,0.34646606,0.34646606,1.3605741,0.6032898,0.0,0.0,0.6032898,0.80745065,0.0,0.6032898,0.0,1.4615159,0.0,0.34646606,1.7146403,2.4293532,0.97691387,0.97691387,1.8536069,0.97691387,3.7570102,0.97691387,2.4997675,1.2482871,0.6032898,0.34646606,0.34646606
0.69545513,0.69545513,0.69545513,0.0,0.0,0.0,0.69545513,1.3897543,1.1016884,0.69545513,0.0,0.69545513,0.0,0.69545513,0.69545513,1.3897543,0.0,5.128547,0.0,0.0,0.0,0.0,1.1016884,1.1016884,0.69545513,0.69545513,0.0,0.0,0.0,2.4891338,3.2233024,0.0,0.0,0.0,0.69545513,1.1016884,1.3897543,0.0,1.1016884,0.0,0.0,1.3897543,1.1016884,1.1016884,0.0,0.0,1.1016884,0.0,0.0,0.69545513,1.3897543,0.0,0.0,0.0,0.0,0.69545513,0.69545513,0.0,0.0,1.1016884,2.569206,0.0,0.69545513,3.5880017,0.0,0.69545513,0.0,0.0,0.0,0.0,0.69545513,0.0,0.0,0.0,0.0,0.0,0.69545513,0.0,0.69545513,0.0,0.69545513,0.0,1.6131281,0.69545513,1.9498634,0.0,0.0,0.0,1.3897543,1.1016884,1.795603,2.083477,0.69545513,3.9748158,0.0,2.7769117,0.69545513,0.0,1.9498634,0.0
0.45692247,1.1990082,1.3599586,0.0,0.0,0.0,1.1990082,0.45692247,0.45692247,0.0,1.1990082,0.45692247,0.0,0.0,0.45692247,0.45692247,0.7693732,5.9814615,0.0,0.7693732,0.0,0.0,1.3599586,1.0070888,0.0,0.0,0.7693732,1.0070888,0.7693732,2.7762923,2.3838434,0.0,1.3599586,0.0,0.7693732,0.45692247,0.45692247,0.0,1.4985597,0.45692247,0.0,0.45692247,0.0,0.7693732,0.7693732,0.0,1.3599586,0.45692247,0.0,0.45692247,1.1990082,0.7693732,0.0,0.0,0.7693732,1.3599586,0.0,0.0,0.0,1.7287579,2.5324364,0.0,0.45692247,2.209251,0.0,0.7693732,1.3599586,0.0,0.45692247,0.0,0.45692247,0.0,0.0,1.3599586,1.9975902,0.45692247,0.7693732,0.7693732,0.0,0.0,0.45692247,0.0,0.45692247,0.0,2.1435523,0.0,0.45692247,1.0070888,1.7287579,1.0070888,1.6202681,1.3599586,0.45692247,3.9050658,1.3599586,2.5324364,1.1990082,1.1990082,0.0,0.45692247
0.966375,1.4485173,0.0,0.0,0.0,0.0,1.4485173,1.4485173,0.0,0.0,0.0,0.0,0.0,0.0,0.966375,0.0,0.0,7.0208254,0.0,0.0,0.0,0.0,0.0,0.966375,0.0,0.0,0.966375,0.966375,0.0,2.3768013,0.0,0.0,0.0,0.0,1.7724403,1.4485173,0.966375,0.0,1.7724403,0.0,0.966375,0.0,0.0,0.0,0.966375,0.0,0.966375,0.0,0.966375,0.0,0.0,0.0,0.0,0.0,0.0,1.4485173,0.0,0.0,0.0,1.4485173,2.8497808,0.0,0.0,1.4485173,0.0,0.966375,0.0,0.0,0.0,0.966375,0.0,0.0,0.966375,0.0,1.4485173,1.7724403,0.0,0.0,0.0,0.0,0.0,0.966375,0.966375,0.0,2.2128787,0.0,0.0,1.7724403,0.966375,1.4485173,1.4485173,0.966375,0.0,3.690917,0.0,5.220405,2.5175993,0.966375,0.966375,0.0
0.82156134,0.49287984,0.49287984,0.0,0.49287984,0.0,0.0,0.0,0.0,0.0,0.0,0.82156134,0.49287984,1.0685213,0.0,0.82156134,0.49287984,5.084691,0.49287984,1.0685213,0.0,0.0,1.99745,1.266411,0.0,0.0,0.0,0.0,0.49287984,2.1568985,1.0685213,0.0,0.49287984,0.0,1.4315351,0.0,1.0685213,0.82156134,1.266411,1.266411,1.266411,0.49287984,0.0,0.49287984,1.0685213,0.49287984,2.2280028,0.0,0.49287984,0.82156134,1.0685213,1.4315351,0.0,0.0,1.0685213,1.266411,0.0,0.0,0.49287984,0.49287984,2.620346,0.0,0.0,2.4705884,0.0,0.0,1.6972961,1.0685213,0.0,0.49287984,0.0,0.49287984,0.0,0.82156134,1.99745,1.0685213,0.49287984,0.0,0.0,0.0,0.49287984,0.0,0.49287984,0.0,2.2280028,0.49287984,0.49287984,0.82156134,0.0,1.0685213,0.82156134,1.4315351,0.49287984,3.6020498,0.49287984,3.323416,1.99745,1.266411,0.82156134,0.0
0.6677052,0.6677052,0.0,0.0,0.0,0.0,0.0,0.6677052,0.0,0.6677052,0.6677052,0.0,0.6677052,0.0,1.3478844,0.0,0.0,5.5869946,0.0,0.0,0.0,0.0,0.6677052,0.6677052,0.6677052,0.0,1.0645437,1.9018906,1.0645437,2.437757,0.6677052,0.0,0.0,0.0,1.3478844,0.6677052,1.0645437,0.0,1.0645437,0.0,0.0,1.0645437,0.0,0.6677052,0.0,0.0,1.3478844,0.0,1.0645437,0.0,1.0645437,0.0,0.0,1.0645437,0.0,0.6677052,0.6677052,0.0,0.0,0.0,2.151537,0.0,0.0,2.3511446,0.0,0.0,0.6677052,0.0,0.6677052,0.6677052,0.0,0.0,0.0,0.0,0.0,0.6677052,0.0,0.0,0.0,0.0,0.6677052,0.0,0.0,0.0,1.3478844,0.6677052,0.6677052,0.0,0.6677052,1.3478844,0.6677052,1.7489892,1.0645437,3.8207543,0.0,3.5334392,1.7489892,0.0,1.0645437,0.0
0.0,1.0874927,0.0,0.0,0.0,0.0,0.8377744,0.0,0.0,0.0,0.0,0.0,0.0,0.0,0.0,0.0,0.50416875,3.8194995,0.0,0.50416875,0.0,0.0,0.50416875,0.50416875,0.0,0.0,0.0,0.50416875,0.50416875,0.0,1.0874927,0.0,0.0,0.0,0.0,0.0,0.0,0.0,2.647038,0.50416875,0.0,0.0,0.0,0.0,0.0,0.0,2.4414544,0.0,0.50416875,0.0,0.0,0.0,0.0,0.0,0.0,0.0,0.50416875,0.50416875,0.0,0.50416875,2.4969463,0.0,0.50416875,0.8377744,0.50416875,0.50416875,0.8377744,0.50416875,0.0,0.0,0.0,0.0,0.0,0.8377744,0.0,0.0,0.50416875,0.0,0.0,0.0,0.0,0.50416875,0.8377744,0.50416875,1.2871464,0.0,0.0,0.50416875,0.50416875,0.0,0.50416875,0.0,0.0,3.2797353,0.0,0.8377744,0.0,0.0,0.8377744,0.0
0.31319064,0.5513327,0.31319064,1.5428329,2.3915224,0.0,0.0,0.31319064,0.0,0.0,0.0,0.0,0.31319064,0.31319064,0.31319064,0.0,1.2738186,3.5920134,0.31319064,0.9046751,0.0,0.0,0.5513327,0.9046751,0.0,0.31319064,0.31319064,0.31319064,0.5513327,1.1652404,1.0434207,0.0,0.0,0.0,0.0,0.0,0.31319064,0.5513327,2.6030302,0.9046751,0.0,0.0,0.31319064,0.31319064,0.5513327,0.0,1.3717537,0.0,0.7435298,0.0,0.31319064,0.0,0.0,0.31319064,0.0,0.31319064,0.0,0.0,0.0,0.0,2.4246173,2.4566517,0.0,1.9813185,0.0,0.7435298,1.2738186,0.0,0.0,0.0,0.31319064,0.7435298,1.4609473,0.5513327,0.31319064,0.5513327,0.5513327,0.5513327,0.0,0.31319064,0.31319064,0.0,0.0,0.0,1.9813185,0.9046751,0.31319064,0.5513327,0.31319064,0.5513327,0.5513327,1.0434207,0.0,3.1697907,0.31319064,1.4609473,0.31319064,1.0434207,0.0,0.0
0.356525,0.9982132,0.0,0.0,0.0,0.356525,0.356525,0.0,0.356525,0.0,0.356525,0.0,0.356525,0.0,0.0,0.0,0.356525,4.0299497,0.6188085,0.8263974,0.0,0.0,0.9982132,0.6188085,0.0,0.0,0.0,0.0,0.9982132,1.1447915,0.6188085,0.0,0.6188085,0.0,0.6188085,0.356525,0.0,0.356525,1.9454818,0.356525,0.0,0.0,0.356525,0.0,0.0,0.356525,2.1140933,0.0,0.356525,0.356525,0.0,0.356525,0.0,0.0,0.356525,0.0,0.0,0.356525,0.356525,0.6188085,2.988089,0.6188085,0.0,1.7425569,0.6188085,0.0,0.0,0.0,0.356525,0.356525,0.0,0.0,0.356525,0.8263974,0.0,0.0,0.8263974,0.0,0.0,0.0,0.0,0.6188085,0.356525,0.0,1.8148714,0.356525,0.6188085,1.2726058,0.0,0.0,0.0,1.1447915,0.0,3.4054646,0.6188085,1.3859195,0.6188085,0.8263974,0.6188085,0.0
0.0,1.3831377,0.0,0.78616256,1.852746,0.0,0.0,0.46842653,0.0,0.46842653,0.0,1.0269144,0.0,0.0,0.46842653,0.46842653,1.754374,4.310663,0.0,1.0269144,0.0,0.0,0.0,0.0,0.0,0.0,0.0,0.0,0.0,1.0269144,1.0269144,0.0,0.46842653,0.0,0.46842653,0.0,0.0,0.0,2.298796,0.78616256,0.46842653,0.0,0.46842653,0.0,0.0,0.46842653,1.5227622,0.46842653,0.78616256,0.46842653,0.46842653,0.0,0.0,0.0,0.0,0.0,0.46842653,0.0,0.0,0.46842653,2.464246,2.0244923,0.0,1.0269144,0.0,0.46842653,1.3831377,0.46842653,0.0,0.0,0.0,0.46842653,1.6452588,0.0,0.0,0.0,0.46842653,0.0,0.0,0.78616256,0.0,0.0,1.0269144,0.0,1.754374,0.46842653,0.46842653,0.46842653,0.46842653,1.3831377,0.0,1.5227622,0.0,3.6996608,0.46842653,2.8054457,1.0269144,1.2208047,0.46842653,0.46842653
0.0,1.2500464,0.48404598,0.48404598,0.0,0.0,0.48404598,0.0,0.0,0.808818,0.0,0.0,0.48404598,0.0,0.0,0.48404598,0.0,4.547477,0.48404598,0.808818,0.0,0.0,0.808818,0.48404598,0.48404598,0.0,0.808818,0.48404598,0.0,1.9777219,1.2500464,0.48404598,0.48404598,0.0,1.0535727,0.48404598,0.0,0.48404598,2.2076304,1.0535727,0.0,0.48404598,0.0,0.808818,0.0,0.48404598,1.2500464,0.0,0.808818,0.48404598,1.0535727,0.48404598,0.0,0.0,0.0,0.48404598,0.48404598,0.48404598,0.48404598,0.808818,2.7291856,0.48404598,0.0,2.273853,0.0,0.48404598,1.0535727,0.808818,0.0,0.0,0.48404598,0.808818,0.0,0.48404598,0.48404598,0.808818,1.0535727,0.0,0.0,0.0,0.48404598,0.0,1.0535727,0.0,1.8876204,0.48404598,1.0535727,1.0535727,0.48404598,0.48404598,0.0,1.7885895,0.48404598,3.8906403,0.0,2.5020318,1.0535727,0.0,0.0,0.48404598
1.1190212,0.0,0.0,1.1190212,1.1190212,0.0,1.1190212,0.0,0.0,0.0,0.0,0.0,0.0,0.0,1.1190212,1.1190212,0.0,5.3630333,1.1190212,0.0,1.1190212,0.0,2.2243447,0.0,0.0,1.633879,0.0,0.0,1.1190212,1.633879,0.0,0.0,0.0,0.0,2.2243447,0.0,1.633879,0.0,1.1190212,0.0,0.0,1.1190212,0.0,0.0,0.0,0.0,1.1190212,0.0,1.1190212,1.1190212,0.0,0.0,0.0,0.0,0.0,0.0,0.0,0.0,0.0,0.0,2.5930982,0.0,0.0,2.2243447,0.0,0.0,1.9720744,0.0,0.0,0.0,0.0,0.0,0.0,1.1190212,0.0,0.0,0.0,0.0,0.0,0.0,0.0,0.0,1.1190212,0.0,1.633879,0.0,0.0,0.0,1.1190212,3.5260572,1.1190212,0.0,0.0,3.5260572,0.0,3.5260572,0.0,0.0,0.0,0.0
0.0,2.3395402,0.0,0.0,0.0,0.0,1.7383995,0.0,0.0,0.0,0.0,0.0,0.0,0.0,0.0,0.0,2.3395402,4.599684,0.0,0.0,0.0,0.0,0.0,0.0,0.0,0.0,1.7383995,0.0,0.0,2.7123542,0.0,0.0,0.0,0.0,2.3395402,0.0,0.0,0.0,0.0,0.0,0.0,1.7383995,2.3395402,0.0,0.0,0.0,0.0,0.0,0.0,0.0,0.0,0.0,0.0,0.0,0.0,1.7383995,1.7383995,0.0,0.0,3.8687465,2.3395402,0.0,0.0,2.7123542,0.0,0.0,2.3395402,0.0,1.7383995,0.0,0.0,0.0,0.0,1.7383995,2.3395402,0.0,2.3395402,0.0,0.0,0.0,2.9833019,0.0,0.0,0.0,2.3395402,0.0,0.0,0.0,0.0,2.7123542,0.0,1.7383995,2.7123542,3.8687465,1.7383995,2.3395402,0.0,0.0,1.7383995,0.0
0.0,0.0,0.0,0.0,1.6809452,0.0,0.0,1.6809452,0.0,0.0,0.0,0.0,1.6809452,0.0,0.0,1.6809452,0.0,5.8345447,0.0,0.0,0.0,0.0,1.6809452,0.0,0.0,0.0,0.0,0.0,0.0,0.0,0.0,0.0,0.0,1.6809452,0.0,0.0,0.0,0.0,0.0,0.0,0.0,0.0,1.6809452,0.0,2.2763703,0.0,0.0,0.0,1.6809452,1.6809452,0.0,1.6809452,0.0,0.0,0.0,0.0,1.6809452,0.0,0.0,0.0,0.0,0.0,0.0,2.9168253,0.0,2.2763703,1.6809452,0.0,0.0,0.0,0.0,0.0,0.0,0.0,0.0,0.0,0.0,0.0,0.0,0.0,0.0,0.0,1.6809452,0.0,1.6809452,0.0,0.0,0.0,0.0,0.0,0.0,1.6809452,0.0,3.893389,0.0,2.9168253,0.0,0.0,0.0,0.0
0.0,0.0,1.8413494,0.0,0.0,0.0,0.0,0.0,0.0,0.0,0.0,0.0,1.8413494,0.0,0.0,0.0,0.0,3.771388,0.0,0.0,0.0,0.0,0.0,1.8413494,0.0,1.8413494,0.0,0.0,0.0,0.0,1.8413494,0.0,0.0,0.0,2.8282077,0.0,0.0,0.0,1.8413494,1.8413494,0.0,0.0,0.0,0.0,1.8413494,0.0,0.0,0.0,1.8413494,0.0,2.4518738,0.0,0.0,0.0,0.0,1.8413494,0.0,0.0,0.0,3.88661,3.1009998,0.0,0.0,1.8413494,0.0,0.0,0.0,0.0,0.0,0.0,0.0,0.0,0.0,0.0,0.0,2.8282077,0.0,0.0,0.0,0.0,0.0,0.0,0.0,0.0,0.0,0.0,0.0,0.0,1.8413494,0.0,0.0,0.0,1.8413494,3.3151019,0.0,0.0,1.8413494,1.8413494,0.0,0.0
0.0,0.7757384,1.2072847,0.0,0.0,0.7757384,0.0,0.0,0.0,0.0,0.0,0.0,0.0,0.7757384,1.7384962,0.7757384,0.0,4.1816034,0.0,0.7757384,0.7757384,0.0,0.0,0.0,0.0,0.0,1.2072847,0.7757384,1.2072847,2.219787,0.7757384,0.0,2.219787,0.0,1.9258499,0.0,0.0,0.0,2.219787,0.7757384,0.0,0.0,2.0835795,0.0,0.7757384,0.0,1.5077565,0.0,1.5077565,0.0,0.0,0.0,0.0,0.0,0.0,1.7384962,0.0,0.7757384,1.2072847,1.5077565,2.7124636,0.0,1.2072847,1.7384962,0.0,0.7757384,1.5077565,0.0,0.7757384,1.2072847,0.0,0.0,0.0,0.0,0.0,1.7384962,0.0,0.0,0.0,0.0,1.2072847,1.2072847,1.2072847,0.0,1.9258499,0.0,0.0,0.7757384,0.7757384,1.5077565,0.7757384,0.7757384,1.2072847,3.6809092,0.0,2.6314678,2.0835795,0.0,0.0,0.0
0.0,1.037737,0.3754906,0.0,0.3754906,0.3754906,0.3754906,0.0,0.0,0.0,0.3754906,0.3754906,0.3754906,0.0,0.0,0.0,0.3754906,3.6936347,0.0,1.037737,0.0,0.0,0.3754906,1.037737,0.0,0.0,0.0,0.0,0.0,1.037737,0.64784163,0.3754906,0.3754906,0.0,0.0,0.3754906,0.0,0.0,2.4002125,0.86167246,0.0,0.0,0.3754906,0.0,0.0,0.0,2.2194967,0.0,0.0,0.0,0.64784163,0.0,0.0,0.0,0.0,0.0,0.0,0.64784163,0.0,0.0,3.46536,0.0,0.0,1.1873944,0.0,0.64784163,0.0,0.3754906,0.0,0.0,0.3754906,0.3754906,0.0,1.037737,0.0,0.0,0.3754906,0.3754906,0.0,0.0,0.0,0.64784163,0.3754906,0.3754906,1.9350183,0.3754906,0.0,0.86167246,0.0,0.3754906,0.0,0.0,0.3754906,3.328147,0.0,1.432686,0.3754906,0.0,0.0,0.0
0.516271,0.516271,0.516271,0.0,0.516271,0.0,0.0,0.0,0.0,0.0,0.0,0.0,0.0,0.0,0.0,0.516271,0.85506785,3.918621,0.0,0.0,0.0,0.0,0.516271,0.0,0.0,0.0,0.0,0.0,0.516271,0.0,0.0,0.516271,0.0,0.0,0.0,0.85506785,0.85506785,0.516271,2.347629,1.3091617,0.0,0.0,0.0,0.0,0.0,0.0,2.347629,0.0,0.85506785,0.0,0.516271,0.0,0.0,0.0,0.0,0.0,0.0,0.0,0.0,0.0,3.1770566,0.516271,0.0,1.3091617,0.0,0.85506785,0.516271,0.0,0.0,0.0,0.516271,0.0,0.0,0.516271,0.0,0.0,0.516271,0.0,0.516271,0.0,0.0,0.85506785,0.0,0.0,1.3091617,0.516271,0.0,0.85506785,0.0,0.0,0.0,0.0,0.0,2.9215443,0.0,1.1076715,0.0,1.1076715,0.0,0.0
0.34686667,0.60390943,0.60390943,0.34686667,0.34686667,0.0,0.9777667,0.60390943,0.34686667,0.0,0.0,0.0,0.8082084,0.34686667,0.8082084,0.60390943,0.60390943,6.0841513,0.60390943,0.0,0.34686667,0.0,2.3146932,1.5542746,0.0,0.34686667,0.60390943,1.1227,0.34686667,2.6866717,0.34686667,0.0,1.3615909,0.34686667,0.0,0.60390943,0.0,0.0,1.6382743,0.34686667,0.0,0.8082084,1.1227,0.0,0.60390943,0.34686667,1.6382743,0.0,0.34686667,0.60390943,0.60390943,0.0,0.0,0.0,0.60390943,0.8082084,0.0,0.34686667,0.0,0.8082084,2.9784977,0.34686667,0.34686667,1.787674,0.0,0.34686667,0.60390943,0.60390943,0.34686667,0.8082084,0.0,0.34686667,0.0,0.34686667,0.0,1.1227,1.1227,0.34686667,0.34686667,0.34686667,0.9777667,0.60390943,0.0,0.34686667,1.9176272,0.0,0.0,1.1227,0.34686667,0.9777667,0.0,0.8082084,0.34686667,3.9826262,0.0,4.15925,0.60390943,1.787674,0.9777667,0.60390943
0.0,0.0,0.4579872,1.5008126,2.2734993,0.0,0.4579872,0.4579872,0.4579872,0.0,0.0,0.0,0.0,0.0,0.4579872,0.0,1.3621154,4.0691633,0.0,0.4579872,0.4579872,0.0,1.0089306,1.5008126,0.0,0.4579872,0.0,0.0,0.0,1.0089306,1.201035,0.0,0.0,0.0,0.4579872,0.0,0.4579872,0.4579872,2.5801156,2.075768,0.4579872,0.0,0.4579872,0.0,0.0,1.0089306,2.2118332,0.0,0.0,0.0,0.0,0.4579872,0.0,0.0,0.0,0.0,0.4579872,0.0,0.0,0.0,2.9137986,2.4879758,0.0,0.77093077,0.4579872,0.4579872,0.77093077,0.4579872,0.4579872,0.0,0.0,1.201035,1.3621154,0.4579872,0.0,0.0,0.0,0.0,0.0,0.0,0.4579872,0.77093077,0.77093077,0.4579872,1.731144,1.3621154,0.0,0.77093077,0.0,0.0,0.0,1.0089306,0.0,2.6231859,0.0,1.3621154,1.3621154,0.0,0.4579872,0.0
0.0,0.491471,0.0,0.491471,1.0661433,0.0,1.2638093,0.491471,0.0,0.0,0.0,0.0,0.0,0.0,0.0,0.0,1.0661433,3.9221334,0.0,0.491471,0.0,0.0,0.491471,1.2638093,0.0,0.0,0.0,0.0,0.0,0.81953233,1.0661433,0.0,0.0,0.0,0.491471,0.491471,0.0,0.491471,2.2911265,1.0661433,0.0,0.0,0.491471,0.491471,0.0,0.0,2.5197062,0.491471,0.491471,0.0,0.0,0.0,0.0,0.0,0.0,0.491471,0.0,0.81953233,0.0,0.0,2.9656262,0.491471,0.0,1.4287779,0.0,0.491471,0.491471,0.491471,0.0,0.0,0.0,0.491471,0.0,0.491471,0.491471,0.491471,0.81953233,0.0,0.0,0.0,0.0,0.0,0.491471,0.491471,2.153694,1.0661433,0.491471,1.2638093,0.0,0.0,0.0,1.0661433,0.0,3.3199224,0.491471,1.6943367,0.0,0.491471,0.491471,0.0
0.48741445,1.5620544,0.0,0.48741445,1.0592835,0.0,0.48741445,0.48741445,0.0,0.48741445,0.0,0.0,0.48741445,0.48741445,0.0,0.0,1.4208181,4.0950365,0.0,0.0,0.48741445,0.0,0.48741445,0.0,0.0,0.48741445,0.48741445,0.0,0.48741445,1.0592835,0.0,0.0,0.0,0.0,0.0,0.48741445,0.0,0.0,2.2154264,0.0,0.0,0.0,0.0,0.0,0.48741445,0.0,1.4208181,0.0,0.48741445,0.0,0.0,0.0,0.0,0.0,0.0,0.48741445,0.0,0.0,0.0,0.0,2.4576828,1.4208181,0.0,1.2563009,0.8136831,0.0,0.0,0.8136831,0.0,0.0,0.0,1.0592835,0.8136831,0.48741445,0.48741445,0.0,0.48741445,0.0,0.0,0.48741445,0.48741445,0.48741445,0.48741445,0.0,1.4208181,0.0,0.8136831,0.48741445,0.0,0.8136831,0.0,1.4208181,0.0,3.1347785,0.0,1.4208181,1.2563009,0.0,0.0,0.48741445
0.85208833,0.85208833,0.0,0.5141814,0.85208833,0.0,0.0,0.0,0.0,0.0,0.0,0.0,0.0,0.0,0.0,0.0,1.1041989,4.074399,0.0,1.1041989,0.0,0.0,0.0,1.3053759,0.0,0.5141814,0.0,0.0,1.1041989,0.5141814,0.0,0.0,0.0,0.0,0.5141814,0.5141814,0.0,0.5141814,2.1276312,0.5141814,0.5141814,0.0,0.0,0.0,0.0,0.5141814,2.0441628,0.0,0.5141814,0.0,0.0,0.0,0.5141814,0.5141814,0.5141814,0.5141814,0.0,0.0,0.0,0.5141814,2.6703746,1.4727803,0.0,0.85208833,0.0,0.5141814,0.5141814,0.0,0.0,0.0,0.0,1.1041989,0.5141814,0.0,0.0,0.0,1.4727803,0.0,0.0,0.0,0.0,0.5141814,0.5141814,0.0,1.4727803,0.5141814,0.0,0.85208833,1.1041989,0.5141814,0.85208833,0.5141814,0.0,2.622718,0.0,2.0441628,0.0,0.5141814,0.0,0.0
0.0,1.522662,0.4134723,0.0,0.4134723,0.0,0.0,1.114563,0.4134723,0.0,0.4134723,0.0,0.0,0.0,0.0,0.4134723,0.4134723,6.7524323,0.0,0.9306578,0.0,0.0,1.114563,0.70513403,0.0,0.0,0.9306578,0.0,0.0,2.324059,1.7242888,0.9306578,0.4134723,0.0,0.70513403,0.4134723,0.0,0.0,2.324059,0.0,0.9306578,0.70513403,1.114563,0.70513403,0.0,0.0,2.03559,0.0,0.70513403,0.0,0.4134723,0.0,0.0,0.4134723,0.4134723,0.70513403,0.0,0.4134723,0.0,0.70513403,1.9663719,0.0,0.9306578,2.586968,0.0,0.9306578,0.70513403,0.4134723,0.4134723,0.0,0.70513403,0.0,0.0,0.4134723,0.0,1.114563,0.70513403,0.0,0.4134723,0.4134723,0.0,0.70513403,0.9306578,0.4134723,1.8116584,0.0,0.4134723,1.114563,0.4134723,1.2698433,0.4134723,1.8116584,0.0,3.9353836,0.4134723,2.2184362,1.2698433,0.0,0.70513403,0.0
0.0,1.1470963,0.4300009,0.0,1.7639308,0.0,0.72972876,0.0,0.0,0.4300009,0.0,0.72972876,0.0,0.0,0.4300009,0.72972876,0.72972876,6.3679323,0.0,0.0,0.0,0.0,1.6673429,0.96003073,0.4300009,0.4300009,0.4300009,0.4300009,0.4300009,1.8520058,1.6673429,0.0,0.96003073,0.0,0.72972876,0.0,0.4300009,0.4300009,1.8520058,0.96003073,0.4300009,0.72972876,0.96003073,0.0,0.0,0.0,1.8520058,0.0,0.72972876,0.0,0.96003073,0.0,0.0,0.0,0.0,0.72972876,0.4300009,0.72972876,0.0,0.96003073,2.4166207,1.3046218,0.96003073,2.0774853,0.0,0.4300009,1.1470963,0.0,0.0,0.72972876,0.0,0.0,1.3046218,0.96003073,0.4300009,1.3046218,0.4300009,0.4300009,0.0,0.4300009,0.96003073,0.0,1.3046218,0.0,1.6673429,0.4300009,0.0,0.72972876,0.96003073,0.72972876,0.96003073,2.367498,0.4300009,4.4404416,0.4300009,2.7059634,0.4300009,0.96003073,0.72972876,0.0
0.0,2.235268,0.0,0.0,0.0,0.0,1.1272798,0.0,0.0,0.0,0.0,1.1272798,1.1272798,0.0,1.1272798,0.0,0.0,5.8140097,0.0,0.0,0.0,1.1272798,1.1272798,1.1272798,0.0,0.0,1.1272798,0.0,0.0,1.6437415,0.0,0.0,1.1272798,0.0,0.0,0.0,0.0,0.0,2.6044276,1.1272798,0.0,0.0,1.1272798,0.0,1.1272798,0.0,1.6437415,0.0,0.0,0.0,1.6437415,0.0,0.0,0.0,0.0,1.1272798,1.1272798,0.0,0.0,1.1272798,2.9849353,0.0,1.1272798,2.235268,0.0,0.0,1.6437415,0.0,0.0,0.0,0.0,0.0,0.0,0.0,0.0,0.0,1.1272798,0.0,0.0,1.1272798,0.0,0.0,1.1272798,0.0,1.6437415,0.0,0.0,1.6437415,0.0,1.1272798,0.0,1.9826195,0.0,3.8029263,0.0,2.8734503,1.1272798,0.0,1.6437415,0.0
0.0,0.81878746,0.0,0.81878746,0.0,0.0,0.81878746,1.9931675,0.81878746,0.0,0.0,0.0,1.2628539,0.0,1.2628539,1.5692918,0.81878746,5.6479454,0.81878746,0.81878746,0.0,0.0,1.2628539,1.5692918,0.0,0.81878746,1.2628539,1.2628539,0.81878746,1.9931675,0.81878746,0.0,0.81878746,0.0,1.2628539,0.0,0.81878746,0.0,1.9931675,0.0,0.0,1.2628539,1.2628539,0.0,0.0,0.0,0.81878746,0.0,0.0,1.2628539,1.2628539,0.81878746,0.0,0.81878746,0.0,1.5692918,0.0,0.0,0.0,0.0,2.4107206,0.0,0.0,2.5184813,0.0,1.9931675,2.8610992,0.81878746,0.0,0.0,0.0,0.0,0.81878746,0.0,0.0,1.2628539,0.81878746,0.0,0.0,0.0,1.2628539,0.0,1.5692918,0.0,1.2628539,0.0,0.0,1.2628539,0.81878746,3.1705034,1.2628539,1.2628539,0.81878746,3.5972288,0.81878746,3.4871829,0.81878746,0.0,0.0,0.0
0.0,1.0618756,0.0,0.0,0.0,0.0,0.66572195,1.3448691,0.0,0.0,0.0,0.0,0.66572195,0.0,0.66572195,0.66572195,0.0,7.495593,0.0,0.0,0.0,0.0,1.0618756,1.7456237,0.0,0.0,0.0,1.3448691,0.66572195,2.2526648,0.0,0.0,0.66572195,0.0,0.66572195,0.0,0.0,0.0,1.5651891,0.0,0.0,0.0,0.66572195,0.0,1.0618756,0.0,0.0,0.0,0.0,0.66572195,0.66572195,0.0,0.0,1.0618756,0.0,1.5651891,0.66572195,0.0,0.0,0.0,2.347458,0.66572195,0.0,1.7456237,0.66572195,1.0618756,0.0,0.0,0.0,0.0,0.0,0.0,0.0,0.66572195,0.66572195,0.66572195,0.66572195,0.66572195,0.0,0.0,0.66572195,0.0,1.3448691,0.66572195,1.3448691,0.0,0.66572195,0.66572195,0.0,1.5651891,1.0618756,1.5651891,0.0,3.8773227,1.3448691,3.8167682,0.66572195,0.0,0.0,0.0
0.9248963,0.9248963,0.9248963,0.0,0.0,0.0,0.9248963,1.7164648,0.0,0.0,0.0,0.0,0.0,0.9248963,0.0,0.0,0.0,6.573897,0.0,0.0,0.0,0.9248963,0.9248963,1.3970398,0.0,0.0,0.9248963,0.0,0.0,1.9581813,0.0,0.0,0.0,0.0,0.0,0.0,0.0,0.0,2.315466,0.0,0.0,0.9248963,0.0,0.0,0.0,0.0,0.9248963,0.9248963,0.0,0.0,0.9248963,0.9248963,0.9248963,0.0,0.0,1.9581813,0.0,0.0,0.0,0.9248963,2.152696,0.0,0.0,2.152696,0.0,1.7164648,2.4554133,0.0,0.0,0.0,0.0,0.0,0.0,0.9248963,0.9248963,0.0,0.0,0.0,0.0,0.0,0.0,0.0,0.9248963,0.0,1.3970398,0.0,0.0,1.3970398,0.9248963,2.4554133,1.7164648,0.9248963,1.3970398,4.0213766,0.0,3.2909105,1.3970398,0.0,0.9248963,0.0
0.0,1.243642,0.0,0.8038433,0.0,0.8038433,0.0,1.5480586,0.0,0.8038433,0.0,0.0,0.8038433,0.0,0.0,0.0,0.8038433,4.970902,0.0,0.8038433,0.0,0.0,1.7811102,0.8038433,0.0,0.0,0.0,0.0,1.243642,1.969983,0.0,0.0,0.0,0.0,0.0,0.0,0.0,0.0,1.969983,0.0,0.0,0.0,0.8038433,0.8038433,0.8038433,0.0,1.5480586,0.0,0.8038433,0.0,0.0,0.8038433,0.0,0.0,0.0,1.7811102,1.5480586,0.0,0.8038433,0.0,1.7811102,0.0,0.0,3.3804688,0.0,0.8038433,1.7811102,0.0,0.0,0.0,0.0,0.8038433,0.0,0.0,0.8038433,0.0,0.0,0.0,0.8038433,0.0,0.0,0.0,1.243642,0.0,1.5480586,0.0,0.0,1.243642,0.8038433,1.243642,0.0,1.243642,0.8038433,4.7933807,0.0,2.59085,1.243642,0.0,0.8038433,0.8038433
0.0,1.1680827,0.0,0.7456972,0.7456972,0.0,0.0,2.034374,0.7456972,0.0,0.0,0.7456972,0.0,0.7456972,0.7456972,0.0,0.0,6.3027873,0.0,1.4641188,0.7456972,0.0,0.7456972,0.7456972,0.0,0.0,0.0,0.0,0.0,1.4641188,0.0,0.0,0.0,0.0,1.1680827,1.1680827,0.7456972,0.7456972,1.1680827,1.1680827,0.0,0.0,0.7456972,0.0,0.0,0.0,1.6922414,0.0,0.0,0.0,1.6922414,0.0,0.0,0.7456972,0.0,1.6922414,0.0,0.7456972,0.0,0.0,2.034374,0.7456972,0.0,1.6922414,0.0,0.0,2.034374,0.0,0.0,0.7456972,0.0,0.0,0.0,0.0,0.0,1.1680827,0.0,0.0,1.1680827,0.7456972,1.4641188,0.0,0.0,0.0,1.1680827,0.0,0.0,1.4641188,0.7456972,2.034374,1.4641188,0.0,0.7456972,3.7889173,0.7456972,3.2337263,2.2888193,0.0,0.7456972,0.0
0.0,0.0,0.0,0.0,0.0,0.0,0.0,0.0,0.0,0.0,0.0,0.0,0.4717124,0.0,0.0,1.032547,0.4717124,3.4575639,0.0,0.7909419,0.0,0.0,0.4717124,0.0,0.0,0.0,0.7909419,0.0,1.2269895,0.7909419,1.3897091,0.0,0.0,0.0,0.0,0.0,0.0,0.4717124,2.472265,1.032547,0.0,0.0,0.0,0.0,0.0,0.4717124,1.9498117,0.0,0.0,0.0,0.0,0.0,0.0,0.0,0.0,0.0,0.7909419,0.4717124,0.0,0.0,3.010008,1.032547,0.0,1.3897091,0.0,0.0,0.7909419,0.4717124,0.0,0.4717124,0.7909419,0.4717124,0.0,0.4717124,0.0,0.0,0.4717124,0.0,0.0,0.4717124,0.4717124,0.4717124,0.0,0.4717124,1.7616252,0.0,0.0,0.7909419,0.0,0.7909419,0.4717124,0.4717124,0.0,2.8834937,0.7909419,2.244777,0.4717124,0.0,0.0,0.4717124
0.0,1.189743,0.0,0.0,0.0,0.0,0.762262,0.0,0.0,0.0,0.0,0.0,0.45206824,0.0,0.9986732,1.189743,0.45206824,5.6138773,0.0,0.45206824,0.0,0.0,0.0,1.189743,0.0,0.0,0.0,0.45206824,0.45206824,1.8154814,0.9986732,0.0,0.0,0.0,0.9986732,0.0,0.0,0.0,2.423746,0.762262,0.45206824,0.45206824,0.0,0.0,0.0,0.45206824,2.1318288,0.45206824,0.45206824,0.0,0.45206824,0.762262,0.0,0.0,0.45206824,0.9986732,0.762262,0.0,0.0,0.45206824,2.9595814,0.9986732,0.762262,0.45206824,0.762262,0.9986732,0.0,0.0,0.45206824,0.0,0.0,0.45206824,0.0,0.762262,0.0,0.0,0.0,0.0,0.0,0.0,0.45206824,0.45206824,0.0,0.762262,1.350096,0.45206824,0.45206824,0.9986732,0.9986732,0.0,0.45206824,1.189743,0.0,3.2190952,0.0,1.717839,1.350096,1.189743,0.0,0.0
0.0,0.9372518,0.71064514,0.41716436,0.0,0.0,0.9372518,0.0,0.41716436,0.0,0.0,0.0,0.9372518,0.0,0.0,0.71064514,0.0,5.4005117,0.0,0.41716436,0.41716436,0.0,1.4124278,1.6372895,0.0,1.1218755,0.41716436,0.71064514,0.71064514,2.8949454,1.6372895,1.1218755,1.4124278,0.0,0.71064514,0.41716436,0.0,0.0,1.9757217,0.0,0.0,0.71064514,0.71064514,0.0,0.0,0.41716436,1.5311657,0.41716436,0.71064514,0.0,0.41716436,0.0,0.41716436,0.41716436,0.71064514,1.1218755,0.41716436,0.0,0.0,1.5311657,2.9231706,0.0,1.4124278,1.6372895,0.41716436,0.41716436,0.71064514,0.41716436,0.41716436,1.1218755,0.0,0.0,0.41716436,1.4124278,0.9372518,1.5311657,0.41716436,0.0,0.0,0.41716436,1.2776673,0.0,1.1218755,0.41716436,1.4124278,0.0,0.41716436,1.5311657,1.7332238,0.9372518,0.41716436,1.5311657,1.4124278,3.5600522,0.71064514,1.9757217,0.71064514,1.2776673,0.0,0.0
0.7366422,1.570943,0.9682622,0.43467093,0.43467093,0.7366422,0.43467093,0.43467093,0.0,0.43467093,0.0,0.9682622,0.0,0.0,0.9682622,1.4508474,0.7366422,6.4411426,0.0,0.0,0.0,0.43467093,0.9682622,0.43467093,0.0,0.0,0.7366422,0.0,0.0,2.6438255,1.3143346,0.7366422,1.1561952,0.0,0.7366422,0.43467093,0.0,0.43467093,1.9443378,0.43467093,0.9682622,0.43467093,0.7366422,0.0,0.7366422,0.0,2.0891333,0.0,0.7366422,0.0,0.7366422,0.43467093,0.0,0.0,0.43467093,1.1561952,0.7366422,0.0,0.0,1.3143346,2.7877688,0.43467093,1.3143346,1.570943,0.0,0.7366422,0.43467093,0.43467093,0.0,0.43467093,0.0,0.0,0.43467093,0.0,0.0,1.774968,0.0,0.43467093,0.0,0.43467093,0.9682622,0.0,0.7366422,0.43467093,1.9443378,0.43467093,0.0,0.43467093,1.3143346,0.43467093,0.9682622,1.3143346,1.3143346,4.1781597,0.43467093,3.6802495,3.532569,1.1561952,1.1561952,0.0
0.0,0.54313594,0.89314216,0.0,0.54313594,0.0,0.54313594,0.0,0.0,0.0,0.0,0.0,0.0,0.54313594,0.0,0.0,0.0,3.7741945,0.0,0.54313594,0.0,0.0,0.0,0.89314216,0.0,0.0,0.0,0.54313594,0.89314216,1.5275732,1.5275732,0.54313594,0.54313594,0.0,0.0,0.0,0.0,0.0,2.105836,0.89314216,0.54313594,0.0,0.54313594,0.54313594,0.54313594,0.0,2.105836,0.0,0.0,0.0,0.0,0.0,0.89314216,0.0,0.0,0.54313594,0.0,0.0,0.0,0.54313594,3.593151,0.54313594,0.0,0.54313594,0.0,0.0,0.89314216,0.0,0.0,0.89314216,1.3572739,0.54313594,0.0,0.0,0.0,0.54313594,0.89314216,0.0,0.0,0.0,0.89314216,1.1518971,0.0,0.0,1.9126743,0.0,0.54313594,1.5275732,0.89314216,0.54313594,0.54313594,0.89314216,0.0,3.3963814,0.89314216,1.1518971,0.89314216,0.89314216,0.54313594,0.0
0.0,0.7085974,1.2747624,0.41579175,0.7085974,0.0,1.2747624,0.41579175,0.0,0.0,0.0,0.0,0.41579175,0.0,0.41579175,0.41579175,0.41579175,3.599347,0.0,0.0,0.0,0.0,1.634045,0.41579175,0.41579175,0.0,0.0,0.7085974,0.7085974,1.634045,1.2747624,0.0,0.93480253,0.0,0.0,0.0,0.0,0.0,2.2787733,0.93480253,0.0,0.41579175,0.0,0.0,0.0,0.41579175,1.8173788,0.0,0.7085974,0.41579175,0.0,0.41579175,0.0,0.0,0.0,0.0,0.0,0.0,0.7085974,0.41579175,3.3617907,0.7085974,0.41579175,1.634045,0.0,0.41579175,0.41579175,0.93480253,0.0,0.0,0.0,0.41579175,0.0,0.7085974,0.0,0.93480253,0.41579175,0.0,0.0,0.0,0.41579175,0.41579175,0.7085974,0.0,1.8978106,0.41579175,0.0,0.7085974,0.7085974,0.0,0.41579175,1.634045,0.7085974,3.4140315,0.0,1.11916,1.11916,0.7085974,0.41579175,0.0
0.0,0.0,0.0,0.49068367,0.49068367,0.0,0.0,0.0,0.49068367,0.0,0.0,0.0,0.0,0.0,0.0,0.0,0.0,3.4057834,0.0,0.0,0.0,0.0,0.0,0.8183979,0.0,0.0,0.0,0.0,1.0648134,1.262354,0.49068367,0.0,0.0,0.0,0.0,0.0,0.49068367,0.49068367,2.1519008,0.49068367,0.0,0.49068367,0.0,0.0,0.0,0.49068367,2.351517,0.0,0.0,0.0,0.0,0.0,0.49068367,0.0,0.0,0.0,0.0,0.49068367,0.0,0.0,3.3406544,0.49068367,0.49068367,1.4272355,0.0,0.49068367,0.49068367,0.49068367,0.0,0.0,0.0,0.49068367,0.0,0.49068367,0.0,0.49068367,0.0,0.0,0.0,0.8183979,0.0,0.49068367,0.0,0.49068367,0.49068367,0.49068367,0.49068367,0.49068367,0.0,0.49068367,0.49068367,0.49068367,0.0,3.1151454,0.0,1.0648134,0.8183979,0.0,0.49068367,0.0
0.0,0.0,0.0,1.1768192,0.0,0.0,0.0,0.0,0.44533294,0.0,0.44533294,0.0,0.0,0.0,0.0,0.44533294,0.44533294,3.608337,0.0,0.0,0.0,0.0,0.44533294,0.9869465,0.0,0.0,0.0,0.44533294,0.9869465,1.4738607,0.75236833,0.0,0.44533294,0.0,0.0,0.0,0.44533294,0.0,2.300198,0.9869465,0.0,0.0,0.0,0.0,0.0,0.44533294,2.1154273,0.0,0.44533294,0.0,0.0,0.0,0.0,0.0,0.0,0.44533294,0.0,0.0,0.0,0.0,2.8489294,0.44533294,0.0,0.75236833,0.44533294,0.0,0.75236833,1.1768192,0.0,0.0,0.44533294,0.0,0.0,0.44533294,0.0,0.44533294,0.75236833,0.0,0.0,0.44533294,0.0,0.44533294,0.0,0.0,1.7025782,0.75236833,0.0,0.44533294,0.44533294,0.0,0.44533294,1.5947442,0.0,3.6382873,0.0,1.1768192,0.44533294,0.9869465,0.44533294,0.0
0.53168863,1.77709,0.53168863,0.0,0.0,0.0,0.53168863,1.3368979,0.53168863,0.53168863,0.0,0.53168863,0.0,0.0,0.87697065,0.0,0.0,6.543022,0.0,0.0,0.0,0.0,0.53168863,0.53168863,0.53168863,1.133146,0.0,0.87697065,0.53168863,1.5060794,1.133146,0.53168863,0.53168863,0.53168863,0.53168863,0.53168863,0.0,0.0,2.1656008,0.53168863,0.0,0.87697065,1.133146,0.53168863,0.87697065,0.0,1.6507375,0.53168863,1.133146,0.0,0.53168863,0.0,0.0,0.0,0.0,0.87697065,0.0,0.0,0.0,0.87697065,2.3818815,0.53168863,0.0,2.6626532,0.0,0.0,0.87697065,0.53168863,0.0,0.0,0.87697065,0.0,0.0,0.87697065,0.0,1.133146,0.53168863,0.87697065,0.53168863,0.87697065,0.0,0.0,1.133146,0.0,1.6507375,0.0,1.133146,0.87697065,0.87697065,1.3368979,0.53168863,2.0816936,0.0,4.4201775,0.87697065,1.9900955,0.0,0.87697065,0.53168863,0.0
0.44537324,1.1768968,0.0,0.0,0.0,0.0,0.75242764,0.75242764,0.0,0.44537324,0.44537324,0.9870169,0.0,0.0,0.44537324,0.9870169,0.0,6.356281,0.44537324,0.75242764,0.0,0.0,1.3364116,1.3364116,0.0,0.0,0.0,0.44537324,0.9870169,2.2424202,1.8000013,0.44537324,0.75242764,0.0,1.1768968,0.44537324,0.0,0.0,1.4739473,1.1768968,0.44537324,0.44537324,1.1768968,1.3364116,0.44537324,0.44537324,1.3364116,0.0,0.0,0.0,0.75242764,0.0,0.0,0.0,0.44537324,0.75242764,0.44537324,0.0,0.0,0.75242764,2.6717837,0.0,0.44537324,2.1809843,0.0,0.44537324,0.44537324,0.0,0.0,0.0,0.0,0.0,0.0,0.9870169,0.75242764,1.1768968,0.0,0.0,0.0,0.0,0.44537324,0.75242764,0.75242764,0.0,1.4739473,0.0,0.44537324,0.75242764,0.75242764,1.3364116,1.1768968,2.0454805,0.0,3.9305596,0.44537324,1.5948336,0.0,0.44537324,0.75242764,0.0
0.0,1.0054374,0.6240924,0.0,0.0,0.0,0.6240924,1.2808375,0.0,0.6240924,0.0,1.4965389,1.0054374,0.0,0.0,0.0,0.0,5.952937,0.0,0.0,0.6240924,0.6240924,1.0054374,0.0,0.0,0.0,0.0,0.0,0.0,2.7556567,0.6240924,0.0,1.4965389,0.0,0.6240924,1.4965389,0.6240924,0.0,1.8244375,1.0054374,0.0,0.6240924,1.6738681,1.2808375,0.0,0.0,1.6738681,0.0,0.0,0.0,0.0,0.0,0.0,1.2808375,0.0,1.2808375,0.0,0.0,0.6240924,1.4965389,2.5750303,0.0,0.0,2.6989973,0.6240924,1.4965389,0.0,0.0,0.0,0.0,0.6240924,0.0,1.0054374,0.6240924,0.0,1.0054374,0.6240924,0.0,0.0,0.0,1.0054374,0.0,1.4965389,0.0,1.2808375,0.0,0.0,1.2808375,0.6240924,1.8244375,1.0054374,1.6738681,1.0054374,4.369316,1.2808375,1.4965389,0.6240924,0.0,0.6240924,0.0
0.0,0.86473703,0.0,0.0,0.0,0.86473703,0.0,0.86473703,0.0,0.0,0.0,0.0,0.0,0.86473703,0.0,0.0,0.0,5.805815,0.0,0.0,0.0,0.0,1.6337684,0.0,0.0,0.0,0.0,0.86473703,0.0,1.6337684,1.8714216,0.0,1.3214259,0.0,0.86473703,0.86473703,0.86473703,0.0,1.3214259,0.0,1.3214259,0.0,0.0,0.0,0.0,0.0,2.2242222,0.0,0.0,0.0,0.0,0.0,0.0,0.0,1.3214259,1.3214259,0.86473703,0.0,0.0,1.6337684,2.592971,0.0,0.0,1.8714216,0.0,0.0,0.0,0.86473703,0.0,0.0,0.0,0.0,0.0,0.0,0.0,1.6337684,0.0,0.0,0.0,0.0,0.0,0.86473703,1.3214259,0.86473703,0.86473703,0.0,0.0,1.8714216,0.0,1.8714216,0.86473703,0.86473703,1.3214259,3.6404321,0.86473703,2.779949,1.3214259,0.0,0.86473703,0.86473703
0.8796019,1.893076,0.0,0.0,0.0,0.0,0.5335475,0.5335475,0.8796019,0.5335475,0.0,0.0,0.5335475,0.0,0.5335475,1.340219,0.0,4.794508,0.0,0.0,0.5335475,0.0,1.1362003,0.5335475,0.0,0.0,0.5335475,0.5335475,0.0,2.3859682,2.4488087,0.0,0.5335475,0.0,0.0,0.8796019,0.5335475,0.0,1.5095844,1.340219,0.0,0.5335475,0.8796019,0.0,0.0,0.0,0.0,0.5335475,0.8796019,1.340219,0.5335475,1.1362003,0.0,0.5335475,0.0,1.5095844,0.5335475,0.0,0.0,0.5335475,2.6166263,0.0,0.0,3.8001556,0.8796019,0.0,1.654377,0.0,0.0,0.0,0.0,0.0,0.0,0.5335475,0.5335475,0.5335475,0.0,0.0,0.0,0.5335475,0.5335475,0.0,1.340219,0.0,1.1362003,0.5335475,0.5335475,1.1362003,0.0,1.654377,1.1362003,2.3859682,0.0,4.636869,1.5095844,1.893076,1.1362003,0.5335475,0.8796019,0.0
0.0,1.5792851,0.0,0.0,0.0,0.0,0.0,1.4063885,0.0,0.0,0.0,1.1972177,0.5711475,0.0,0.5711475,1.1972177,0.5711475,5.857775,0.0,0.5711475,0.0,0.0,1.5792851,1.5792851,0.0,0.0,0.5711475,0.0,0.9323982,2.4667563,1.4063885,0.5711475,0.0,0.5711475,0.5711475,1.4063885,0.0,0.0,1.1972177,0.0,0.0,0.5711475,1.5792851,1.1972177,0.0,0.5711475,1.1972177,0.5711475,0.5711475,0.5711475,1.726649,0.0,0.0,0.5711475,0.0,0.0,0.0,0.5711475,0.0,0.5711475,2.2484741,0.0,0.5711475,3.0085218,0.9323982,0.9323982,2.4667563,1.1972177,0.0,0.0,0.0,0.0,0.0,0.9323982,0.0,0.5711475,0.0,0.0,0.0,0.5711475,0.0,0.0,1.4063885,0.0,1.4063885,0.0,0.5711475,1.1972177,0.5711475,2.530076,1.4063885,2.399155,0.9323982,4.51223,1.4063885,3.0458422,0.9323982,0.9323982,1.5792851,0.0
1.2749233,1.667212,0.6202946,0.6202946,0.6202946,0.0,0.0,1.0002463,0.0,1.0002463,0.0,0.6202946,0.0,0.0,1.0002463,1.0002463,1.0002463,4.886581,0.0,0.6202946,0.0,0.0,1.2749233,0.0,0.0,0.6202946,0.6202946,0.6202946,0.6202946,0.6202946,1.667212,1.9482403,1.0002463,0.0,0.0,0.6202946,1.2749233,0.0,1.667212,0.0,0.0,0.0,1.0002463,1.0002463,0.0,0.0,1.2749233,0.6202946,1.2749233,0.0,0.6202946,0.0,0.6202946,0.6202946,0.0,0.6202946,0.0,0.0,0.0,0.6202946,1.9482403,0.0,0.0,4.040696,0.0,0.6202946,1.4901819,0.0,0.0,0.0,0.0,0.6202946,0.6202946,0.0,0.0,0.6202946,1.2749233,0.0,1.0002463,0.0,0.0,0.6202946,1.2749233,0.0,1.8175659,0.6202946,1.2749233,0.6202946,1.0002463,0.6202946,1.0002463,2.9008453,0.6202946,4.973504,0.6202946,2.16737,0.0,0.6202946,1.0002463,0.0
0.6212894,2.50121,0.0,0.0,0.0,0.0,0.0,0.0,0.0,0.6212894,0.0,0.0,0.0,0.0,0.0,1.2764738,0.6212894,4.882208,0.0,0.0,0.0,0.0,1.0016067,0.0,0.0,1.0016067,0.0,1.0016067,0.6212894,2.902878,1.2764738,0.0,0.6212894,0.0,0.6212894,0.6212894,0.0,0.6212894,1.2764738,0.0,0.0,0.0,1.2764738,1.0016067,0.0,0.0,1.2764738,0.6212894,0.0,1.0016067,1.0016067,0.0,0.0,1.2764738,0.6212894,1.2764738,1.6689574,0.0,0.0,1.2764738,2.0656736,0.0,0.0,3.9477427,0.0,1.0016067,1.6689574,0.0,0.6212894,0.0,1.0016067,0.0,0.0,0.0,0.0,1.2764738,0.0,0.0,0.6212894,0.0,1.4918487,0.0,2.169275,0.0,1.9500849,0.0,0.0,1.2764738,0.0,1.6689574,1.0016067,2.5694447,0.6212894,5.169627,1.0016067,2.0656736,1.2764738,0.6212894,0.6212894,0.0
0.0,0.73621666,0.0,0.0,0.73621666,1.1556357,0.0,1.1556357,0.0,0.73621666,0.0,0.0,0.0,0.0,0.0,0.73621666,0.0,4.9435453,0.0,0.0,0.73621666,0.0,0.73621666,1.1556357,0.0,0.0,0.0,0.0,0.73621666,2.2725554,0.73621666,0.0,0.0,0.73621666,0.0,0.0,0.73621666,0.0,1.1556357,0.73621666,0.73621666,1.1556357,0.0,0.73621666,0.73621666,0.0,1.4502224,1.1556357,1.1556357,0.0,1.4502224,0.0,0.0,0.0,0.0,1.677486,0.0,0.0,0.0,1.4502224,2.7870026,0.0,0.73621666,2.9702275,0.0,0.0,0.73621666,0.0,0.0,0.0,0.0,0.0,0.73621666,1.1556357,0.0,0.0,0.0,0.0,0.0,0.0,0.0,0.0,1.1556357,0.0,1.1556357,1.1556357,1.1556357,0.0,1.4502224,2.2725554,1.1556357,1.4502224,0.73621666,3.994764,0.0,2.6430671,1.677486,0.0,1.1556357,0.0
0.0,0.0,0.0,0.0,0.5273834,0.0,0.5273834,0.0,0.0,0.0,0.0,0.0,0.0,0.5273834,0.0,0.0,0.0,3.3352432,0.0,0.87086874,0.0,0.0,0.5273834,0.0,0.0,0.0,0.0,0.0,0.0,0.5273834,0.87086874,0.0,0.87086874,0.5273834,0.0,0.0,0.0,0.0,1.8803718,0.5273834,0.5273834,0.0,0.0,0.0,0.0,0.5273834,2.0725336,0.5273834,0.0,0.5273834,0.0,0.0,0.0,0.5273834,0.0,0.5273834,0.0,1.9810613,0.0,0.0,2.5499432,0.5273834,0.0,1.1260581,0.0,0.87086874,0.5273834,0.0,0.0,0.0,0.0,0.0,0.87086874,0.87086874,0.0,0.0,0.87086874,0.0,0.0,0.0,0.0,1.329187,0.0,0.5273834,1.6422837,0.0,0.0,0.5273834,0.0,0.0,0.0,0.5273834,0.0,2.8316433,0.0,1.1260581,0.5273834,0.5273834,0.5273834,0.5273834
0.0,0.61725116,0.61725116,0.0,0.0,0.0,0.61725116,0.61725116,0.0,0.0,0.61725116,0.0,0.0,0.61725116,0.0,0.0,0.61725116,3.6743274,0.0,1.270175,0.0,0.0,0.0,0.0,0.0,0.0,0.0,0.0,0.0,0.61725116,0.61725116,0.0,0.61725116,0.0,0.0,0.0,0.61725116,1.270175,1.9425869,0.61725116,0.0,0.0,0.0,0.0,0.0,0.61725116,2.3410437,0.61725116,0.61725116,0.61725116,0.0,0.0,0.0,0.0,0.0,0.61725116,0.0,0.99608123,0.0,0.0,3.248859,0.0,0.0,0.0,0.0,0.61725116,0.61725116,0.99608123,0.0,0.0,0.0,0.61725116,0.0,0.0,0.61725116,0.99608123,0.0,0.0,0.61725116,0.61725116,0.0,0.0,0.0,0.0,1.6618644,0.0,0.61725116,0.0,0.0,0.0,0.0,0.99608123,0.0,3.1066308,0.0,0.61725116,0.61725116,0.61725116,0.0,0.61725116
0.0,1.0542138,0.0,0.31768516,0.0,0.0,0.31768516,0.7522793,0.0,0.0,0.31768516,0.31768516,0.31768516,0.0,0.31768516,0.0,0.31768516,3.4899774,0.0,0.91459906,0.0,0.5584077,0.91459906,0.7522793,0.0,0.7522793,0.0,0.31768516,0.5584077,1.473731,0.91459906,0.0,0.31768516,0.0,0.0,0.0,0.31768516,0.31768516,2.3368502,1.1767029,0.31768516,0.5584077,0.31768516,0.5584077,0.31768516,0.31768516,1.9434927,0.0,0.0,0.0,0.0,0.0,0.0,0.0,0.0,0.31768516,0.31768516,0.91459906,0.0,0.0,2.8157458,0.31768516,0.31768516,1.7683659,0.0,0.0,0.5584077,0.7522793,0.31768516,0.0,0.5584077,0.31768516,0.31768516,0.7522793,0.0,0.31768516,0.91459906,0.0,0.0,0.31768516,0.5584077,0.5584077,1.0542138,0.5584077,1.7683659,0.5584077,0.31768516,1.0542138,0.91459906,0.0,0.91459906,1.1767029,0.0,3.6282392,0.0,0.7522793,0.0,0.7522793,0.0,0.0
0.4557994,1.3576813,0.4557994,0.4557994,1.1968683,0.0,0.76772934,0.0,0.0,0.0,0.0,0.4557994,0.0,0.76772934,0.4557994,0.4557994,1.0051444,3.2515233,0.4557994,0.76772934,0.0,0.0,1.4961803,0.76772934,0.0,1.1968683,0.4557994,0.4557994,0.4557994,2.4330702,1.82405,0.0,1.6178101,0.76772934,0.4557994,0.4557994,0.0,0.0,2.3810613,0.76772934,0.0,0.76772934,1.0051444,0.0,0.0,0.4557994,2.3810613,0.0,1.0051444,0.4557994,1.0051444,0.0,0.0,0.0,0.0,0.4557994,0.0,0.4557994,0.0,1.0051444,2.9391856,0.76772934,0.76772934,2.2065227,0.4557994,0.0,0.4557994,0.0,0.0,0.0,0.4557994,0.0,1.0051444,1.0051444,0.0,0.76772934,1.1968683,1.0051444,0.4557994,0.0,0.76772934,0.4557994,1.0051444,0.0,1.3576813,0.0,0.0,0.4557994,0.76772934,0.0,0.4557994,1.82405,1.0051444,3.6663945,0.0,1.0051444,0.0,0.4557994,0.4557994,0.0
0.0,0.8656928,0.8656928,0.0,0.5237375,0.5237375,0.5237375,0.0,0.0,0.0,0.5237375,0.0,0.5237375,0.8656928,0.0,0.0,0.5237375,3.4649441,0.0,0.8656928,0.0,0.0,1.761005,0.8656928,0.0,0.0,0.5237375,0.0,0.0,2.823252,1.1200404,0.0,0.8656928,0.0,0.0,0.8656928,0.0,0.0,2.0647416,0.5237375,0.8656928,0.0,0.0,0.8656928,0.0,0.0,1.761005,0.0,0.0,0.5237375,0.0,0.8656928,0.5237375,0.0,0.5237375,0.0,0.0,0.0,0.0,0.5237375,3.0092964,0.5237375,0.0,1.1200404,0.0,0.8656928,1.3226365,0.8656928,0.0,0.0,0.0,0.0,0.0,0.8656928,0.0,0.0,0.0,0.5237375,0.5237375,0.0,0.0,0.0,0.5237375,0.0,1.635097,0.0,0.5237375,0.5237375,0.5237375,0.0,0.0,0.0,0.0,3.4431818,0.5237375,1.3226365,0.0,0.0,0.0,0.0
0.0,0.88198715,0.38655302,0.88198715,1.0604236,0.0,0.0,0.0,0.0,0.0,0.0,0.38655302,0.0,0.0,0.0,0.0,0.38655302,3.1831667,0.0,0.38655302,0.0,0.0,0.38655302,0.38655302,0.0,0.38655302,0.0,0.0,0.38655302,0.38655302,1.4593797,0.0,0.38655302,0.0,0.6646432,0.0,0.0,0.0,2.6541681,0.38655302,0.0,0.38655302,0.0,0.0,0.0,0.0,2.0290134,0.0,0.0,0.0,0.0,0.38655302,0.0,0.38655302,0.0,0.0,0.0,0.0,0.0,0.0,2.6868303,0.38655302,0.0,1.6576729,0.38655302,0.6646432,0.0,1.3432279,0.38655302,0.38655302,0.0,0.0,0.38655302,1.3432279,0.38655302,0.0,0.38655302,0.0,0.0,0.6646432,0.0,0.0,0.88198715,0.38655302,1.6576729,0.6646432,1.0604236,0.0,0.38655302,0.38655302,0.0,0.38655302,0.38655302,2.8358305,0.0,1.2117898,0.38655302,0.38655302,0.0,0.0
0.0,0.0,0.0,0.0,0.0,0.0,0.5366558,0.0,0.0,0.0,0.0,0.0,0.0,1.1412991,0.0,0.0,0.5366558,3.8074894,0.0,0.8839971,0.0,0.0,0.0,0.0,0.0,0.0,0.0,0.0,0.8839971,1.1412991,0.8839971,0.0,0.0,0.0,0.8839971,0.0,0.0,0.0,2.092207,0.8839971,0.0,0.0,0.5366558,0.0,0.0,1.1412991,2.1762342,0.0,0.0,0.0,0.0,0.0,0.0,0.0,0.5366558,0.5366558,0.0,0.0,0.5366558,0.0,3.2797828,0.0,0.0,2.092207,0.0,0.8839971,0.8839971,0.8839971,0.0,0.0,0.0,0.0,0.0,0.0,0.5366558,0.5366558,0.0,0.0,0.0,0.0,0.0,0.8839971,0.5366558,0.0,2.0004659,0.5366558,0.0,0.0,0.0,0.5366558,0.5366558,1.1412991,0.0,3.004568,0.0,2.1762342,0.8839971,0.0,0.0,0.5366558
0.33062243,1.5099506,0.7772597,0.7772597,1.0849092,0.33062243,0.33062243,0.33062243,0.0,0.0,0.0,0.0,0.33062243,0.0,0.0,0.0,1.4194083,3.1665876,0.33062243,0.7772597,0.33062243,0.0,1.4194083,0.94286907,0.0,0.0,0.0,0.0,0.33062243,2.0361662,0.94286907,0.0,0.7772597,0.5786721,0.0,0.33062243,0.5786721,0.5786721,2.3791623,0.7772597,0.0,0.7772597,0.7772597,0.33062243,0.0,0.5786721,2.414814,0.0,0.7772597,0.33062243,0.33062243,0.0,0.0,0.0,0.5786721,0.33062243,0.0,0.7772597,0.0,0.33062243,2.6340828,1.3198445,0.33062243,1.2092603,0.0,0.5786721,0.33062243,0.0,0.33062243,0.0,0.33062243,0.33062243,0.33062243,0.7772597,0.0,0.7772597,0.0,0.5786721,0.0,0.0,0.5786721,0.7772597,0.5786721,0.33062243,1.3198445,0.7772597,0.0,0.33062243,1.3198445,0.0,0.0,0.5786721,0.0,3.0056765,0.0,1.5929714,0.5786721,0.7772597,0.0,0.33062243
0.0,0.0,0.0,0.0,0.0,0.0,0.0,0.5001517,0.0,0.0,0.0,0.0,0.0,0.5001517,0.0,0.0,0.5001517,3.5292253,0.0,1.0807586,0.0,0.0,0.0,0.0,0.0,0.0,0.0,0.0,0.0,0.5001517,1.0807586,0.0,0.0,0.0,0.5001517,0.0,0.0,0.0,2.3111086,0.83201426,0.0,0.0,0.0,0.83201426,0.0,0.0,2.0966287,0.0,0.5001517,0.0,0.0,0.0,0.0,0.0,0.5001517,0.0,0.0,0.0,0.0,0.0,2.9867,0.0,0.0,1.2797903,0.0,0.83201426,0.0,0.0,0.5001517,0.0,0.0,0.0,0.0,0.83201426,0.0,0.0,0.83201426,0.0,0.0,0.0,0.0,0.83201426,0.5001517,0.0,1.9228963,0.0,0.5001517,1.0807586,0.0,0.0,0.5001517,0.5001517,0.0,3.050131,0.0,1.445708,1.0807586,0.83201426,0.0,0.0
0.0,0.0,0.0,0.558728,0.0,0.0,0.9150475,0.0,0.0,0.0,0.558728,0.0,0.0,0.0,0.0,0.0,0.9150475,3.8266137,0.0,0.558728,0.0,0.0,0.558728,0.558728,0.0,0.0,0.0,0.9150475,0.9150475,0.9150475,0.0,0.0,0.0,0.0,0.0,0.0,0.558728,0.0,2.5630362,1.3847401,0.0,0.0,0.0,0.0,0.0,0.558728,2.5630362,0.0,0.0,0.0,0.0,0.558728,0.0,0.0,0.0,0.0,0.0,0.9150475,0.0,0.0,2.4404545,0.9150475,0.0,1.3847401,0.0,1.7030524,0.9150475,0.0,0.0,0.0,0.0,0.0,0.0,0.558728,0.558728,0.0,0.0,0.0,0.0,0.0,0.0,0.0,0.0,0.0,1.9441338,0.0,0.558728,0.558728,0.558728,0.0,0.558728,0.558728,0.0,2.5036225,0.0,1.7030524,0.9150475,0.0,0.0,0.0
0.0,0.90371287,0.0,0.0,0.0,0.0,0.0,0.0,0.0,0.55064774,0.0,0.0,0.0,1.164128,0.55064774,0.90371287,0.55064774,4.1727047,0.0,0.55064774,0.0,0.0,0.0,1.164128,0.55064774,0.55064774,0.0,0.0,0.55064774,1.3705472,0.55064774,0.0,1.164128,0.0,0.55064774,0.55064774,0.0,0.0,2.2836585,0.90371287,0.0,0.0,0.0,0.0,0.0,0.55064774,1.3705472,0.0,0.55064774,0.0,0.55064774,0.0,0.0,0.0,0.0,0.55064774,0.0,0.90371287,0.0,0.0,2.3558311,0.55064774,0.55064774,1.164128,0.90371287,0.0,0.0,0.55064774,0.0,0.0,0.0,0.0,0.0,1.164128,0.0,0.90371287,0.0,0.0,0.0,0.0,1.3705472,0.0,0.55064774,0.0,2.205869,0.90371287,0.0,0.90371287,1.164128,0.0,0.55064774,0.55064774,0.0,2.8842783,0.0,0.90371287,1.164128,1.164128,0.0,0.90371287
0.0,0.0,0.0,0.5153461,0.5153461,0.0,0.5153461,0.0,0.0,0.0,0.0,0.0,0.0,0.85374945,0.0,0.0,1.3074869,3.6397414,0.0,0.0,0.0,0.0,0.5153461,0.0,0.5153461,0.0,0.0,0.5153461,0.5153461,1.7438858,0.85374945,0.0,0.5153461,0.0,0.0,0.0,0.0,0.5153461,2.6254032,0.5153461,0.0,0.0,0.5153461,0.0,0.5153461,0.5153461,2.046683,0.0,0.0,0.0,0.5153461,0.0,0.0,0.0,0.0,0.0,0.0,0.0,0.0,0.5153461,2.9896188,1.1061351,0.0,0.5153461,0.5153461,0.0,0.5153461,0.0,0.0,0.0,0.0,0.5153461,0.0,0.85374945,0.0,0.5153461,0.85374945,0.0,0.0,0.0,0.0,0.85374945,0.85374945,0.85374945,1.9555721,0.0,0.0,0.85374945,0.85374945,0.0,0.5153461,0.85374945,0.0,3.1462703,0.85374945,1.6184586,1.1061351,0.0,0.0,0.0
1.0507423,1.0507423,1.3322762,0.6574612,0.0,0.0,0.0,0.6574612,0.0,0.0,0.0,0.0,0.6574612,0.0,1.3322762,1.7315551,0.0,5.723594,0.6574612,0.0,0.0,0.0,1.0507423,1.8839313,0.0,1.0507423,0.0,0.0,0.6574612,3.1084979,1.0507423,0.0,0.0,1.0507423,0.0,1.0507423,0.6574612,0.6574612,1.5517126,0.0,0.0,1.0507423,0.6574612,0.0,0.0,0.0,1.3322762,0.0,0.0,0.6574612,1.7315551,0.0,0.0,0.6574612,0.6574612,0.6574612,0.6574612,0.0,0.0,2.49804,2.4184775,0.0,1.0507423,1.0507423,0.0,0.0,1.0507423,0.0,0.0,0.6574612,0.0,0.0,0.6574612,0.0,0.6574612,1.7315551,1.3322762,0.0,0.0,0.0,1.0507423,0.0,1.5517126,0.0,1.3322762,1.3322762,1.0507423,1.0507423,1.5517126,0.0,0.6574612,0.0,1.3322762,4.218799,0.0,2.8218591,1.3322762,1.5517126,0.0,0.6574612
0.57533497,1.2039261,0.9382291,0.0,0.0,0.0,0.57533497,0.57533497,0.0,0.0,0.0,0.0,0.57533497,0.0,0.0,0.0,0.9382291,6.040717,0.0,0.9382291,0.0,0.0,1.9771053,1.2039261,0.0,0.0,0.0,0.9382291,0.57533497,2.938511,0.9382291,0.0,1.2039261,0.0,0.57533497,0.9382291,0.0,0.57533497,2.0793831,0.57533497,0.9382291,0.9382291,0.57533497,0.0,0.9382291,0.0,1.4136429,0.9382291,0.0,0.0,0.0,0.0,0.0,0.0,0.57533497,1.7345462,0.0,0.0,0.0,1.4136429,2.5985043,0.0,0.9382291,1.7345462,0.0,0.9382291,1.4136429,0.0,0.0,0.9382291,0.0,0.0,0.0,0.0,0.57533497,1.586912,1.2039261,0.0,0.57533497,0.0,1.586912,0.57533497,0.57533497,0.57533497,1.863162,0.0,0.0,0.9382291,1.7345462,0.57533497,1.586912,1.586912,1.2039261,3.9119577,0.57533497,4.206284,3.6860328,1.2039261,0.57533497,0.0
0.0,0.63893086,0.63893086,0.0,0.0,0.36964944,0.36964944,0.36964944,0.0,0.0,0.0,0.8508693,0.36964944,0.36964944,0.36964944,0.36964944,0.36964944,5.8951025,0.0,0.63893086,0.36964944,0.0,1.5212224,1.3038262,0.0,0.63893086,0.36964944,0.0,1.0256504,2.839089,0.8508693,0.0,1.4184203,0.0,0.36964944,0.36964944,0.0,0.63893086,2.297024,0.36964944,0.0,0.63893086,0.36964944,0.63893086,0.63893086,0.0,1.8510854,0.0,0.8508693,0.0,1.6996939,0.63893086,0.0,0.0,0.36964944,0.0,0.0,0.36964944,0.0,1.1743801,3.326245,0.36964944,0.36964944,1.3038262,0.0,0.36964944,0.36964944,0.0,0.0,0.63893086,0.36964944,0.0,0.36964944,0.8508693,0.36964944,0.8508693,0.8508693,0.0,0.0,0.0,0.36964944,0.8508693,0.8508693,0.0,1.4184203,0.36964944,0.63893086,1.4184203,0.63893086,0.0,0.36964944,0.8508693,0.8508693,3.326245,0.36964944,1.9189725,1.7782518,0.63893086,0.36964944,0.63893086
0.0,1.0773405,0.67723584,0.67723584,0.67723584,0.0,0.67723584,0.0,0.0,0.67723584,0.0,0.0,0.0,0.0,0.0,0.0,1.5838568,4.4226465,0.0,0.67723584,0.0,0.0,1.0773405,0.67723584,0.0,0.0,0.0,0.67723584,0.0,1.3623315,1.0773405,0.0,0.0,0.67723584,1.0773405,0.0,0.67723584,1.0773405,2.3687747,0.0,0.0,0.0,0.67723584,0.0,0.67723584,0.0,2.0514283,0.67723584,0.0,0.0,0.0,0.0,0.0,0.0,0.0,0.0,0.0,0.67723584,0.0,0.0,3.1880991,1.0773405,0.67723584,1.7650982,0.0,0.0,0.67723584,0.0,0.0,0.0,0.67723584,1.0773405,0.0,1.3623315,0.67723584,1.0773405,0.0,0.0,0.0,0.67723584,0.67723584,0.0,0.0,0.0,2.1687603,1.0773405,0.0,1.0773405,0.0,0.67723584,0.0,0.67723584,0.0,2.9140735,0.67723584,1.9184766,2.3687747,0.0,0.0,0.0
1.0787156,0.0,1.3638824,0.0,0.39556623,0.39556623,1.2314298,0.39556623,0.0,0.6782618,0.6782618,0.0,0.39556623,0.0,0.0,1.0787156,1.5855138,4.3271036,0.0,0.6782618,0.0,0.39556623,0.6782618,0.6782618,0.0,0.6782618,0.0,0.6782618,0.6782618,2.8620663,1.0787156,0.39556623,1.3638824,0.6782618,0.0,0.0,0.39556623,0.6782618,1.9889592,0.39556623,0.0,0.39556623,0.39556623,0.0,0.39556623,0.0,2.2244964,0.0,0.8984015,0.0,0.8984015,0.0,0.39556623,0.0,0.39556623,0.6782618,0.39556623,0.0,0.0,1.2314298,3.0159757,0.8984015,1.2314298,1.5855138,0.39556623,0.6782618,0.39556623,0.39556623,0.0,0.39556623,0.0,0.0,0.6782618,0.39556623,0.39556623,1.2314298,1.0787156,0.0,0.0,0.6782618,1.2314298,0.6782618,0.39556623,0.0,1.9202551,0.39556623,0.0,0.39556623,0.39556623,0.39556623,0.6782618,1.3638824,0.39556623,3.0159757,0.0,1.2314298,1.2314298,0.6782618,0.39556623,0.0
0.5323261,0.0,0.0,0.8778732,1.1341939,0.0,0.0,0.0,0.0,0.5323261,0.0,0.0,0.0,0.0,0.0,0.5323261,0.5323261,3.680315,0.0,0.0,0.0,0.0,0.8778732,0.0,0.0,0.0,0.0,0.0,0.5323261,0.5323261,0.5323261,0.0,0.0,0.0,0.5323261,0.0,0.5323261,0.0,2.7118945,0.5323261,0.5323261,0.0,0.8778732,0.0,0.0,0.5323261,2.244391,0.5323261,0.5323261,0.0,0.0,0.0,0.0,0.5323261,0.0,0.0,0.5323261,0.0,0.0,0.5323261,3.2147963,0.0,0.0,1.9914296,0.0,0.8778732,0.0,1.5072821,0.5323261,0.0,0.0,0.0,0.5323261,0.0,0.0,0.0,0.5323261,0.5323261,0.0,0.8778732,0.5323261,0.0,1.1341939,0.5323261,1.778374,0.0,0.0,0.0,0.0,0.5323261,0.5323261,2.244391,0.0,3.2147963,0.0,0.5323261,0.5323261,1.1341939,0.0,0.0
0.0,0.0,0.0,0.0,0.0,0.0,0.3891118,0.0,0.0,0.0,0.0,0.0,0.0,0.0,0.0,0.0,0.3891118,3.5210876,0.3891118,1.0656338,0.0,0.0,0.0,0.3891118,0.0,0.0,0.0,0.0,0.3891118,1.2173867,0.88665944,0.0,0.0,0.3891118,0.3891118,0.0,0.0,0.6685158,2.5189915,0.0,0.0,0.0,0.0,0.0,0.0,0.3891118,1.4654951,0.0,0.6685158,0.0,0.0,0.0,0.0,0.0,0.0,0.0,0.0,0.3891118,0.3891118,0.3891118,3.4174483,0.0,0.0,1.9718151,0.0,0.6685158,0.88665944,0.0,0.3891118,0.0,0.3891118,0.3891118,0.0,1.2173867,0.0,0.3891118,0.3891118,0.0,0.6685158,0.0,0.0,0.6685158,0.6685158,0.0,1.6641203,1.0656338,0.0,0.88665944,0.3891118,0.6685158,0.0,0.88665944,0.0,3.3695176,0.6685158,0.88665944,0.6685158,0.88665944,0.3891118,0.0
0.0,1.0128595,0.0,0.0,0.0,0.0,0.4602611,0.0,0.0,0.0,0.0,0.0,0.0,1.0128595,0.0,0.0,0.4602611,3.5184264,0.0,0.4602611,0.0,0.4602611,0.0,0.0,0.0,0.4602611,0.0,0.0,0.0,1.5056154,0.0,0.4602611,0.77425486,0.0,0.0,0.0,0.0,0.4602611,2.5407948,1.0128595,0.0,0.4602611,0.4602611,0.0,0.0,0.4602611,2.0054402,0.0,0.0,0.0,0.0,0.0,0.0,0.0,0.0,0.0,0.0,0.0,0.0,0.0,3.7494717,0.0,0.0,1.0128595,0.4602611,0.0,0.4602611,0.77425486,0.0,0.0,0.0,0.0,0.4602611,1.0128595,0.0,0.0,0.77425486,0.4602611,0.0,0.4602611,0.0,0.77425486,0.4602611,0.4602611,1.8342423,0.4602611,0.0,0.77425486,0.0,0.4602611,0.77425486,1.2053571,0.4602611,3.010034,0.0,1.7362294,0.0,0.4602611,0.0,0.77425486
0.0,1.8824346,0.0,0.8722845,0.8722845,0.0,0.5283816,0.5283816,0.0,0.5283816,0.0,1.1277032,0.0,0.5283816,0.0,0.0,0.8722845,4.3240237,0.5283816,0.8722845,0.0,0.5283816,0.5283816,1.3309771,0.0,0.0,0.0,0.5283816,0.0,2.7485447,1.8824346,0.5283816,0.0,0.0,0.8722845,1.1277032,0.0,0.5283816,1.9831597,0.8722845,0.0,0.5283816,1.1277032,0.0,0.8722845,0.8722845,1.3309771,0.0,0.0,0.5283816,0.0,0.5283816,0.0,0.0,0.0,0.0,0.5283816,0.5283816,0.0,0.5283816,2.912602,0.5283816,0.5283816,2.6551776,0.0,0.5283816,1.3309771,0.5283816,0.0,0.0,0.0,0.0,0.5283816,1.3309771,0.0,0.8722845,0.0,0.0,0.5283816,0.5283816,0.8722845,0.0,0.8722845,0.0,1.1277032,0.0,0.5283816,0.5283816,0.5283816,1.1277032,0.0,2.307613,0.0,4.0376825,1.1277032,1.9831597,0.8722845,0.5283816,0.0,0.0
0.55579627,0.91093934,0.55579627,0.55579627,0.0,0.0,0.0,0.0,0.0,0.91093934,0.0,0.0,0.0,0.0,0.0,0.55579627,0.55579627,6.0211706,0.0,0.0,0.0,0.0,1.1724777,1.5510974,0.0,0.0,0.0,1.3796006,0.0,2.2945473,2.1321864,0.55579627,1.1724777,0.0,1.3796006,0.55579627,0.0,0.0,2.1321864,0.55579627,0.55579627,0.0,0.55579627,0.55579627,0.0,0.0,1.8250815,0.91093934,0.55579627,0.0,0.91093934,0.0,0.0,0.55579627,0.0,0.91093934,0.55579627,0.0,0.0,1.3796006,2.6127563,0.55579627,0.0,2.809999,0.0,0.55579627,1.1724777,0.55579627,0.55579627,0.0,0.0,0.0,0.55579627,0.91093934,0.0,1.1724777,0.55579627,0.55579627,0.0,0.0,1.1724777,0.0,0.0,0.0,1.5510974,0.55579627,0.55579627,1.1724777,0.0,1.1724777,0.55579627,0.55579627,0.91093934,3.9424813,0.91093934,1.6974436,1.5510974,0.55579627,0.55579627,0.0
0.0,0.72964525,0.0,0.72964525,1.1469862,0.0,0.0,1.4405538,0.0,0.0,0.0,0.0,0.0,0.0,0.72964525,0.0,1.1469862,4.816041,0.0,0.0,0.0,0.0,0.72964525,0.72964525,0.0,0.72964525,0.0,0.72964525,0.0,2.2612169,1.4405538,0.0,0.72964525,0.0,0.0,0.72964525,0.0,0.0,1.85187,0.0,0.0,0.0,0.72964525,0.0,0.72964525,0.72964525,1.4405538,0.0,0.0,0.0,1.1469862,0.0,0.0,0.0,0.72964525,0.72964525,0.72964525,0.0,0.0,1.667212,2.367352,0.72964525,0.0,2.2612169,0.72964525,0.0,0.72964525,1.1469862,0.0,0.72964525,0.0,0.0,0.0,0.0,0.0,1.1469862,0.0,0.0,0.0,0.0,0.0,0.0,0.0,0.0,1.667212,0.72964525,0.72964525,1.85187,1.1469862,1.4405538,0.72964525,1.1469862,1.1469862,3.012501,0.0,1.85187,1.4405538,1.1469862,0.0,0.0
1.2969604,0.8454734,0.0,0.0,0.0,0.0,0.8454734,0.0,0.0,0.0,0.0,0.0,0.0,0.8454734,0.0,0.0,0.8454734,5.0359406,0.0,0.0,0.0,0.0,0.8454734,0.0,0.0,0.0,0.8454734,0.8454734,0.0,2.5620005,1.2969604,0.0,1.6068828,0.0,1.2969604,0.8454734,0.8454734,0.0,2.0341043,0.0,0.0,0.0,1.2969604,0.8454734,0.8454734,0.0,0.0,0.0,0.0,0.0,0.8454734,0.8454734,0.0,0.8454734,0.0,1.6068828,0.0,0.0,0.0,2.194385,2.8302066,0.0,0.8454734,2.5620005,0.0,1.6068828,2.5620005,1.2969604,0.0,1.2969604,0.0,0.0,0.0,0.0,0.0,1.2969604,1.8431369,0.0,0.0,0.0,0.0,0.0,0.8454734,0.0,1.8431369,0.0,0.0,0.0,0.8454734,1.2969604,0.0,1.2969604,0.8454734,3.8327358,1.2969604,2.194385,0.8454734,0.8454734,0.8454734,0.0
0.0,0.0,0.66951454,1.0669763,0.0,1.0669763,1.5713528,0.66951454,0.0,0.0,0.0,0.0,0.66951454,0.0,0.0,1.7520556,0.0,4.8353357,0.66951454,1.0669763,0.66951454,0.0,1.3506327,1.7520556,0.0,0.0,0.66951454,0.66951454,1.0669763,2.1548169,0.0,0.0,0.0,0.66951454,1.3506327,0.0,0.0,0.66951454,1.0669763,0.66951454,0.0,1.0669763,1.0669763,0.0,1.3506327,0.0,1.3506327,0.0,1.0669763,0.0,1.0669763,0.0,0.0,0.0,0.0,0.66951454,0.0,0.66951454,0.0,1.7520556,2.7278092,1.0669763,0.0,2.2596357,0.0,0.66951454,2.2596357,0.66951454,0.0,0.0,0.0,0.0,0.66951454,1.0669763,0.0,0.66951454,1.0669763,0.0,0.0,0.0,0.66951454,0.66951454,0.0,0.0,1.3506327,0.0,0.0,1.5713528,0.0,1.7520556,0.66951454,1.3506327,0.0,3.6909983,0.0,1.3506327,0.66951454,0.66951454,0.66951454,0.0
0.0,1.1282685,0.7154714,1.1282685,0.7154714,0.0,0.0,0.7154714,0.0,0.0,0.0,0.0,0.0,0.0,0.0,0.0,0.0,5.143764,0.0,0.7154714,0.0,0.0,0.7154714,0.0,0.0,0.7154714,0.0,0.7154714,0.0,1.9838805,1.1282685,0.0,0.7154714,0.0,0.7154714,1.4195966,1.4195966,1.1282685,1.6449213,0.0,0.0,0.7154714,1.1282685,0.0,0.0,0.0,1.4195966,0.7154714,0.0,0.0,0.7154714,0.0,0.0,0.0,0.0,1.1282685,0.0,0.0,0.0,1.1282685,2.3424168,0.7154714,0.0,2.8748298,0.0,0.7154714,2.3424168,1.8286943,0.0,0.0,0.0,0.0,0.0,0.7154714,0.7154714,0.0,0.0,0.0,0.0,0.0,0.0,0.0,1.1282685,0.0,1.6449213,0.7154714,0.0,1.8286943,0.0,2.118188,0.0,1.6449213,0.0,3.7319598,0.0,1.6449213,1.1282685,0.7154714,0.7154714,0.0
0.0,0.91603583,0.0,0.0,0.0,0.0,0.0,0.0,0.0,0.0,0.0,0.0,0.0,0.5594337,0.5594337,0.0,0.0,4.795369,0.0,1.3859757,0.0,0.0,0.0,1.3859757,0.0,0.5594337,0.0,0.0,0.5594337,1.1783608,1.1783608,0.0,0.0,0.0,1.1783608,0.0,0.0,0.0,2.7241824,1.1783608,0.0,0.0,0.5594337,0.5594337,0.0,0.0,2.0473228,0.0,0.5594337,0.0,0.0,0.0,0.0,0.0,0.5594337,0.91603583,0.5594337,0.0,0.0,0.5594337,2.673753,0.0,0.0,2.1396914,1.1783608,0.5594337,2.0473228,0.0,0.0,0.5594337,0.5594337,0.91603583,0.0,0.91603583,0.0,0.0,0.5594337,0.0,0.0,0.5594337,0.0,0.0,0.91603583,0.0,1.1783608,0.0,0.0,1.1783608,0.0,1.1783608,0.5594337,0.5594337,0.0,3.3317947,0.5594337,1.7044005,1.5578091,1.1783608,0.5594337,0.0
0.0,0.0,0.0,0.0,1.3815135,0.0,0.0,0.0,0.0,0.68996245,0.0,0.68996245,0.0,0.0,0.0,0.68996245,1.3815135,2.8272102,0.0,0.0,0.0,0.0,0.68996245,0.0,0.0,0.0,0.0,0.0,0.0,1.0943637,0.0,0.0,0.0,0.0,0.0,0.68996245,0.0,1.3815135,1.786446,0.0,0.0,0.0,0.0,0.0,0.0,0.0,3.0384476,0.0,0.68996245,0.68996245,0.0,0.0,1.0943637,0.0,0.0,1.0943637,0.0,0.68996245,0.0,0.68996245,3.0384476,0.0,0.68996245,0.68996245,0.0,0.0,0.0,0.0,0.0,0.68996245,0.0,0.0,0.0,1.0943637,0.0,0.0,0.68996245,0.0,0.0,0.0,0.0,0.68996245,0.0,0.0,0.0,0.0,0.0,0.0,0.0,0.0,0.68996245,1.3815135,0.0,2.9896727,0.0,1.3815135,0.0,0.0,0.0,0.0
0.1811327,0.33443335,0.46732676,0.0,0.0,0.0,0.1811327,0.0,0.0,0.0,0.1811327,0.0,0.1811327,0.1811327,0.0,0.33443335,0.1811327,2.75331,0.0,0.58461326,0.0,0.0,1.0250261,0.33443335,0.0,0.0,0.1811327,0.1811327,0.58461326,1.4296383,0.33443335,0.1811327,0.9511148,0.0,0.33443335,0.0,0.46732676,0.1811327,2.212829,1.1582377,0.1811327,0.1811327,0.58461326,0.0,0.33443335,0.1811327,2.2553563,0.0,0.1811327,0.0,0.1811327,0.0,0.0,0.0,0.0,0.0,0.33443335,0.33443335,0.0,0.6895764,3.1199212,0.0,0.1811327,1.0938485,0.33443335,0.0,0.33443335,0.58461326,0.0,0.0,0.33443335,0.58461326,0.1811327,0.8713016,0.0,0.1811327,1.0250261,0.46732676,0.0,0.0,0.1811327,0.58461326,0.6895764,0.0,1.7519407,0.6895764,0.33443335,0.46732676,0.46732676,0.0,0.46732676,0.33443335,0.0,2.9687414,0.58461326,1.0250261,0.1811327,0.1811327,0.0,0.33443335
0.0,1.3153111,0.0,0.0,0.6463891,0.0,0.37453726,0.0,0.0,0.6463891,0.0,0.0,0.37453726,0.37453726,0.37453726,0.0,0.6463891,2.953489,0.0,0.37453726,0.0,0.0,0.37453726,0.0,0.0,0.37453726,0.0,0.0,0.37453726,1.4303658,0.6463891,0.0,0.8599129,0.0,0.8599129,0.37453726,0.0,0.8599129,2.476844,0.6463891,0.37453726,0.6463891,0.37453726,0.0,0.0,0.6463891,2.21678,0.6463891,0.37453726,0.0,0.0,0.0,0.0,0.0,0.37453726,0.0,0.8599129,0.0,0.0,0.0,2.9997923,0.6463891,0.0,1.3153111,0.0,0.6463891,0.6463891,0.37453726,0.37453726,0.0,0.0,0.0,0.37453726,1.3153111,0.0,0.0,0.37453726,0.0,0.37453726,0.0,0.37453726,0.0,0.6463891,0.37453726,2.2650957,0.37453726,0.0,0.6463891,0.37453726,0.0,0.0,1.0357695,0.37453726,3.3087335,0.0,0.8599129,0.37453726,0.8599129,0.0,0.0
0.3348912,0.0,0.0,0.3348912,0.0,0.0,0.0,0.3348912,0.0,0.0,0.3348912,0.0,0.0,0.7854368,0.0,0.3348912,0.3348912,2.9804182,0.0,1.3309186,0.0,0.0,0.7854368,0.3348912,0.0,0.0,0.0,0.0,0.0,1.2198647,0.5853262,0.0,0.0,0.0,0.5853262,0.0,0.0,0.0,2.4285564,0.7854368,0.0,0.0,0.0,0.0,0.0,0.3348912,2.1922975,0.0,0.3348912,0.0,0.0,0.0,0.0,0.0,0.0,0.3348912,0.3348912,0.5853262,0.0,0.0,2.6758578,0.3348912,0.0,1.2198647,0.0,0.3348912,0.0,0.0,0.0,0.0,0.0,0.7854368,0.5853262,0.5853262,0.0,0.0,0.5853262,0.3348912,0.0,0.0,0.0,0.7854368,0.0,0.0,1.6050047,0.3348912,0.3348912,0.7854368,0.5853262,0.0,0.0,0.7854368,0.0,3.0392427,0.0,0.952103,0.0,0.0,0.3348912,0.0
0.0,0.6802033,0.0,0.0,0.6802033,0.0,0.0,0.0,0.0,0.0,0.6802033,0.0,0.0,0.0,0.0,0.6802033,1.0813162,3.5300446,0.0,0.0,0.0,0.0,0.0,0.0,0.0,0.0,0.6802033,0.0,0.0,0.6802033,0.0,0.6802033,0.0,0.0,0.0,0.0,0.0,0.0,2.4610467,0.6802033,0.0,0.0,0.6802033,0.0,0.0,0.0,2.6148837,0.0,0.6802033,0.0,0.0,0.0,0.0,0.0,0.0,0.0,0.0,0.0,0.6802033,0.0,2.4610467,0.0,0.0,1.0813162,0.0,0.6802033,0.0,0.0,0.0,0.0,0.0,0.0,0.0,1.0813162,1.3668151,0.0,0.6802033,0.0,0.0,0.0,0.0,0.0,1.0813162,0.6802033,1.3668151,0.6802033,0.6802033,1.0813162,0.0,0.0,0.6802033,0.0,0.0,2.5409205,0.0,0.6802033,0.0,0.0,0.0,0.6802033
0.0,1.0934392,0.50772494,0.8428654,1.7282069,0.0,0.8428654,0.0,0.0,0.0,0.50772494,0.0,0.0,0.0,0.0,0.50772494,0.50772494,3.2114182,0.0,0.50772494,0.0,0.0,1.0934392,0.8428654,0.0,0.50772494,0.8428654,0.0,0.50772494,1.7282069,0.8428654,0.0,0.50772494,0.0,0.0,0.0,0.0,0.0,2.7008004,1.4603657,0.0,0.50772494,0.50772494,0.0,0.8428654,0.0,2.030129,0.0,0.50772494,0.0,0.0,0.0,0.0,0.0,0.0,0.0,0.0,0.0,0.0,0.0,3.184398,1.603227,0.50772494,0.50772494,0.50772494,1.2936382,0.0,0.50772494,0.0,0.0,0.0,0.0,0.8428654,0.8428654,0.0,0.50772494,0.8428654,0.50772494,0.0,0.50772494,0.0,0.50772494,0.50772494,0.0,1.2936382,0.0,0.50772494,0.50772494,0.0,0.8428654,0.0,0.50772494,0.50772494,2.971552,0.0,1.2936382,0.0,0.0,0.0,0.50772494
0.49117544,0.8191065,0.49117544,0.49117544,0.49117544,0.0,0.0,0.0,0.0,0.0,0.49117544,0.0,0.0,0.0,0.49117544,0.0,0.49117544,3.1973143,0.0,0.8191065,0.0,0.0,0.0,0.0,0.49117544,0.0,0.0,0.0,0.0,1.428199,0.0,0.49117544,0.0,0.0,0.49117544,0.0,0.0,0.8191065,2.7049248,1.0656441,0.0,0.0,0.0,0.0,0.0,0.0,2.61628,0.0,0.49117544,0.49117544,0.0,0.0,0.0,0.0,0.0,0.49117544,0.0,0.49117544,0.0,0.49117544,2.7464647,0.8191065,0.0,0.8191065,0.49117544,0.0,0.49117544,0.49117544,0.0,0.0,0.0,0.0,0.0,0.49117544,0.0,0.0,0.8191065,0.0,0.0,0.0,0.0,0.0,0.0,0.49117544,1.428199,0.0,0.49117544,0.49117544,0.0,0.0,0.0,0.8191065,0.0,2.5688252,0.0,1.2632631,0.8191065,0.49117544,0.0,0.49117544
0.0,0.0,0.0,0.0,0.0,0.52772516,0.52772516,0.52772516,0.0,0.0,0.0,0.0,0.0,0.52772516,0.52772516,0.0,0.52772516,3.4743931,0.0,1.3298001,0.52772516,0.0,0.52772516,0.52772516,0.0,0.0,0.52772516,0.0,0.52772516,1.4985868,0.52772516,0.0,0.0,0.0,0.52772516,0.0,0.0,0.87135357,1.9817802,0.52772516,0.0,0.0,0.52772516,0.0,0.0,0.0,1.7690884,0.0,0.0,0.0,0.0,0.0,0.0,0.0,0.52772516,0.0,0.0,0.0,0.52772516,0.52772516,2.5507119,0.87135357,0.52772516,0.0,0.0,0.0,0.0,1.3298001,0.0,0.0,0.0,0.52772516,0.0,0.0,0.52772516,0.0,1.1266216,0.0,0.52772516,0.52772516,0.0,0.52772516,0.0,0.0,1.1266216,0.0,0.0,0.52772516,0.52772516,0.0,0.0,1.3298001,0.0,2.7014577,0.0,1.4985868,0.87135357,0.52772516,0.0,0.52772516
0.0,0.0,0.0,0.502049,0.502049,0.0,0.0,0.0,0.0,0.0,0.0,0.0,0.502049,0.502049,0.0,0.0,0.83473617,3.5712626,0.0,0.83473617,0.0,0.0,0.502049,0.502049,0.0,0.0,0.0,0.0,1.0839416,0.502049,0.83473617,0.0,0.0,0.0,0.83473617,0.0,0.0,0.502049,2.377836,0.83473617,0.0,0.0,0.0,0.502049,0.0,0.0,2.4365606,0.0,0.502049,0.0,0.0,0.0,0.0,0.0,0.0,0.0,0.0,0.0,0.83473617,0.502049,3.170677,0.502049,0.0,1.0839416,0.0,1.0839416,0.83473617,0.502049,0.0,0.0,0.0,0.0,0.502049,0.83473617,0.0,0.502049,0.83473617,0.0,0.0,0.0,0.0,0.502049,0.0,0.0,1.2832677,0.502049,0.0,0.0,0.502049,0.0,0.0,0.0,0.0,2.772487,0.0,1.44939,0.502049,0.502049,0.502049,0.0
0.0,0.5008423,0.0,0.5008423,0.5008423,0.0,0.0,0.0,0.0,0.0,0.0,0.0,0.0,0.0,0.5008423,0.0,0.83300525,3.5682883,0.0,0.5008423,0.0,0.0,0.83300525,0.83300525,0.0,0.0,0.5008423,0.5008423,1.2810566,1.2810566,0.5008423,0.0,0.0,0.0,0.0,0.0,0.0,0.5008423,2.5417585,0.83300525,0.0,0.83300525,0.83300525,0.0,0.5008423,0.0,1.7139373,0.0,0.0,0.0,0.0,0.0,0.0,0.0,0.0,1.0819175,0.0,0.0,0.0,0.0,2.5417585,0.83300525,0.0,1.0819175,0.5008423,0.83300525,1.447049,0.5008423,0.0,0.0,0.5008423,0.5008423,0.5008423,0.83300525,0.0,0.0,2.0981672,0.83300525,0.0,0.0,0.83300525,0.83300525,0.0,0.0,1.5893705,0.0,0.0,0.83300525,0.5008423,0.0,0.0,0.0,0.0,2.8849614,0.83300525,1.0819175,0.0,0.0,0.5008423,0.0
0.4768693,0.4768693,0.0,0.4768693,0.79842824,0.0,0.4768693,0.0,0.0,0.0,0.0,0.0,0.0,0.0,0.0,0.79842824,0.0,3.5440345,0.0,0.79842824,0.0,0.0,0.4768693,0.0,0.0,0.4768693,0.0,0.0,0.0,1.2366601,0.0,0.0,0.79842824,0.0,0.0,0.0,0.0,0.4768693,2.1909044,0.4768693,0.0,0.0,0.0,0.0,0.0,0.0,1.9615344,0.0,0.0,0.0,0.0,0.0,0.0,0.4768693,0.0,0.4768693,0.0,0.4768693,0.0,0.0,2.9616938,0.4768693,0.0,0.79842824,0.0,0.0,1.0413604,0.79842824,0.0,0.0,0.0,0.0,0.0,0.4768693,0.4768693,0.0,1.2366601,0.4768693,0.0,0.4768693,0.0,0.4768693,0.4768693,0.4768693,1.0413604,0.0,0.0,0.79842824,0.0,0.4768693,0.4768693,0.79842824,0.4768693,3.05229,0.79842824,1.2366601,0.0,0.4768693,0.0,0.0
0.0,0.85332394,0.0,0.0,0.85332394,0.51504767,0.0,0.0,0.0,0.85332394,0.0,0.0,0.0,0.0,0.0,0.51504767,0.0,5.7175975,0.0,0.85332394,0.0,0.0,1.8546946,1.6178641,0.0,0.0,0.85332394,0.0,0.51504767,2.1295285,0.51504767,0.0,0.0,0.51504767,0.0,0.0,0.0,0.51504767,1.9549356,0.0,0.0,0.51504767,0.51504767,0.0,0.51504767,0.0,1.9549356,0.51504767,0.85332394,0.85332394,0.0,0.0,0.0,0.0,0.85332394,0.51504767,0.0,0.51504767,0.0,1.1056391,3.4441714,0.85332394,0.0,0.85332394,0.0,0.0,1.1056391,0.0,0.51504767,0.0,0.0,0.0,0.0,0.85332394,0.0,0.0,0.51504767,0.0,0.0,0.0,0.85332394,1.3069462,0.85332394,0.0,1.4744406,0.0,0.51504767,1.4744406,0.0,1.1056391,0.0,0.0,0.0,3.5655708,0.51504767,1.4744406,0.51504767,0.0,0.0,0.0
0.0,0.0,0.80204105,0.0,0.0,0.0,0.0,0.0,0.0,0.0,0.0,0.0,0.0,0.80204105,0.0,0.4793622,0.4793622,3.6511173,0.0,1.4049248,0.0,0.0,0.0,0.0,0.0,0.4793622,0.0,0.4793622,0.80204105,0.80204105,0.4793622,0.0,0.4793622,0.0,0.0,0.0,0.0,0.80204105,2.7575421,1.2413194,0.0,0.4793622,0.4793622,0.0,0.4793622,0.4793622,2.0496888,0.0,0.0,0.0,0.0,0.0,0.0,0.0,0.0,0.80204105,0.0,0.0,0.4793622,0.4793622,2.9357846,0.4793622,0.0,1.2413194,0.0,0.0,0.0,0.4793622,0.0,0.0,0.0,0.80204105,0.0,1.2413194,0.0,0.0,1.0456095,0.4793622,0.0,0.0,0.0,0.0,0.0,0.4793622,1.6687078,0.0,0.0,0.80204105,0.4793622,0.0,0.0,0.4793622,0.0,2.6762822,0.4793622,1.2413194,0.80204105,0.0,0.0,0.4793622
0.5798279,0.9444747,0.0,0.5798279,0.9444747,0.0,0.5798279,0.0,0.0,0.0,0.9444747,0.5798279,0.0,0.5798279,0.0,0.5798279,1.5950663,3.7528806,0.0,0.5798279,0.5798279,0.0,1.2111053,1.421402,0.0,0.0,0.5798279,0.0,0.5798279,2.2662368,0.5798279,0.0,0.0,0.0,0.0,0.0,0.5798279,0.5798279,2.417208,0.5798279,0.9444747,0.0,0.5798279,0.0,1.2111053,0.0,1.8718203,0.0,0.0,0.0,0.0,0.5798279,0.0,0.5798279,0.9444747,0.0,0.5798279,1.2111053,0.0,0.5798279,2.9885843,0.5798279,0.0,1.2111053,0.0,0.0,0.9444747,0.0,0.0,0.0,0.5798279,0.5798279,0.0,0.0,0.0,0.5798279,0.5798279,0.5798279,0.0,0.5798279,0.0,1.2111053,0.9444747,0.0,0.5798279,0.0,0.0,0.9444747,0.5798279,0.0,0.0,0.0,0.9444747,3.233081,0.0,1.2111053,0.5798279,1.421402,0.0,0.5798279
0.0,0.0,1.3706019,0.0,0.0,0.0,0.0,0.0,0.682713,1.0846757,0.0,0.0,0.0,0.0,0.0,0.682713,0.0,4.106498,0.0,1.0846757,0.0,0.0,1.3706019,0.682713,0.0,0.0,0.0,0.0,0.0,2.3788424,0.0,0.0,1.0846757,0.0,0.0,0.0,0.0,1.0846757,2.2837243,0.0,0.0,0.682713,0.682713,0.682713,0.682713,0.0,2.4656932,0.0,0.0,0.0,0.0,0.0,0.0,0.0,0.682713,0.0,0.682713,0.0,0.0,1.0846757,2.9245758,0.0,0.682713,1.3706019,0.0,0.0,1.0846757,0.0,0.0,0.0,0.0,0.0,0.682713,0.0,0.0,0.0,0.0,0.682713,0.0,0.0,0.682713,0.682713,0.0,0.0,1.5926906,0.0,0.0,0.0,0.682713,1.0846757,0.0,0.682713,0.0,3.4136925,1.0846757,2.9245758,0.682713,1.0846757,0.0,0.0
0.0,0.55136395,0.0,0.904719,0.55136395,0.0,0.55136395,0.0,0.0,0.0,0.0,0.0,0.55136395,0.0,0.0,0.55136395,0.0,3.9606857,0.0,0.904719,0.0,0.0,0.55136395,0.904719,0.0,0.0,0.0,0.0,0.0,1.688935,0.0,0.55136395,0.55136395,0.0,0.0,0.0,0.0,0.0,2.4246843,0.55136395,0.0,0.0,0.0,0.0,0.0,0.0,1.688935,0.55136395,0.0,0.0,0.0,0.0,0.0,0.0,0.55136395,0.55136395,0.0,0.0,0.0,0.55136395,2.6030984,1.1652911,0.0,0.55136395,0.0,0.55136395,1.1652911,0.0,0.0,0.0,0.0,0.0,0.0,0.55136395,0.0,0.0,0.0,0.0,0.0,0.0,0.0,0.904719,0.904719,0.0,1.8163433,0.0,0.55136395,0.55136395,0.55136395,0.55136395,0.0,1.1652911,0.55136395,2.8002033,0.0,2.2851768,0.55136395,0.55136395,0.55136395,0.0
0.0,0.0,0.8160333,0.0,0.0,0.0,0.8160333,0.0,0.0,0.0,0.0,0.8160333,0.8160333,0.0,0.0,0.8160333,0.0,4.6725197,0.0,0.8160333,0.8160333,0.0,0.0,0.0,0.8160333,0.0,0.8160333,0.0,0.0,2.148159,0.8160333,0.0,0.8160333,0.0,0.8160333,0.0,0.0,0.8160333,1.2593193,1.2593193,0.0,0.0,0.0,0.0,0.0,0.0,1.5653887,0.0,0.8160333,0.0,0.8160333,0.0,0.0,0.0,0.8160333,0.0,0.0,0.0,0.0,0.8160333,2.6997912,0.0,0.8160333,0.8160333,0.0,0.0,0.8160333,0.0,0.0,0.0,0.0,0.0,0.0,0.8160333,0.0,0.8160333,0.0,0.0,0.0,0.0,1.2593193,0.8160333,0.0,0.0,1.2593193,0.0,0.0,0.0,0.0,1.2593193,0.0,0.8160333,0.8160333,3.988678,0.0,3.7225163,2.148159,1.7994044,0.0,0.0
0.6096031,1.798107,0.0,0.6096031,0.0,0.6096031,0.6096031,0.0,0.0,0.6096031,0.0,0.0,0.6096031,0.6096031,0.6096031,0.0,0.6096031,6.5766153,0.0,0.0,0.0,0.0,1.798107,0.9855937,0.0,0.0,0.6096031,0.6096031,0.0,2.0435045,0.9855937,0.0,0.6096031,0.0,1.2582062,0.0,0.0,0.0,1.4721978,0.0,0.6096031,0.9855937,0.0,0.0,1.4721978,0.6096031,1.6483712,0.0,0.6096031,0.0,0.9855937,0.6096031,0.0,0.0,0.0,0.0,0.6096031,0.6096031,0.0,2.0435045,2.3259804,0.6096031,1.2582062,0.9855937,0.0,0.6096031,0.6096031,0.0,0.6096031,0.0,0.6096031,0.0,0.0,0.6096031,0.6096031,1.6483712,0.6096031,0.0,0.0,0.0,0.9855937,0.6096031,0.6096031,0.0,0.9855937,0.0,0.0,0.9855937,1.2582062,0.9855937,0.0,1.2582062,0.9855937,3.543508,0.9855937,2.4048178,0.9855937,0.9855937,0.0,0.6096031
0.0,0.0,0.0,0.0,0.0,0.0,0.59725666,0.0,0.0,0.0,0.96860003,0.0,0.0,0.59725666,0.0,0.96860003,0.0,3.8623333,0.0,0.59725666,0.0,0.0,0.96860003,0.0,0.0,0.0,0.59725666,0.0,0.59725666,1.4512644,0.0,0.0,0.96860003,0.0,0.0,0.0,0.0,0.0,1.9050716,0.96860003,0.0,0.0,0.96860003,0.0,0.0,0.0,2.0198264,0.0,0.59725666,0.0,0.59725666,0.0,0.59725666,0.0,0.59725666,0.0,0.0,0.0,0.0,0.59725666,3.0647066,0.0,0.0,1.4512644,0.0,1.2387744,0.59725666,0.0,0.0,0.0,0.0,0.0,0.0,0.96860003,0.96860003,0.0,0.59725666,0.0,0.0,0.0,0.0,1.2387744,0.0,0.0,2.0198264,0.0,0.0,0.59725666,0.59725666,0.96860003,0.59725666,0.96860003,0.0,2.985375,0.0,1.6264198,0.0,0.59725666,0.0,0.0
0.40601587,1.0997136,0.91728187,0.6939732,1.505362,0.40601587,1.0997136,0.40601587,0.40601587,0.6939732,0.40601587,0.0,0.0,0.0,0.0,0.6939732,1.0997136,5.7589693,0.0,0.91728187,0.0,0.40601587,1.0997136,0.0,0.40601587,1.0997136,0.0,0.0,0.40601587,2.5664737,0.6939732,0.0,0.91728187,0.40601587,0.0,0.40601587,0.0,0.6939732,2.0808866,1.0997136,0.0,0.40601587,0.0,0.0,0.6939732,0.0,1.9473257,0.0,0.0,0.0,0.40601587,0.40601587,0.0,0.0,0.91728187,0.40601587,0.0,0.40601587,0.0,1.505362,2.8049119,1.3875332,0.40601587,1.6107593,0.0,0.6939732,0.6939732,0.40601587,0.40601587,0.0,0.0,0.0,1.0997136,0.40601587,0.0,0.6939732,0.6939732,0.0,0.0,1.0997136,1.0997136,0.6939732,0.40601587,0.40601587,1.3875332,1.0997136,0.0,0.40601587,1.0997136,0.40601587,0.0,0.6939732,0.6939732,3.0219958,0.0,2.0163343,0.0,1.2539427,0.6939732,0.40601587
0.0,0.64075214,0.0,0.0,0.0,0.0,1.0281239,0.0,0.0,0.0,0.0,0.0,0.0,0.64075214,0.64075214,0.0,0.0,3.5062983,0.0,1.0281239,0.0,0.0,0.0,0.0,0.0,0.0,0.0,0.0,0.0,0.64075214,0.0,0.0,0.64075214,0.0,0.0,1.306635,0.0,0.0,2.3866491,0.64075214,0.0,0.0,0.64075214,0.0,0.0,0.64075214,2.2062032,0.0,0.64075214,0.0,0.0,0.0,0.0,0.0,0.0,0.64075214,0.0,0.0,0.0,0.64075214,3.263521,0.0,0.0,0.64075214,0.0,1.0281239,0.0,1.0281239,0.0,0.0,0.64075214,0.64075214,0.64075214,0.64075214,0.0,0.0,1.5242354,0.0,0.0,0.64075214,0.0,0.0,0.64075214,1.0281239,2.1020908,1.0281239,0.64075214,0.64075214,0.64075214,0.0,0.0,0.64075214,0.0,2.671982,0.64075214,2.2062032,0.64075214,0.64075214,0.0,0.64075214
0.0,0.0,0.0,0.59597343,1.6241262,0.0,0.0,0.0,0.0,0.0,0.0,0.59597343,0.0,0.9668292,0.59597343,0.0,0.9668292,3.9097764,0.0,0.59597343,0.0,0.0,0.59597343,0.59597343,0.59597343,0.0,0.0,0.0,0.59597343,0.9668292,0.59597343,0.0,0.59597343,0.0,0.59597343,0.59597343,0.59597343,0.9668292,2.6416786,0.0,0.0,0.0,0.0,0.0,0.0,0.0,1.7730489,0.0,0.59597343,0.0,0.0,0.0,0.0,0.59597343,0.0,0.0,0.0,0.0,0.59597343,0.0,3.3849964,0.59597343,0.0,1.7730489,0.0,0.59597343,0.59597343,0.59597343,0.0,0.0,0.0,0.0,0.9668292,0.59597343,0.59597343,0.9668292,0.59597343,0.0,0.59597343,0.0,0.0,0.0,0.0,0.0,1.4490782,1.6241262,0.9668292,0.0,0.0,0.0,0.59597343,0.9668292,0.0,2.8965046,0.59597343,2.2135317,1.6241262,1.2367468,0.0,0.0
0.0,0.0,0.45233867,0.45233867,2.3176458,0.0,0.45233867,0.0,0.0,0.0,0.0,0.0,0.0,0.0,0.45233867,0.0,1.4888296,3.49745,0.0,0.45233867,0.0,0.0,0.0,1.1902603,0.0,0.45233867,0.0,0.0,0.45233867,0.45233867,0.0,0.0,0.45233867,0.99914277,0.45233867,0.0,0.0,0.45233867,2.9602861,0.76265854,0.0,0.45233867,0.45233867,0.0,0.0,0.76265854,2.3724592,0.0,0.0,0.0,0.0,0.0,0.0,0.0,0.0,0.99914277,0.0,0.0,0.0,0.0,3.017859,2.4738204,0.0,1.7184491,0.76265854,0.0,1.4888296,0.76265854,0.45233867,0.0,0.45233867,0.0,1.4888296,0.0,0.0,0.45233867,0.45233867,0.0,0.0,0.76265854,0.0,0.45233867,0.76265854,0.0,1.9050646,0.45233867,0.0,0.76265854,0.0,0.45233867,0.76265854,0.45233867,0.0,2.5658464,0.0,1.4888296,0.76265854,0.76265854,0.0,0.0
1.0550346,0.0,0.48490763,0.8100632,1.0550346,0.0,0.48490763,0.0,0.0,0.48490763,0.0,0.48490763,0.0,0.0,0.48490763,0.0,0.8100632,4.9647846,0.48490763,0.8100632,0.0,0.0,0.0,0.8100632,0.0,0.48490763,0.0,0.0,0.0,1.8895249,1.7904587,0.0,0.48490763,0.0,0.0,0.0,0.0,0.0,2.2758663,0.8100632,0.48490763,0.0,0.48490763,0.0,0.48490763,0.0,1.7904587,0.0,0.48490763,0.8100632,0.0,0.0,0.0,0.0,0.48490763,0.8100632,0.0,0.0,0.0,0.8100632,2.9816713,1.0550346,0.0,1.4158834,0.0,0.8100632,1.0550346,0.0,0.0,0.0,0.48490763,0.0,0.0,0.0,0.48490763,1.2516481,0.48490763,0.48490763,0.0,0.48490763,0.8100632,0.0,0.8100632,0.0,1.5569122,0.0,0.0,1.5569122,0.8100632,0.0,0.48490763,1.0550346,0.0,3.6966882,0.0,2.2758663,1.0550346,0.48490763,0.48490763,0.0
0.0,1.9277626,0.0,0.0,0.0,0.0,0.37284195,0.37284195,0.0,0.0,0.37284195,0.64380443,0.0,0.0,0.64380443,0.37284195,0.8567804,4.7198935,0.8567804,0.37284195,0.0,0.0,0.64380443,0.64380443,0.0,0.0,0.0,0.37284195,1.0322657,1.6226885,0.37284195,0.37284195,0.0,0.0,0.0,0.37284195,0.0,0.37284195,2.471865,0.37284195,0.37284195,0.64380443,0.64380443,0.37284195,0.0,0.0,1.4262321,0.8567804,0.37284195,0.0,0.37284195,0.0,0.0,0.0,0.0,0.64380443,0.64380443,0.64380443,0.0,0.0,2.9946268,0.0,0.0,2.3503225,0.0,0.64380443,1.0322657,0.0,0.37284195,0.0,0.0,0.0,0.0,0.64380443,0.37284195,0.64380443,0.64380443,0.0,0.0,0.37284195,0.37284195,0.0,1.0322657,0.0,1.9277626,0.37284195,0.64380443,1.0322657,0.0,0.0,0.8567804,1.4262321,0.0,3.8710532,0.64380443,1.9277626,1.3113362,1.7081149,0.37284195,0.0
0.0,1.6563754,0.53456974,0.53456974,0.0,0.0,0.0,1.1378783,0.53456974,0.0,0.0,0.0,0.0,0.0,0.88104796,0.53456974,0.88104796,5.0708137,0.0,1.1378783,0.0,0.0,0.88104796,1.5115094,0.0,0.0,0.53456974,0.53456974,0.88104796,1.3420434,0.53456974,0.0,0.0,0.0,0.53456974,0.53456974,0.0,0.53456974,1.8951746,0.88104796,0.0,0.53456974,0.88104796,0.0,0.0,0.0,1.5115094,0.53456974,0.53456974,0.0,0.53456974,0.0,0.0,0.0,0.0,0.88104796,0.0,0.88104796,0.0,0.53456974,3.1314917,0.88104796,0.53456974,1.6563754,0.0,0.88104796,0.53456974,0.53456974,0.0,0.53456974,0.0,0.53456974,0.0,0.0,0.53456974,0.0,0.88104796,0.88104796,0.0,0.0,0.0,1.7828863,0.53456974,0.0,1.5115094,0.0,0.0,1.1378783,0.0,0.53456974,0.0,1.3420434,0.0,3.511809,0.53456974,2.9997876,2.0877988,0.53456974,0.88104796,0.0
0.0,1.2741188,0.0,0.0,0.0,0.0,0.0,0.6197786,0.0,0.0,0.6197786,0.0,0.0,0.0,0.0,0.0,0.0,4.9543943,0.0,0.6197786,0.0,0.0,0.6197786,0.0,0.0,0.6197786,0.0,0.0,0.6197786,1.2741188,0.0,0.0,0.6197786,0.0,0.6197786,0.0,0.0,0.6197786,2.1663814,0.0,0.6197786,0.6197786,0.6197786,0.0,0.0,0.6197786,2.2602167,0.6197786,0.0,0.0,0.0,0.0,0.0,0.0,0.99954045,0.6197786,0.99954045,0.6197786,0.0,1.2741188,2.800526,0.0,0.0,1.8166307,0.0,0.6197786,1.8166307,0.6197786,0.0,0.0,0.0,0.0,0.0,0.6197786,0.0,0.6197786,0.0,0.0,0.6197786,0.6197786,0.0,0.0,0.0,0.0,1.8166307,0.0,0.0,1.4893169,0.6197786,1.6663063,0.0,0.99954045,0.6197786,3.7627642,0.0,1.9472828,0.99954045,0.0,0.0,0.0
0.0,1.1818492,0.56159437,0.0,0.0,0.56159437,0.91905963,0.0,0.0,0.0,0.0,0.0,0.56159437,0.0,0.56159437,0.56159437,0.0,5.363531,0.0,0.0,0.0,0.0,0.91905963,0.91905963,0.0,0.56159437,0.0,0.0,0.0,2.0517097,0.91905963,0.56159437,0.91905963,0.0,1.5617863,0.56159437,0.56159437,0.0,1.5617863,1.3897543,0.56159437,0.0,1.5617863,0.0,0.0,0.56159437,1.3897543,0.0,0.91905963,0.0,0.0,0.0,0.0,0.56159437,0.56159437,1.1818492,0.56159437,0.0,0.0,1.5617863,2.4465575,0.0,0.56159437,2.0517097,0.56159437,0.91905963,2.3067355,0.0,0.0,0.0,0.0,0.0,0.91905963,0.56159437,0.0,1.3897543,0.91905963,0.56159437,0.0,0.0,0.0,1.1818492,1.1818492,0.0,1.3897543,0.56159437,0.56159437,1.3897543,0.56159437,2.3067355,0.0,1.3897543,0.0,3.5740137,0.0,1.9498634,0.91905963,0.0,0.56159437,0.56159437
0.24655595,0.0,0.0,0.0,0.24655595,0.0,0.24655595,0.24655595,0.0,0.0,0.0,0.0,0.24655595,0.0,0.24655595,0.24655595,0.4441867,3.905044,0.0,1.0842685,0.0,0.0,0.0,0.60913074,0.0,0.0,0.0,0.0,0.60913074,0.984945,0.24655595,0.0,0.0,0.0,0.60913074,0.24655595,0.0,0.24655595,2.0426035,0.75068146,0.0,0.0,0.24655595,0.24655595,0.0,0.24655595,2.2973258,0.0,0.24655595,0.0,0.24655595,0.24655595,0.0,0.0,0.0,0.0,0.0,0.0,0.24655595,0.60913074,2.9239933,0.75068146,0.0,0.984945,0.24655595,0.984945,0.8746575,0.0,0.0,0.0,0.24655595,0.8746575,0.4441867,0.4441867,0.0,0.4441867,0.60913074,0.4441867,0.0,0.24655595,0.0,0.24655595,0.0,0.24655595,2.005667,0.4441867,0.0,0.60913074,0.0,0.8746575,0.4441867,0.8746575,0.4441867,3.175053,0.4441867,0.75068146,0.60913074,0.24655595,0.4441867,0.4441867
0.0,1.0251343,0.0,0.0,0.0,0.0,0.0,0.0,0.0,0.0,0.0,0.63855106,0.63855106,0.0,0.0,0.63855106,0.0,4.271166,0.0,1.5205935,0.0,0.0,0.63855106,0.0,0.0,0.0,0.0,0.0,0.63855106,1.3032401,0.63855106,0.0,1.3032401,0.0,1.3032401,0.0,0.0,0.0,1.8504071,0.0,0.0,0.0,1.5205935,0.0,1.5205935,0.63855106,1.6990364,0.0,0.0,0.0,0.0,0.0,0.0,0.63855106,0.0,0.0,0.0,0.63855106,1.5205935,0.0,3.2240958,0.0,0.0,1.5205935,0.0,0.0,1.3032401,0.0,0.0,0.63855106,0.0,0.0,0.0,0.0,0.0,0.0,1.0251343,0.63855106,0.0,0.0,0.0,0.0,0.63855106,0.0,1.6990364,1.3032401,0.0,0.63855106,0.63855106,1.5205935,0.0,0.0,0.0,3.2240958,0.63855106,1.6990364,1.0251343,0.63855106,0.0,0.63855106
0.59055555,0.33825314,0.0,0.0,0.0,0.0,0.0,0.0,0.0,0.33825314,0.0,0.0,0.0,0.0,0.0,0.0,0.33825314,3.0693204,0.0,0.9593433,0.0,0.0,0.33825314,0.0,0.0,0.0,0.0,0.0,0.59055555,0.59055555,0.0,0.0,0.0,0.59055555,0.33825314,0.0,0.33825314,0.0,2.109597,1.1027628,0.0,0.0,0.33825314,0.0,0.0,0.0,2.539424,0.0,0.0,0.33825314,0.0,0.0,0.0,0.0,0.33825314,0.59055555,0.0,0.0,0.33825314,0.33825314,3.6060982,0.7918545,0.59055555,1.1027628,0.0,0.33825314,0.59055555,0.59055555,0.0,0.33825314,0.0,0.0,0.0,0.59055555,0.59055555,0.0,0.59055555,0.33825314,0.0,0.0,0.0,0.59055555,0.33825314,0.59055555,1.8923491,0.59055555,0.0,0.0,0.0,0.0,0.33825314,0.33825314,0.0,2.686816,0.0,0.59055555,0.0,0.0,0.0,0.0
0.0,0.26359078,0.26359078,0.47199595,1.2275224,0.0,0.26359078,0.0,0.26359078,0.0,0.26359078,0.0,0.26359078,0.0,0.0,0.0,0.91947657,3.2476897,0.0,0.26359078,0.0,0.0,0.26359078,0.47199595,0.0,0.26359078,0.0,0.0,0.0,0.64436984,0.26359078,0.47199595,0.0,0.0,0.0,0.26359078,0.0,0.47199595,2.2768843,0.64436984,0.0,0.0,0.26359078,0.0,0.26359078,0.26359078,2.4207454,0.0,0.0,0.0,0.0,0.0,0.47199595,0.0,0.0,0.26359078,0.26359078,0.26359078,0.26359078,0.0,3.096106,1.4626881,0.26359078,0.791354,0.0,0.0,0.64436984,0.47199595,0.0,0.0,0.0,0.47199595,1.0330324,0.64436984,0.26359078,0.0,0.47199595,0.0,0.0,0.0,0.0,0.0,0.26359078,0.791354,1.7622495,0.64436984,0.791354,0.26359078,0.0,0.26359078,0.0,0.47199595,0.47199595,2.5698464,0.26359078,1.0330324,0.791354,0.0,0.0,0.47199595
0.0,0.0,0.0,1.5537385,2.0428307,0.0,0.0,0.0,0.0,0.5572263,0.5572263,0.0,0.0,0.0,0.0,0.0,1.1747922,3.0510361,0.0,0.91294384,0.0,0.5572263,0.0,0.5572263,0.0,0.0,0.0,0.0,0.0,0.5572263,0.5572263,0.0,0.5572263,0.0,0.0,0.0,0.5572263,0.5572263,2.4372494,0.91294384,0.0,0.0,0.0,0.5572263,0.0,0.0,2.0428307,0.0,0.5572263,0.0,0.0,0.0,0.0,0.0,0.0,0.5572263,0.0,0.0,0.0,0.5572263,3.5427563,2.1351404,0.0,0.5572263,0.0,1.1747922,0.5572263,0.5572263,0.0,0.0,0.0,0.0,1.7001814,1.5537385,0.0,0.0,0.0,0.0,0.0,1.1747922,0.0,1.1747922,0.0,0.91294384,1.1747922,1.1747922,0.0,0.0,0.0,0.0,0.0,0.5572263,0.0,2.9778526,0.0,1.5537385,0.0,0.0,0.0,0.0
0.0,1.3296263,0.44207096,0.74756545,0.44207096,0.0,0.74756545,0.44207096,0.0,0.44207096,0.44207096,0.0,0.0,0.0,0.44207096,0.0,1.1705312,3.1693902,0.0,0.74756545,0.0,0.44207096,0.0,0.0,0.0,0.0,0.0,0.0,0.0,0.9812461,0.44207096,0.0,0.0,0.0,0.0,0.0,0.0,0.0,2.1074264,0.74756545,0.0,0.0,0.0,0.44207096,0.0,0.0,2.0374618,0.0,0.0,0.0,0.0,0.44207096,0.0,0.0,0.0,0.0,0.0,0.0,0.0,0.9812461,2.9333055,0.44207096,0.0,0.0,0.0,0.44207096,0.0,0.9812461,0.0,0.0,0.44207096,0.0,0.44207096,0.44207096,0.0,0.0,0.74756545,0.0,0.0,0.0,0.0,0.0,0.44207096,0.44207096,1.5874956,0.44207096,0.44207096,0.44207096,0.0,0.0,0.0,0.44207096,0.44207096,2.8403559,0.0,0.74756545,0.0,0.0,0.0,0.44207096
0.0,0.48673695,0.0,0.0,0.0,0.0,0.0,0.0,0.0,0.48673695,0.0,0.0,0.0,0.0,0.0,0.0,0.0,2.920791,0.0,1.058136,0.0,0.0,0.48673695,1.4194856,0.0,0.0,0.0,0.0,0.0,1.058136,0.8127051,0.0,0.0,0.48673695,0.0,0.0,0.0,0.48673695,2.6056461,1.560666,0.0,0.48673695,0.0,0.48673695,0.0,0.48673695,2.1428838,0.0,0.48673695,0.0,1.058136,0.0,0.0,0.0,0.0,0.0,0.0,0.48673695,0.0,0.0,3.2368314,0.48673695,0.0,0.48673695,0.0,0.48673695,1.058136,0.0,0.0,0.48673695,0.0,0.48673695,0.0,0.8127051,0.0,0.0,0.8127051,0.48673695,0.0,0.0,0.0,0.8127051,0.48673695,0.0,1.8935617,0.8127051,0.0,0.48673695,0.0,0.0,0.0,0.0,0.0,2.8139083,0.48673695,1.2550445,0.48673695,0.0,0.0,0.0
0.0,1.2053981,0.0,0.0,0.0,0.0,0.57625514,0.57625514,0.0,0.0,0.0,0.0,0.0,0.0,0.0,0.0,0.57625514,3.193799,0.0,1.2053981,0.0,0.0,0.57625514,0.0,0.0,0.0,0.0,0.0,0.57625514,0.9395091,0.0,0.0,0.0,0.0,0.0,0.0,0.0,0.0,2.174027,0.57625514,0.0,0.0,0.0,0.0,0.0,0.9395091,2.409798,0.0,0.0,0.0,0.0,0.0,0.0,0.0,0.0,0.0,0.0,0.0,0.0,0.0,3.342073,0.57625514,0.0,0.9395091,0.57625514,0.0,0.0,0.0,0.0,0.0,0.0,0.0,0.0,0.9395091,0.0,0.0,0.9395091,0.0,0.0,0.57625514,0.0,0.9395091,0.57625514,0.0,1.2053981,0.57625514,0.57625514,0.0,0.0,0.0,0.0,0.9395091,0.0,2.8545494,0.0,0.57625514,0.0,0.0,0.0,0.0
0.0,0.0,0.0,0.7273161,1.8480759,0.0,0.42837358,0.0,0.0,0.42837358,0.0,0.0,0.0,0.0,0.0,0.0,1.3012257,3.466237,0.0,0.7273161,0.0,0.0,0.7273161,0.42837358,0.7273161,0.0,0.42837358,0.0,0.0,0.7273161,0.42837358,0.0,0.0,0.0,0.0,0.0,0.0,0.0,2.5038877,1.6635613,0.0,0.0,0.0,0.42837358,0.0,0.0,2.1995983,0.0,0.7273161,0.0,0.0,0.0,0.7273161,0.0,0.0,0.0,0.0,0.0,0.0,0.0,3.2425506,1.9289606,0.42837358,0.42837358,0.42837358,0.0,0.7273161,0.7273161,0.0,0.0,0.42837358,0.0,0.7273161,0.9571555,0.0,0.42837358,0.42837358,0.0,0.0,0.0,0.42837358,0.42837358,0.0,0.0,1.4371196,0.42837358,0.7273161,0.9571555,0.0,0.42837358,0.0,0.7273161,0.0,3.0342844,0.0,0.7273161,0.42837358,0.0,0.0,0.0
0.0,0.0,0.59025055,0.59025055,0.59025055,0.0,0.0,0.0,0.0,0.0,0.0,0.0,0.0,0.0,0.0,0.0,1.2276859,3.3446615,0.0,0.59025055,0.59025055,0.0,0.0,0.0,0.59025055,0.0,0.0,0.0,1.2276859,0.95892143,0.59025055,0.0,0.0,0.0,0.0,0.0,0.0,0.0,2.2873542,0.0,0.0,0.0,0.59025055,0.59025055,0.0,0.59025055,2.2873542,0.0,0.0,0.0,0.0,0.0,0.0,0.59025055,0.0,0.59025055,0.59025055,0.59025055,0.0,0.0,3.087192,0.0,0.59025055,0.59025055,0.0,0.0,0.0,0.59025055,0.0,0.0,0.0,0.59025055,0.0,1.2276859,0.59025055,0.0,0.59025055,0.0,0.59025055,0.59025055,0.0,1.2276859,0.0,0.0,1.8917682,0.0,0.59025055,0.0,0.59025055,0.0,0.0,0.0,0.59025055,3.049795,0.0,0.59025055,0.0,0.59025055,0.0,0.0
0.0,0.0,0.0,0.0,0.55008864,0.0,0.55008864,0.0,0.0,0.55008864,0.55008864,0.0,0.0,0.90292716,0.0,0.55008864,0.55008864,3.3370516,0.0,1.1632196,0.0,0.0,0.0,0.0,0.0,0.0,0.0,0.55008864,0.55008864,1.1632196,0.0,0.0,0.0,0.0,0.55008864,0.0,0.0,0.0,1.5405236,0.0,0.0,0.0,0.0,0.0,0.0,0.55008864,2.1203516,0.55008864,0.55008864,0.0,0.0,0.0,0.0,0.0,0.0,0.90292716,0.0,0.0,0.0,0.0,3.3106394,0.0,0.0,0.55008864,0.55008864,0.55008864,0.0,0.55008864,0.0,0.0,0.0,0.0,0.0,0.0,0.0,0.0,0.55008864,0.0,0.0,0.0,0.0,0.55008864,0.0,0.55008864,1.3695618,1.1632196,0.0,0.90292716,0.0,0.55008864,0.0,0.90292716,0.0,2.703689,0.55008864,1.3695618,0.0,0.55008864,0.0,0.55008864
0.0,0.0,0.0,0.0,0.0,0.0,0.0,0.0,0.0,0.6771406,0.0,0.0,0.0,0.6771406,0.0,0.0,1.0772128,3.1046457,0.0,0.6771406,0.0,0.0,0.6771406,1.0772128,0.0,0.0,0.0,0.0,0.6771406,1.5837029,0.6771406,0.0,0.0,0.0,0.0,0.0,0.0,0.0,1.9183114,0.0,0.0,0.6771406,0.0,0.0,0.0,1.3621874,2.5351958,0.0,0.6771406,0.0,0.0,0.0,0.0,0.0,0.0,0.6771406,1.0772128,0.0,0.0,1.3621874,2.8028674,0.0,0.6771406,1.0772128,0.0,0.0,0.0,0.0,0.0,0.0,0.0,0.6771406,0.0,0.6771406,0.0,0.6771406,0.0,0.6771406,1.0772128,0.0,0.0,0.0,0.0,1.0772128,1.0772128,0.0,0.0,1.0772128,1.0772128,0.6771406,0.6771406,0.6771406,0.0,2.742363,0.0,1.0772128,0.0,0.0,0.0,0.0
0.45103133,0.7607409,0.0,0.0,0.0,0.0,0.0,0.0,0.0,0.45103133,0.0,0.0,0.0,0.45103133,0.45103133,0.0,0.45103133,3.3842723,0.0,0.9968717,0.0,0.0,0.0,0.0,0.0,0.0,0.0,0.0,0.0,0.45103133,0.0,0.0,0.0,0.0,0.0,0.0,0.0,0.0,2.3144038,0.7607409,0.0,0.0,0.45103133,0.0,0.0,0.9968717,1.983651,0.0,0.0,0.45103133,0.0,0.0,0.7607409,0.0,0.45103133,0.45103133,0.0,0.0,0.7607409,0.0,3.1932359,0.45103133,0.0,0.45103133,0.0,0.0,0.0,0.0,0.0,0.0,0.0,0.0,0.0,0.7607409,0.0,0.45103133,0.45103133,0.0,0.0,0.45103133,0.0,0.0,0.0,0.0,0.9968717,0.0,0.45103133,1.3479829,0.0,0.0,0.0,0.0,0.0,2.8307428,0.9968717,1.4860454,0.0,0.0,0.0,0.0
0.0,0.75741667,0.0,0.0,0.0,0.0,0.0,0.0,0.0,0.0,0.0,0.0,0.0,1.1834186,0.44876707,0.0,0.0,3.4161432,0.0,0.44876707,0.0,0.0,0.75741667,0.0,0.0,0.44876707,0.0,0.44876707,0.44876707,0.75741667,0.44876707,0.0,0.0,0.0,0.0,0.0,0.0,0.75741667,2.053682,0.9929329,0.0,0.0,0.0,0.44876707,0.0,0.0,1.8966894,0.0,0.0,0.0,0.0,0.0,0.0,0.0,0.0,0.0,0.0,0.0,0.0,0.44876707,2.9801378,0.9929329,0.0,0.44876707,0.0,1.1834186,0.44876707,0.75741667,0.0,0.0,0.44876707,0.9929329,0.44876707,0.44876707,0.44876707,0.0,0.44876707,0.0,0.0,0.0,0.0,0.9929329,0.0,1.1834186,1.8078653,0.0,0.44876707,0.44876707,0.0,0.0,0.0,0.44876707,0.75741667,2.55676,0.0,1.4812131,0.0,0.0,0.44876707,0.0
0.0,0.5227572,0.0,0.0,0.0,0.0,0.5227572,0.0,0.0,0.0,0.0,0.0,0.0,0.86429965,0.0,0.0,0.0,3.6751258,0.0,0.86429965,0.0,0.5227572,0.5227572,0.5227572,0.5227572,0.0,0.0,0.5227572,0.0,1.4891574,0.0,0.0,0.0,0.0,0.5227572,0.0,0.0,0.5227572,1.7590128,0.0,0.0,0.0,0.0,0.0,0.0,0.5227572,1.6331604,0.0,0.5227572,0.0,0.0,0.0,0.0,0.0,0.0,0.0,0.0,0.5227572,0.5227572,0.0,3.0403938,0.5227572,0.0,0.0,0.5227572,0.0,0.5227572,0.0,0.0,0.0,0.0,0.5227572,0.5227572,0.5227572,0.0,0.0,0.0,0.5227572,0.0,0.0,0.0,0.0,0.5227572,0.5227572,1.7590128,0.0,0.5227572,0.86429965,0.5227572,0.0,0.0,0.0,0.0,2.8995953,0.0,1.1184199,0.86429965,0.0,0.0,0.0
0.0,0.0,0.3468302,0.3468302,0.3468302,0.0,0.603853,0.0,0.0,0.3468302,0.0,0.0,0.0,0.0,0.3468302,0.3468302,0.3468302,3.2371092,0.0,0.80813944,0.0,0.0,0.3468302,0.3468302,0.0,0.0,0.3468302,0.603853,0.603853,0.3468302,0.3468302,0.0,0.0,0.0,0.0,0.0,0.0,0.80813944,2.2727554,0.80813944,0.0,0.0,0.3468302,0.0,0.0,0.3468302,2.3933244,0.0,0.0,0.0,0.3468302,0.0,0.0,0.0,0.0,0.0,0.3468302,0.0,0.0,0.0,3.2371092,0.9776891,0.0,0.80813944,0.0,0.80813944,0.603853,0.0,0.0,0.0,0.0,0.0,0.3468302,0.3468302,0.3468302,0.0,0.0,0.0,0.0,0.80813944,0.0,0.3468302,0.3468302,0.603853,1.7156596,0.3468302,0.0,0.80813944,0.0,0.0,0.0,0.0,0.3468302,2.5980341,0.0,1.5541764,0.603853,0.0,0.3468302,0.3468302
0.0,0.0,0.0,0.0,0.6160737,0.0,0.0,0.0,0.0,0.0,0.0,0.0,0.0,0.0,0.0,0.0,0.0,3.4550278,0.0,0.0,0.0,0.0,0.99446857,0.0,0.0,0.6160737,0.0,0.0,0.6160737,0.99446857,0.0,0.0,0.0,0.0,0.0,0.6160737,0.0,0.0,2.4908364,0.6160737,0.0,0.0,0.6160737,0.0,0.0,0.99446857,0.99446857,0.0,0.6160737,0.0,0.0,0.0,0.0,0.0,0.0,0.0,0.0,0.6160737,0.6160737,0.0,2.8921964,1.2683356,0.0,0.0,1.2683356,0.99446857,0.99446857,0.99446857,0.6160737,0.0,0.6160737,0.0,0.0,0.0,0.0,0.0,1.2683356,1.4830977,0.99446857,0.6160737,0.0,0.0,0.6160737,0.6160737,1.2683356,1.4830977,0.0,0.6160737,0.0,0.0,0.0,1.2683356,0.6160737,2.8921964,0.0,0.99446857,0.6160737,0.0,0.0,0.0
0.0,0.0,0.0,1.215676,2.044111,0.0,0.0,0.0,0.0,0.0,0.33320177,0.0,0.33320177,0.58269465,0.0,0.0,1.4263394,3.2547069,0.0,0.948454,0.0,0.0,0.33320177,1.0909646,0.58269465,0.0,0.0,0.33320177,0.78220445,0.58269465,0.33320177,0.0,0.0,0.0,0.58269465,0.58269465,0.33320177,0.0,2.4908893,1.6002536,0.0,0.0,0.0,0.33320177,0.0,0.78220445,2.1416118,0.0,0.58269465,0.0,0.0,0.0,0.0,0.0,0.0,0.33320177,0.0,0.33320177,0.0,0.33320177,2.890563,1.7483554,0.0,0.33320177,0.0,0.33320177,1.4263394,0.33320177,0.0,0.0,0.0,0.33320177,1.215676,0.78220445,0.58269465,0.0,0.948454,0.0,0.0,0.0,0.0,0.33320177,0.33320177,0.0,1.6002536,0.58269465,0.0,0.948454,0.0,0.33320177,0.0,0.58269465,0.0,2.868354,0.0,1.4263394,0.0,0.33320177,0.0,0.0
0.0,0.43685082,0.0,0.0,0.0,0.0,0.73986393,0.0,0.0,0.43685082,0.0,0.0,0.0,0.0,0.43685082,0.0,0.43685082,3.4023545,0.0,0.43685082,0.0,0.0,0.0,0.73986393,0.73986393,0.43685082,0.0,0.0,0.43685082,0.43685082,0.43685082,0.0,0.43685082,0.0,0.0,0.43685082,0.0,0.43685082,2.0247083,0.97209454,0.0,0.0,0.43685082,0.0,0.0,0.0,2.3334079,0.0,0.0,0.0,0.0,0.0,0.0,0.0,0.0,0.0,0.0,0.43685082,0.0,0.0,2.8265398,0.0,0.0,0.97209454,0.0,0.0,0.43685082,0.97209454,0.0,0.0,0.43685082,0.73986393,0.0,1.1604285,0.0,0.0,0.43685082,0.43685082,0.43685082,0.43685082,0.0,0.97209454,0.43685082,0.73986393,1.6831717,0.97209454,0.43685082,0.43685082,0.0,0.0,0.0,0.0,0.43685082,2.976858,0.0,0.97209454,0.0,0.0,0.43685082,0.0
0.0,0.9328188,0.0,0.0,0.9328188,0.0,0.9328188,0.0,0.0,0.0,0.0,0.0,0.0,0.9328188,0.57144934,0.0,0.0,3.8052707,0.0,0.0,0.0,0.0,0.9328188,0.0,0.57144934,0.0,0.0,0.0,0.57144934,1.5798358,0.0,0.0,0.57144934,0.0,0.0,0.0,0.0,0.0,2.798295,0.57144934,0.0,0.9328188,0.0,0.0,0.57144934,0.0,2.4673913,0.0,0.57144934,0.0,0.57144934,0.0,0.0,0.0,0.0,0.57144934,0.0,0.0,0.0,0.0,2.69968,0.0,0.57144934,1.1977017,0.57144934,0.0,0.57144934,0.0,0.0,0.0,0.57144934,0.9328188,1.1977017,0.0,0.0,0.0,1.1977017,0.0,0.0,0.57144934,0.0,0.57144934,0.0,0.0,1.7272192,0.0,0.0,0.9328188,0.0,0.0,0.0,0.57144934,0.0,2.9704125,0.0,0.9328188,0.9328188,0.0,0.0,0.0
0.0,0.0,0.0,0.0,0.0,0.0,0.0,0.0,0.0,0.0,0.0,0.0,0.0,0.0,0.0,0.0,0.62405217,3.5740027,0.62405217,0.62405217,0.0,0.0,0.62405217,0.0,0.0,0.0,0.0,0.0,0.0,0.62405217,0.0,0.0,0.0,0.0,0.0,0.0,0.0,0.62405217,2.5749502,1.4964718,0.0,0.0,0.0,0.0,0.0,0.0,2.1745567,0.62405217,0.62405217,0.0,0.0,0.0,0.0,0.0,0.0,0.62405217,0.0,0.0,0.0,0.0,3.3272192,1.0053824,0.0,0.62405217,0.0,0.62405217,0.0,1.280775,0.0,0.0,0.62405217,0.0,0.62405217,0.62405217,0.62405217,0.62405217,0.62405217,0.62405217,0.0,0.0,0.0,1.0053824,0.0,0.0,1.280775,0.0,0.62405217,1.0053824,0.0,0.0,0.0,1.4964718,0.0,2.5749502,0.62405217,1.6737977,0.62405217,0.0,0.0,0.0
0.0,1.1701224,0.90889996,0.0,0.0,0.0,0.0,0.0,0.0,0.55434227,0.55434227,0.90889996,0.0,0.0,0.0,0.0,0.55434227,3.5143776,0.0,0.55434227,0.0,0.0,0.55434227,0.0,0.0,0.90889996,0.0,0.55434227,0.90889996,1.1701224,0.55434227,0.0,0.55434227,0.0,0.0,0.0,0.0,0.90889996,2.2914784,0.90889996,0.0,0.90889996,0.55434227,0.0,0.55434227,0.0,1.822219,0.0,0.55434227,0.0,0.0,0.0,0.0,0.0,0.0,0.55434227,0.0,0.55434227,0.0,0.90889996,2.7130456,0.0,0.0,1.3770473,0.0,0.90889996,0.90889996,0.0,0.55434227,0.0,0.55434227,0.0,0.0,0.0,0.55434227,0.0,0.55434227,0.55434227,0.0,0.55434227,0.0,0.0,0.0,0.0,1.822219,0.0,0.0,1.5484085,0.0,0.0,0.55434227,0.55434227,0.0,3.0086825,0.0,2.2136176,0.0,0.55434227,0.0,0.55434227
0.0,0.0,0.0,0.6208513,0.0,0.0,0.6208513,0.0,0.0,0.0,0.0,0.0,0.0,0.0,0.0,1.0010077,0.6208513,3.6819303,0.0,1.0010077,0.0,0.0,0.0,0.0,0.0,0.6208513,0.6208513,0.0,0.0,0.6208513,0.0,0.0,0.0,0.0,0.0,0.0,0.0,0.0,2.348096,0.6208513,0.0,0.0,0.0,0.0,0.6208513,0.0,2.2622952,0.0,0.0,0.0,0.0,0.0,0.0,0.6208513,0.0,0.6208513,0.0,0.0,0.0,0.0,2.6324403,0.6208513,0.0,0.6208513,0.0,0.6208513,1.0010077,0.6208513,0.0,0.0,0.6208513,0.0,0.6208513,0.0,0.0,0.0,1.275791,0.0,0.0,0.0,0.0,0.0,0.0,0.0,1.8185745,0.0,0.0,1.275791,0.0,0.0,0.0,0.6208513,0.6208513,2.5003407,0.0,1.8185745,0.6208513,0.0,0.0,0.6208513
0.0,0.5959369,0.96677876,0.5959369,0.96677876,0.0,0.0,0.0,0.0,0.0,0.0,0.0,0.0,0.0,0.0,0.5959369,1.449016,3.750709,0.0,0.5959369,0.0,0.5959369,0.96677876,0.0,0.0,0.5959369,0.0,0.5959369,0.5959369,1.7729813,0.96677876,0.0,0.5959369,0.0,0.5959369,0.0,0.5959369,0.0,2.7514381,0.5959369,0.0,0.96677876,0.96677876,0.0,0.96677876,0.0,0.96677876,0.0,0.5959369,0.0,0.5959369,0.0,0.0,0.0,0.0,0.0,0.96677876,0.0,0.0,0.5959369,2.9404345,0.5959369,0.5959369,1.7729813,0.0,0.5959369,0.5959369,0.5959369,0.0,0.5959369,0.0,0.0,0.0,0.0,0.96677876,0.5959369,0.5959369,0.0,0.5959369,0.0,1.449016,0.0,0.96677876,0.96677876,1.9025719,0.0,0.5959369,1.449016,0.96677876,0.0,0.0,0.0,0.0,3.5844464,0.0,1.449016,1.6240609,0.0,0.5959369,0.0
0.0,0.0,0.51181424,0.0,0.51181424,0.0,0.0,0.51181424,0.0,0.8487099,0.0,0.0,0.0,0.8487099,0.51181424,0.0,0.8487099,5.265147,0.0,0.51181424,0.0,0.51181424,1.3010798,0.0,0.0,0.0,0.51181424,0.8487099,0.0,2.0390298,0.51181424,0.51181424,0.0,0.0,0.0,0.51181424,0.0,0.0,2.1994202,0.8487099,0.0,0.0,0.51181424,0.0,0.51181424,0.51181424,1.9480275,0.0,0.51181424,0.0,0.0,0.51181424,0.0,0.0,0.51181424,0.51181424,0.0,0.51181424,0.0,0.51181424,2.270898,0.0,0.0,1.1002594,0.0,0.0,0.51181424,0.51181424,0.0,0.0,0.51181424,0.0,0.0,1.1002594,1.1002594,0.0,0.8487099,0.51181424,0.0,0.0,0.0,1.1002594,0.0,0.51181424,1.6114142,0.51181424,0.51181424,0.0,0.51181424,0.0,0.0,0.51181424,0.51181424,3.322609,0.0,3.1942155,3.1942155,0.8487099,0.0,0.0
0.0,0.47805417,0.8001459,1.043381,1.8743215,0.0,0.8001459,0.0,0.0,0.0,0.8001459,0.0,0.47805417,0.47805417,0.8001459,0.0,1.4023311,3.2862794,0.0,1.043381,0.0,0.0,0.0,0.47805417,0.0,0.0,0.0,0.0,1.043381,0.8001459,0.0,0.0,0.47805417,0.0,0.0,0.0,0.0,0.0,2.3801873,0.47805417,0.47805417,0.0,0.0,0.0,0.0,0.0,2.1228836,0.0,0.0,0.0,0.0,0.0,0.47805417,0.0,0.0,0.47805417,0.0,0.47805417,0.0,0.0,2.2597883,0.47805417,0.0,0.8001459,0.0,0.8001459,0.8001459,0.0,0.0,0.47805417,0.0,0.0,0.8001459,1.043381,0.0,0.47805417,0.47805417,0.0,0.0,0.0,0.0,1.043381,0.0,0.0,1.5427846,1.238876,0.0,0.47805417,1.043381,0.0,0.47805417,0.47805417,0.0,2.6730807,0.0,1.4023311,0.0,0.47805417,0.47805417,0.0
0.0,0.5281816,0.0,0.0,0.5281816,0.0,0.5281816,0.5281816,0.0,0.5281816,0.0,0.0,0.0,0.8720009,0.0,0.5281816,0.0,3.4314475,0.0,0.8720009,0.0,0.0,0.5281816,0.0,0.0,0.0,0.0,0.5281816,0.5281816,0.5281816,0.8720009,0.0,0.5281816,0.0,0.5281816,0.0,0.0,0.5281816,2.5517378,1.1273738,0.0,0.0,0.0,0.0,0.0,0.8720009,1.8820215,0.0,0.5281816,0.0,0.5281816,0.0,0.0,0.5281816,0.0,0.8720009,0.5281816,0.0,0.0,0.5281816,2.4369137,0.0,0.0,0.5281816,0.8720009,0.5281816,0.5281816,1.7700114,0.0,0.5281816,0.8720009,0.5281816,0.0,0.8720009,0.0,0.0,0.5281816,0.0,0.0,0.0,0.0,0.8720009,0.0,0.0,1.6438538,0.5281816,0.0,0.8720009,0.0,0.5281816,0.0,0.8720009,0.0,3.1166756,0.5281816,1.8820215,1.4994509,0.0,0.0,0.0
0.0,1.2957385,0.0,0.0,0.6336967,0.0,0.6336967,0.0,0.0,0.6336967,0.0,0.0,0.0,0.0,0.0,0.0,1.2957385,3.4917786,0.0,1.2957385,0.0,0.0,1.0185328,0.0,0.0,0.0,0.0,0.0,0.0,1.0185328,0.0,0.0,0.0,0.0,0.6336967,0.0,0.6336967,0.0,2.7749355,0.6336967,0.0,0.0,0.0,0.0,0.0,0.0,1.2957385,0.0,1.2957385,0.0,0.0,0.0,0.0,0.0,0.0,0.0,0.6336967,0.0,0.0,0.6336967,2.9742968,1.0185328,0.0,1.9729624,0.0,1.0185328,1.2957385,1.5125431,0.0,0.0,0.6336967,0.6336967,1.2957385,1.0185328,0.6336967,0.6336967,0.0,0.6336967,0.0,0.0,0.6336967,0.0,0.0,0.0,1.9729624,0.0,0.6336967,0.6336967,0.0,0.0,0.0,1.8417213,0.6336967,2.9742968,0.0,0.6336967,0.6336967,0.6336967,0.0,0.0
0.8047989,0.0,0.8047989,0.48126704,1.4086958,0.0,0.0,0.0,0.0,0.48126704,0.48126704,0.0,0.0,0.8047989,0.0,1.0488513,1.0488513,3.1194673,0.0,0.8047989,0.0,0.0,0.48126704,0.0,0.0,0.0,0.0,0.0,0.48126704,0.8047989,0.48126704,0.0,0.8047989,0.0,0.48126704,0.0,0.0,0.48126704,2.3878424,0.8047989,0.0,0.0,0.0,0.0,0.0,0.0,1.7825483,0.0,0.48126704,0.0,0.0,0.0,0.0,0.0,0.0,0.48126704,0.0,0.8047989,0.0,0.0,2.3878424,1.0488513,0.0,1.2448729,0.0,0.48126704,0.48126704,0.48126704,0.0,0.48126704,0.0,0.48126704,0.48126704,1.0488513,0.8047989,0.0,0.8047989,0.48126704,0.0,0.0,0.48126704,0.48126704,0.8047989,0.0,1.2448729,0.48126704,0.8047989,1.4086958,0.8047989,0.0,0.0,0.8047989,0.0,3.0037909,0.0,1.2448729,0.48126704,0.0,0.0,0.0
0.0,1.3744025,0.35193518,1.2615522,0.817773,0.0,0.6117379,0.0,0.0,0.0,0.0,0.0,0.0,0.0,0.0,0.0,0.6117379,3.9680896,0.35193518,0.6117379,0.0,0.0,1.1343274,0.0,0.0,0.35193518,0.0,0.0,0.35193518,1.1343274,1.5678546,0.0,0.6117379,0.6117379,0.0,0.0,0.9885241,0.9885241,1.9915997,0.9885241,0.35193518,0.0,0.0,0.0,0.35193518,0.0,1.8020061,0.6117379,0.817773,0.0,0.35193518,0.0,0.0,0.0,0.0,0.0,0.0,0.9885241,0.6117379,0.0,2.644493,1.2615522,0.0,2.3704097,0.35193518,0.35193518,0.6117379,0.817773,0.0,0.0,0.0,0.35193518,0.35193518,0.817773,0.6117379,0.0,0.0,0.6117379,0.0,0.0,0.0,0.35193518,0.817773,0.0,1.3744025,0.6117379,0.35193518,0.9885241,0.0,0.35193518,0.0,2.288298,0.0,3.7153401,0.35193518,1.2615522,1.3744025,0.9885241,0.35193518,0.0
0.36628097,0.6337797,0.0,0.0,0.0,0.0,0.36628097,0.36628097,0.0,0.0,0.36628097,0.0,0.36628097,0.0,0.36628097,0.0,0.36628097,4.438007,0.0,1.0186458,0.0,0.0,0.6337797,0.0,0.0,0.0,0.0,0.0,0.0,1.6907606,0.6337797,0.0,0.36628097,0.0,0.0,0.36628097,0.0,0.6337797,1.9096441,1.4101386,0.36628097,0.0,0.6337797,0.36628097,0.0,0.0,1.6056796,0.36628097,0.36628097,0.0,0.36628097,0.36628097,0.0,0.0,0.0,0.36628097,0.0,1.0186458,0.0,0.36628097,2.6887434,0.0,0.0,1.4101386,0.0,0.36628097,1.295867,0.6337797,0.0,0.36628097,0.0,0.36628097,0.0,0.36628097,0.36628097,0.36628097,0.36628097,0.0,0.0,0.0,0.0,0.36628097,0.36628097,0.0,1.1668322,0.0,0.36628097,0.36628097,0.0,0.6337797,0.0,1.1668322,0.36628097,3.3316324,0.36628097,1.295867,0.84461486,0.6337797,0.0,0.0
0.0,1.6953671,0.0,0.0,0.0,0.0,0.9814199,0.9814199,0.0,0.9814199,0.0,0.0,0.0,0.0,0.44217032,0.0,0.74771184,5.0218906,0.0,0.0,0.0,0.0,0.44217032,0.74771184,0.0,0.0,0.0,0.44217032,0.0,1.792547,0.44217032,0.0,0.74771184,0.0,1.3298308,0.9814199,0.44217032,0.0,1.9624705,0.74771184,0.0,0.0,1.8811136,0.44217032,0.44217032,0.44217032,1.9624705,0.0,0.44217032,0.0,0.0,0.44217032,0.0,0.0,0.0,0.74771184,0.0,0.0,0.0,0.0,2.3469248,0.0,0.0,1.170723,0.0,0.9814199,0.9814199,0.44217032,0.0,0.0,0.0,0.0,0.0,0.9814199,0.44217032,0.0,0.74771184,0.0,0.44217032,0.0,0.0,0.44217032,0.44217032,0.0,1.792547,0.44217032,0.0,1.170723,0.0,1.467064,0.9814199,0.9814199,0.44217032,3.2801483,0.44217032,1.3298308,0.74771184,0.74771184,0.0,0.0
0.0,0.0,0.74738985,0.0,0.0,0.0,0.0,0.0,0.0,0.0,0.0,0.0,0.0,0.0,0.4419518,0.0,0.4419518,3.469525,0.0,1.1703012,0.0,0.0,0.0,0.0,0.0,0.0,0.0,0.4419518,0.4419518,1.1703012,0.74738985,0.0,0.0,0.0,0.0,0.0,0.0,0.0,2.8400419,0.74738985,0.0,0.0,0.4419518,0.0,0.4419518,0.0,2.2338898,0.0,0.0,0.0,0.0,0.0,0.0,0.0,0.0,0.0,0.74738985,0.0,0.0,0.0,3.1921668,0.4419518,0.0,0.74738985,0.0,0.9810376,0.4419518,0.4419518,0.0,0.0,0.0,0.4419518,0.0,1.3293811,0.0,0.0,0.74738985,0.4419518,0.0,0.0,0.0,0.4419518,0.4419518,0.74738985,1.7920372,0.9810376,0.4419518,0.0,0.4419518,0.0,0.0,0.74738985,0.0,2.2917113,0.0,1.3293811,0.0,0.4419518,0.0,0.0
0.0,1.0262245,0.0,0.0,0.0,0.0,0.63935345,0.0,0.0,0.0,0.0,0.0,0.0,0.0,0.0,0.0,0.0,3.4480388,0.0,0.63935345,0.0,0.0,0.0,0.0,0.63935345,0.0,0.63935345,0.0,0.63935345,0.63935345,0.63935345,0.0,0.63935345,0.63935345,0.0,0.0,0.0,0.63935345,2.3839629,1.3044783,0.0,0.0,0.63935345,0.0,0.0,0.0,2.5367332,0.0,0.0,0.0,0.0,0.63935345,0.0,0.0,0.0,0.0,0.0,0.0,0.0,0.0,2.939432,0.63935345,0.0,0.63935345,0.63935345,0.0,0.0,0.0,0.0,0.0,0.0,0.0,0.0,0.63935345,0.0,0.0,0.63935345,0.0,0.0,0.0,0.0,0.0,0.0,0.0,1.9833142,0.0,0.0,1.0262245,0.63935345,0.0,0.0,0.63935345,0.0,2.5367332,0.0,1.0262245,0.63935345,0.0,0.0,0.0
0.0,0.0,0.0,0.0,0.5683794,0.0,0.5683794,0.0,0.0,0.0,0.5683794,0.0,0.0,0.0,0.0,0.0,0.92853844,3.2079167,0.0,0.5683794,0.0,0.0,0.0,0.0,0.0,0.0,0.0,0.0,0.0,0.5683794,0.5683794,0.0,0.0,0.5683794,0.5683794,0.5683794,0.0,0.92853844,2.524212,0.0,0.0,0.0,0.0,0.5683794,0.5683794,0.0,2.158026,0.0,0.0,0.0,0.0,0.5683794,0.0,0.0,0.0,0.5683794,0.0,0.0,0.0,0.5683794,2.5837302,0.5683794,0.0,0.0,0.0,0.5683794,0.0,0.92853844,0.0,0.0,0.0,0.0,0.0,0.0,0.5683794,0.5683794,0.5683794,0.0,0.0,0.0,0.0,0.5683794,0.5683794,0.5683794,1.1927737,0.5683794,0.0,0.5683794,0.5683794,0.0,0.5683794,0.92853844,0.0,2.8813806,0.0,1.8496865,0.92853844,0.0,0.0,0.0
0.93785053,0.0,0.0,0.0,0.0,0.0,0.57506293,0.57506293,0.0,0.57506293,0.0,0.0,0.0,0.0,0.0,0.57506293,1.2034907,3.1251268,0.0,0.93785053,0.0,0.0,0.0,0.57506293,0.0,0.0,0.0,0.0,0.0,0.57506293,1.2034907,0.0,0.0,0.57506293,0.57506293,0.0,0.57506293,0.0,2.407319,0.57506293,0.0,0.57506293,0.0,0.0,0.0,0.0,1.9765694,0.0,0.0,0.0,0.0,0.0,0.0,0.0,0.0,0.57506293,0.0,0.0,0.0,0.0,3.366631,0.0,0.0,0.93785053,0.0,0.0,0.93785053,0.57506293,0.0,0.0,0.0,0.57506293,0.57506293,1.2034907,0.57506293,0.0,0.93785053,0.0,0.0,0.0,0.0,0.0,0.57506293,0.0,1.734034,0.0,1.2034907,1.2034907,0.0,0.57506293,0.0,0.0,0.0,2.6541655,0.0,0.93785053,0.0,0.0,0.0,0.93785053
0.0,0.56266487,0.0,0.0,0.0,0.0,0.0,0.0,0.56266487,0.0,0.0,0.0,0.56266487,0.0,0.0,0.56266487,0.56266487,3.510942,0.0,0.92055684,0.0,0.0,0.0,0.0,0.0,0.0,0.0,0.56266487,0.0,0.56266487,0.56266487,0.0,0.0,0.0,0.56266487,0.0,0.0,0.56266487,1.710561,0.92055684,0.0,0.0,0.0,0.0,0.0,0.0,2.2309585,0.0,0.0,0.0,0.0,0.0,0.0,0.0,0.56266487,0.0,0.0,0.0,0.0,0.56266487,2.9898953,0.56266487,0.0,0.0,0.0,0.92055684,0.56266487,1.3916242,0.0,0.0,0.56266487,0.56266487,0.0,0.56266487,0.0,0.0,0.56266487,0.0,0.0,0.0,0.56266487,0.0,0.0,0.56266487,1.3916242,0.0,0.56266487,0.0,0.0,0.56266487,0.0,0.0,0.0,2.9898953,0.0,1.1835759,0.56266487,0.0,0.56266487,0.0
0.0,0.0,0.0,0.0,0.0,0.0,0.0,0.0,0.0,0.0,0.0,0.0,0.0,0.0,0.53594875,0.0,1.1401403,3.0375426,0.0,0.8829979,0.0,0.0,0.53594875,0.53594875,0.0,0.0,0.0,0.0,0.53594875,1.3445021,0.0,0.0,0.0,0.0,0.0,0.0,0.53594875,0.0,2.4541068,0.53594875,0.0,0.0,0.0,0.0,0.0,0.0,1.7856547,0.0,0.0,0.0,0.53594875,0.0,0.0,0.0,0.0,0.53594875,0.0,0.53594875,0.0,0.0,2.8512027,0.8829979,0.0,1.5141037,0.53594875,0.53594875,0.8829979,0.8829979,0.0,0.0,0.0,0.8829979,0.53594875,0.53594875,0.0,0.0,0.0,0.0,0.0,0.0,0.0,1.3445021,0.0,0.0,1.5141037,0.0,0.53594875,0.8829979,0.0,0.0,0.0,0.0,0.0,3.0375426,0.0,0.8829979,0.0,0.0,0.0,0.0
0.0,0.0,0.0,0.0,0.0,0.0,0.8088525,0.0,0.0,0.0,0.0,0.0,0.0,0.48406985,0.0,0.48406985,0.48406985,3.3679826,0.0,0.48406985,0.0,0.0,0.48406985,0.8088525,0.0,0.0,0.0,0.0,0.48406985,1.0536132,0.0,0.48406985,0.0,0.0,0.48406985,0.0,0.0,0.0,2.0604262,0.48406985,0.48406985,0.0,0.48406985,0.0,0.0,0.8088525,2.5518358,0.0,0.0,0.0,0.0,0.0,0.0,0.0,0.0,0.0,0.0,0.48406985,0.0,0.0,3.040958,0.48406985,0.0,1.2500908,0.0,0.0,0.48406985,0.8088525,0.0,0.48406985,0.0,0.48406985,0.0,0.48406985,0.48406985,0.0,0.48406985,0.0,0.0,0.0,0.0,0.0,0.0,0.0,1.2500908,0.0,0.8088525,0.48406985,0.0,0.0,0.0,1.4142318,0.0,3.3892121,0.0,0.8088525,0.8088525,0.0,0.0,0.0
0.0,0.9993235,0.0,0.0,0.61961997,0.0,0.0,0.0,0.0,0.61961997,0.0,0.0,0.0,0.0,0.9993235,0.0,0.61961997,3.3783147,0.0,0.0,0.0,0.0,0.0,0.61961997,0.0,0.0,0.0,0.0,0.9993235,0.9993235,0.0,0.0,0.61961997,1.2738715,0.0,0.0,0.0,0.0,2.062521,0.9993235,0.0,0.0,0.0,0.0,0.0,0.0,2.3456867,0.0,0.61961997,0.0,0.0,0.0,0.0,0.61961997,0.0,0.61961997,0.0,0.0,0.0,0.0,2.5661106,0.0,0.0,0.0,0.0,0.0,0.0,0.9993235,0.0,0.0,0.61961997,0.0,1.2738715,0.0,0.0,0.0,0.0,1.2738715,0.0,0.61961997,0.0,0.61961997,1.2738715,0.0,1.4890511,0.0,0.0,0.61961997,0.0,0.0,0.0,0.9993235,0.0,3.253796,0.0,1.6660278,0.0,0.0,0.0,0.61961997
0.0,0.0,0.0,0.8170903,1.5668871,0.0,0.0,0.0,0.0,0.0,0.4897765,0.0,0.0,0.0,0.0,0.0,1.4254568,3.38228,0.0,0.4897765,0.0,0.0,0.0,0.0,0.0,0.0,0.0,0.0,1.2606761,0.8170903,0.4897765,0.0,0.0,0.0,0.4897765,0.0,0.0,0.0,2.1498322,1.0632802,0.0,0.0,0.4897765,0.0,0.0,0.0,2.6582282,0.0,0.0,0.0,0.0,0.0,0.0,0.0,0.0,0.4897765,0.0,0.0,0.0,0.0,3.1938536,2.0733564,0.0,0.8170903,0.4897765,1.0632802,0.0,0.8170903,0.4897765,0.0,0.0,0.4897765,0.8170903,0.0,0.4897765,0.0,0.8170903,0.0,0.0,0.0,0.0,0.8170903,0.4897765,1.0632802,2.0733564,0.4897765,0.0,0.8170903,0.4897765,0.4897765,0.0,0.0,0.0,2.743088,0.0,0.0,0.8170903,0.0,0.0,0.4897765
0.0,0.5136144,0.0,0.5136144,0.5136144,0.0,0.8512795,0.0,0.0,0.0,0.0,0.0,0.0,0.5136144,0.0,0.0,0.8512795,3.3025374,0.0,1.103256,0.0,0.0,0.0,0.0,0.0,0.5136144,0.8512795,0.0,0.0,0.8512795,0.0,0.0,0.5136144,0.0,0.5136144,0.0,0.0,0.8512795,2.0429347,0.0,0.0,0.0,0.0,0.0,0.0,0.0,1.7403343,0.0,1.103256,0.0,0.0,0.0,0.0,0.0,0.0,0.0,0.0,0.0,0.5136144,0.5136144,2.7580502,0.8512795,0.0,1.103256,0.0,0.8512795,0.5136144,1.9518766,0.0,0.0,0.0,0.0,0.0,0.0,0.5136144,0.5136144,0.5136144,0.8512795,0.0,0.8512795,0.5136144,0.8512795,0.0,0.5136144,0.8512795,0.5136144,1.3043478,0.8512795,0.0,0.0,0.0,0.0,0.0,2.7580502,0.8512795,1.3043478,0.0,0.0,0.0,0.0
0.0,0.0,0.0,0.0,0.0,0.0,0.0,0.0,0.0,0.0,0.0,0.56081843,0.0,0.56081843,0.0,0.0,0.56081843,3.2215676,0.0,0.56081843,0.0,0.0,0.0,0.0,0.0,0.0,0.0,0.0,0.56081843,0.56081843,0.917974,0.0,0.0,0.0,0.0,0.0,0.0,0.0,2.2271247,0.56081843,0.0,0.0,0.56081843,0.0,0.56081843,0.56081843,2.4449074,0.0,0.0,0.0,0.0,0.0,0.0,0.0,0.0,0.0,0.0,0.917974,0.0,0.0,3.3613443,0.0,0.0,0.917974,0.0,0.56081843,0.56081843,0.56081843,0.0,0.56081843,0.0,0.0,0.0,0.0,0.56081843,0.0,0.0,0.0,0.0,0.0,0.0,0.0,0.56081843,0.56081843,0.917974,0.0,0.0,0.917974,0.56081843,0.0,0.0,1.180597,0.0,3.059029,0.0,1.180597,0.917974,0.0,0.0,0.0
0.0,0.73364645,0.43264607,0.0,0.43264607,0.43264607,0.0,0.0,0.0,0.0,0.0,0.73364645,0.0,0.0,0.0,0.0,0.0,3.2952392,0.0,0.9646967,0.0,0.0,0.43264607,0.0,0.0,0.0,0.0,0.0,1.1522548,1.5663872,1.4464444,0.0,0.0,0.0,0.43264607,0.0,0.0,0.73364645,2.374343,1.3101293,0.0,0.43264607,0.0,0.0,0.0,0.0,2.0840929,0.0,0.43264607,0.0,0.0,0.0,0.43264607,0.0,0.0,0.43264607,0.0,0.0,0.0,0.0,2.7823691,0.0,0.43264607,0.73364645,0.0,1.1522548,0.73364645,0.0,0.0,0.0,0.0,0.0,0.43264607,1.4464444,0.0,0.43264607,0.43264607,0.43264607,0.0,0.0,0.43264607,0.0,0.9646967,0.43264607,0.9646967,0.0,0.43264607,0.73364645,0.43264607,0.43264607,0.0,1.1522548,0.0,3.1203022,0.0,0.9646967,0.9646967,0.0,0.0,0.43264607
0.0,1.111989,0.0,0.0,0.0,0.0,0.0,0.0,0.0,0.0,0.0,0.0,0.0,0.0,0.0,0.0,1.111989,2.8520467,0.0,1.111989,0.0,0.0,0.0,0.0,0.0,0.0,0.0,0.0,0.7031965,1.111989,0.0,0.0,0.0,0.7031965,0.0,0.7031965,0.7031965,0.0,2.0969622,0.7031965,0.0,0.0,0.0,0.0,0.0,0.7031965,2.0969622,0.0,0.7031965,0.0,0.0,0.0,0.0,0.7031965,0.0,0.0,0.0,0.0,0.0,0.0,3.1546316,0.0,0.0,0.7031965,0.0,1.111989,0.7031965,1.111989,0.0,0.0,0.7031965,0.0,0.7031965,0.7031965,0.0,0.0,1.4013307,0.0,0.0,0.0,0.0,0.7031965,0.0,0.0,2.0969622,0.7031965,0.0,0.0,0.0,0.0,0.0,0.0,0.0,2.8520467,0.0,1.9630762,0.0,0.7031965,0.0,0.0
0.58978474,0.0,0.0,0.0,0.58978474,0.0,1.2269471,0.0,0.0,0.0,0.0,0.0,0.0,0.0,0.0,0.0,0.58978474,3.3436532,0.0,0.58978474,0.0,0.0,0.0,0.0,0.0,0.58978474,0.0,0.0,1.2269471,0.0,0.0,0.0,0.0,0.958277,0.0,0.0,0.0,0.0,2.628834,0.0,0.0,0.58978474,0.958277,0.0,0.0,0.0,2.2012167,0.0,1.2269471,0.0,0.0,0.0,0.0,0.0,0.0,1.2269471,0.0,0.0,0.0,0.0,3.254691,0.958277,0.0,1.7615752,0.58978474,0.58978474,0.0,0.58978474,0.0,0.0,0.0,0.0,0.0,0.0,0.0,0.0,0.58978474,0.0,0.0,1.2269471,0.0,0.58978474,0.58978474,0.58978474,2.2012167,0.0,0.0,0.58978474,0.0,0.0,0.58978474,0.58978474,0.0,3.0861945,0.0,1.2269471,0.58978474,0.0,0.0,0.0
0.0,0.0,0.0,0.0,0.0,0.0,0.7209087,0.0,0.0,0.0,0.0,0.0,0.0,0.7209087,0.0,0.0,0.0,2.8848462,0.0,0.7209087,0.0,0.0,0.0,0.7209087,0.0,0.0,0.0,0.0,0.0,1.135459,0.7209087,0.0,0.0,0.7209087,0.0,0.0,0.0,0.7209087,2.1275299,0.7209087,0.0,0.0,0.0,0.0,0.0,0.7209087,1.6534938,0.0,0.0,0.0,0.0,0.0,0.0,0.7209087,0.0,1.135459,0.0,0.0,0.0,1.135459,2.5352283,0.7209087,0.0,1.135459,0.7209087,0.0,0.7209087,0.7209087,0.0,0.0,0.0,0.0,0.0,1.135459,0.7209087,0.0,0.0,0.7209087,0.0,0.0,0.0,0.7209087,0.7209087,0.7209087,1.8376095,0.7209087,0.7209087,0.0,0.0,0.7209087,0.0,0.7209087,0.0,3.2306037,0.0,1.135459,0.7209087,0.0,0.0,0.7209087
0.0,0.5343065,0.0,0.0,0.0,0.0,0.0,0.0,0.0,0.5343065,0.0,0.0,0.0,0.0,0.0,0.5343065,0.0,3.468097,0.5343065,0.0,0.5343065,0.0,0.0,0.0,0.0,0.5343065,0.0,0.0,0.0,1.3415737,0.5343065,0.0,0.0,0.0,0.0,0.0,0.0,1.1374463,2.3205664,0.0,0.0,0.0,0.5343065,0.0,0.0,0.0,1.8946344,0.5343065,0.5343065,0.0,0.0,0.0,0.0,0.0,0.0,0.8806756,0.0,0.0,0.5343065,0.5343065,2.762005,0.5343065,0.0,0.8806756,0.5343065,0.0,0.8806756,0.5343065,0.0,0.0,0.0,0.0,0.0,0.5343065,0.0,0.5343065,0.5343065,0.5343065,0.0,0.0,0.0,0.0,0.0,0.0,1.3415737,0.0,0.5343065,0.5343065,0.8806756,0.0,0.5343065,0.0,0.0,2.7163682,0.0,1.1374463,0.5343065,0.0,0.5343065,0.0
0.0,0.0,0.0,0.5980662,0.0,0.0,0.0,0.0,0.0,0.0,0.0,0.5980662,0.0,0.0,0.0,0.0,0.0,3.5427704,0.0,1.2400527,0.0,0.0,0.5980662,0.5980662,0.0,0.0,0.0,0.0,0.5980662,0.0,0.5980662,0.0,0.0,0.0,0.0,0.0,0.0,0.0,2.646003,0.5980662,0.0,0.0,0.0,0.0,0.0,0.0,2.7024462,0.0,0.5980662,0.0,0.0,0.0,0.0,0.0,0.0,0.5980662,0.0,0.0,0.0,0.0,3.0275393,0.5980662,0.0,0.5980662,0.5980662,0.5980662,0.5980662,0.96971667,0.0,0.0,0.0,0.0,0.0,1.2400527,0.0,0.0,0.96971667,0.0,0.0,0.0,0.0,1.2400527,0.0,1.2400527,2.217679,0.0,0.0,1.2400527,0.0,0.5980662,0.0,0.0,0.0,3.1747468,0.0,0.0,0.96971667,0.0,0.0,0.5980662
0.0,0.0,0.0,1.2954655,1.2954655,0.0,0.0,0.0,0.0,0.5087278,0.5087278,0.0,0.0,0.0,0.0,0.0,0.8442996,3.3622246,0.0,0.0,0.0,0.0,0.0,1.0951135,0.0,0.0,0.0,0.0,0.5087278,0.5087278,0.0,0.0,0.0,0.0,0.0,0.0,0.0,0.0,2.5074797,1.0951135,0.0,0.0,0.0,0.5087278,0.0,0.5087278,2.1925569,0.5087278,0.0,0.0,0.5087278,0.0,0.0,0.0,0.0,0.5087278,0.5087278,0.0,0.0,0.0,2.7031484,2.1925569,0.0,1.0951135,0.0,0.5087278,0.5087278,0.0,0.0,0.0,0.0,0.8442996,0.8442996,0.0,0.0,0.0,0.8442996,0.8442996,0.0,0.0,0.5087278,0.8442996,0.0,0.8442996,2.0323157,0.5087278,0.5087278,0.5087278,0.0,0.0,0.0,0.0,0.5087278,2.5074797,0.0,1.0951135,0.5087278,0.0,0.0,0.5087278
0.0,0.0,0.0,0.0,0.0,0.0,0.0,0.0,0.0,0.0,0.0,0.0,0.0,0.6621554,0.0,0.6621554,1.0570728,3.4355004,0.0,0.6621554,0.0,0.0,0.6621554,0.0,0.0,0.6621554,0.0,0.0,0.0,1.0570728,0.6621554,0.0,0.6621554,0.0,0.0,0.0,0.0,0.0,2.024559,0.6621554,0.0,0.0,0.0,0.0,0.0,0.0,2.141446,0.0,0.0,0.6621554,0.0,0.0,0.0,0.0,0.0,0.0,0.0,0.6621554,0.0,0.0,2.713668,0.6621554,0.0,0.6621554,0.0,0.6621554,0.6621554,0.6621554,0.0,0.0,0.0,0.0,0.6621554,0.0,0.0,0.0,1.0570728,0.0,0.0,0.0,0.0,0.0,0.0,0.6621554,1.0570728,0.0,0.0,0.6621554,0.6621554,0.0,0.0,0.6621554,0.0,2.9846382,0.0,1.0570728,0.0,0.0,0.0,0.0
0.0,0.0,0.57021064,0.0,0.0,0.0,0.93109226,0.0,0.0,0.0,0.0,0.0,0.0,0.0,0.0,0.0,0.0,3.2424543,0.0,0.0,0.0,0.0,0.93109226,0.0,0.0,0.0,0.0,0.57021064,0.0,0.57021064,0.0,0.0,0.0,0.0,0.0,0.0,0.0,0.0,2.161758,0.57021064,0.0,0.0,0.0,0.0,0.0,0.0,2.324706,0.0,0.0,0.57021064,0.0,0.0,0.0,0.0,0.0,0.93109226,0.0,0.0,0.0,0.0,2.6970236,1.1957144,0.57021064,0.57021064,0.0,0.93109226,0.57021064,0.57021064,0.0,0.0,0.0,0.93109226,0.0,0.57021064,0.0,0.0,0.57021064,0.57021064,0.0,0.0,0.0,0.0,0.0,0.57021064,1.1957144,0.0,0.0,0.93109226,0.57021064,0.0,0.57021064,0.57021064,0.57021064,2.9273844,0.57021064,1.4047623,0.57021064,0.0,0.57021064,0.0
0.0,0.6391421,0.0,0.6391421,0.6391421,0.0,0.0,0.0,0.0,0.0,0.0,0.0,1.0259373,0.0,0.0,0.6391421,1.0259373,4.284805,0.0,0.6391421,0.0,0.0,1.3041521,0.0,0.0,0.0,0.0,0.0,1.521572,1.3041521,0.6391421,0.0,0.0,0.6391421,0.0,0.0,0.0,0.0,2.3835566,0.6391421,0.0,0.6391421,0.0,0.0,0.6391421,0.0,2.2974265,0.0,0.0,0.0,0.6391421,0.0,0.0,0.0,0.0,1.0259373,0.0,0.0,0.0,0.0,3.2602453,0.6391421,0.0,1.0259373,0.0,0.6391421,0.0,0.0,0.0,0.6391421,0.6391421,0.0,1.3041521,0.6391421,0.0,1.0259373,1.3041521,0.6391421,0.0,0.0,0.0,1.0259373,0.0,0.6391421,1.521572,0.6391421,0.0,0.0,1.0259373,0.0,0.0,1.0259373,0.0,2.7290072,0.0,1.3041521,0.0,0.0,0.0,0.0
0.0,0.0,0.0,0.7205832,0.0,0.0,0.0,0.0,0.0,1.135029,0.7205832,0.0,0.0,0.0,0.0,0.0,0.0,3.9849312,0.0,0.0,0.0,0.0,0.0,0.0,0.0,0.7205832,0.0,0.0,0.0,1.135029,0.0,0.0,0.0,0.0,0.0,0.0,0.0,0.7205832,2.6150267,0.0,0.0,0.0,0.0,0.0,0.0,0.0,2.2454913,0.0,0.0,0.0,0.0,0.0,0.0,0.0,0.0,0.7205832,0.0,0.0,0.0,0.0,2.4472322,0.0,0.7205832,1.4271712,0.0,0.0,0.0,0.0,0.0,0.0,0.0,0.0,0.0,0.0,0.0,0.0,0.7205832,0.7205832,0.0,0.0,0.0,0.0,0.7205832,0.0,1.4271712,0.7205832,0.0,0.7205832,0.0,0.0,0.0,0.0,0.0,2.941579,0.0,1.6529814,0.7205832,1.4271712,0.7205832,1.135029
0.0,0.0,0.5363904,0.0,0.88362205,0.0,0.5363904,0.0,0.0,0.0,0.0,0.5363904,0.0,0.5363904,0.0,0.0,1.1408643,4.4229236,0.0,0.88362205,0.0,0.0,1.1408643,0.88362205,0.0,0.0,0.5363904,0.0,0.5363904,1.1408643,0.0,0.0,0.0,0.5363904,0.88362205,0.0,0.0,0.0,2.0916467,0.5363904,0.0,0.0,0.0,0.0,0.0,0.0,2.5142376,0.0,0.5363904,0.0,0.0,0.0,0.0,0.0,0.0,0.0,0.0,0.0,0.0,0.0,2.7210639,0.0,0.5363904,1.345289,0.5363904,0.88362205,0.5363904,0.5363904,0.0,0.0,0.0,0.5363904,0.0,1.5149337,0.5363904,0.0,0.88362205,0.0,0.0,0.0,0.0,0.5363904,0.0,0.0,1.5149337,0.0,0.0,1.1408643,0.5363904,0.0,0.0,0.88362205,0.0,3.166081,0.5363904,1.5149337,1.1408643,0.5363904,0.88362205,0.0
0.0,0.0,0.5549103,0.0,0.0,0.0,0.0,0.0,0.0,0.0,0.0,0.0,0.0,0.0,0.0,0.5549103,0.0,4.193844,0.0,1.3780452,0.0,0.0,0.0,0.0,0.0,0.0,0.0,0.0,0.5549103,2.0381067,0.9096968,0.0,0.0,0.0,0.0,0.0,0.0,0.0,1.936477,0.0,0.0,0.0,0.0,0.5549103,0.5549103,0.0,2.4954154,0.0,0.0,0.0,0.0,0.0,0.0,0.0,0.0,0.9096968,0.0,0.0,0.0,0.0,2.1303542,0.5549103,0.0,0.5549103,0.0,0.5549103,0.5549103,0.0,0.0,0.0,0.5549103,0.5549103,0.5549103,0.9096968,0.0,0.0,0.0,0.0,0.0,0.0,0.5549103,0.0,0.0,0.0,1.5494593,0.0,0.5549103,0.9096968,0.0,0.0,0.0,0.9096968,0.5549103,3.1464574,0.0,1.3780452,0.0,0.0,0.0,0.0
0.7545104,0.4467894,0.0,0.0,0.0,0.0,0.0,0.0,0.0,0.7545104,0.0,0.4467894,0.4467894,0.4467894,0.0,0.0,0.4467894,4.160256,0.0,0.7545104,0.0,0.4467894,0.0,0.7545104,0.0,0.4467894,0.4467894,0.0,0.0,0.4467894,0.4467894,0.0,0.4467894,0.0,0.4467894,0.0,0.4467894,0.4467894,2.0489078,0.7545104,0.0,0.4467894,0.0,0.4467894,0.4467894,0.4467894,2.245938,0.4467894,0.0,0.4467894,0.0,0.0,0.0,0.0,0.4467894,0.7545104,0.0,0.7545104,0.0,0.0,2.594678,0.0,0.0,1.1796207,0.0,0.0,0.0,0.9894874,0.0,0.0,0.0,0.0,0.7545104,0.7545104,0.0,0.4467894,0.0,0.4467894,0.0,0.0,0.7545104,0.0,0.7545104,0.0,1.1796207,0.9894874,0.4467894,0.7545104,0.4467894,0.4467894,0.0,0.4467894,0.0,3.134107,0.4467894,1.9735442,0.0,0.9894874,0.0,0.0
0.739778,0.0,0.0,0.0,0.0,0.0,0.43679264,0.0,0.0,0.0,0.0,0.0,0.0,0.43679264,0.0,0.0,0.9719924,3.6440387,0.0,0.739778,0.0,0.43679264,0.0,0.0,0.0,0.0,0.43679264,0.0,0.739778,1.5757045,0.739778,0.0,0.739778,0.0,0.43679264,0.43679264,0.43679264,0.739778,1.8683116,0.0,0.0,0.0,0.739778,0.0,0.43679264,0.0,1.1603156,0.0,0.43679264,0.0,0.0,0.0,0.43679264,0.0,0.0,1.1603156,0.0,0.43679264,0.0,0.739778,2.3332596,0.43679264,0.0,1.4554497,0.43679264,0.739778,0.9719924,1.3187314,0.0,0.0,0.0,0.0,0.9719924,0.9719924,0.0,0.0,0.9719924,0.0,0.0,0.0,0.0,0.0,0.9719924,0.43679264,1.5757045,0.43679264,0.739778,1.4554497,0.43679264,0.43679264,0.0,0.739778,0.0,3.0310254,0.0,1.5757045,0.43679264,0.0,0.43679264,0.0
0.0,0.4388181,0.0,0.7427686,1.1642417,0.0,1.4598325,0.0,0.0,0.0,0.7427686,0.0,0.0,0.4388181,0.7427686,0.4388181,0.97554755,4.413152,0.0,0.97554755,0.4388181,0.0,1.4598325,0.4388181,0.0,0.0,0.0,0.0,0.4388181,1.6876917,1.4598325,0.0,0.4388181,0.4388181,0.0,0.0,0.0,0.4388181,2.3384197,0.4388181,0.0,0.0,0.4388181,0.0,0.0,0.0,1.784711,0.0,0.0,0.0,0.0,0.0,0.0,0.4388181,0.0,0.7427686,0.0,0.4388181,0.0,0.0,2.1647272,0.97554755,0.0,1.3229194,0.4388181,0.97554755,0.97554755,0.0,0.0,0.0,0.0,0.0,0.7427686,1.3229194,0.7427686,0.7427686,0.97554755,0.7427686,0.0,0.0,0.4388181,0.97554755,0.4388181,0.0,1.1642417,0.0,0.4388181,1.1642417,0.4388181,0.7427686,0.7427686,0.0,0.0,3.2062988,0.7427686,1.9543891,0.97554755,0.4388181,0.4388181,0.0
0.0,0.4071892,0.4071892,0.9193919,0.9193919,0.0,0.9193919,0.0,0.0,0.4071892,0.0,0.0,0.0,0.6957322,0.4071892,0.6957322,0.0,4.309159,0.4071892,0.9193919,0.0,0.0,0.9193919,0.0,0.0,0.4071892,0.0,0.4071892,0.6957322,1.7089746,0.6957322,0.0,0.6957322,0.0,0.0,0.4071892,0.0,0.4071892,1.796064,1.3901693,0.0,0.0,0.4071892,0.0,0.4071892,0.0,1.8761728,0.4071892,0.6957322,0.0,0.6957322,0.0,0.0,0.0,0.0,0.0,0.0,0.0,0.6957322,0.0,2.2559128,1.1020575,0.0,1.5080956,0.0,0.4071892,1.1020575,0.4071892,0.0,0.0,0.0,0.4071892,1.1020575,0.9193919,0.0,0.4071892,1.1020575,0.0,0.0,0.0,0.0,1.1020575,0.0,0.0,0.9193919,0.4071892,0.0,0.6957322,0.9193919,0.9193919,0.0,0.9193919,0.4071892,3.389379,0.0,1.6135707,0.6957322,0.6957322,0.4071892,0.0
0.0,0.59158057,0.0,0.0,0.0,0.0,1.2297944,0.0,0.59158057,0.0,0.0,0.59158057,0.0,0.0,0.59158057,0.0,0.0,4.692419,0.59158057,0.59158057,0.0,0.0,0.9607607,0.59158057,0.0,0.59158057,0.9607607,0.0,0.9607607,2.4413853,0.0,0.0,0.9607607,0.59158057,2.0088496,0.0,0.0,0.0,2.0088496,0.9607607,0.0,0.59158057,1.2297944,0.59158057,0.0,0.0,2.1116157,0.0,0.59158057,0.0,0.59158057,0.0,0.0,0.0,0.0,0.59158057,0.0,0.59158057,0.0,0.0,2.973352,0.59158057,0.0,1.7649109,0.9607607,0.9607607,1.7649109,0.0,0.0,0.0,0.0,0.59158057,0.0,0.0,0.59158057,0.0,0.9607607,0.0,0.0,0.0,0.0,0.0,0.9607607,0.59158057,1.7649109,0.59158057,0.0,0.9607607,0.59158057,0.59158057,0.59158057,0.9607607,0.0,3.6615486,0.0,3.455054,0.9607607,0.0,0.59158057,0.59158057
0.0,1.261522,0.0,0.0,0.6117186,0.0,0.0,0.0,0.0,0.0,0.6117186,0.0,0.6117186,0.0,0.0,0.0,0.6117186,4.6106,0.0,1.261522,0.0,0.0,0.6117186,1.261522,0.0,0.0,0.6117186,0.0,0.6117186,0.9884976,0.0,0.0,0.6117186,0.6117186,2.3301582,0.0,0.0,0.9884976,1.261522,0.0,0.0,0.6117186,0.0,0.0,0.0,0.0,1.801971,0.0,1.261522,0.0,0.0,0.0,0.0,0.0,0.0,0.0,0.6117186,0.0,0.0,0.9884976,2.7305388,0.6117186,0.0,1.801971,0.0,0.0,1.9322717,1.261522,1.6521114,0.0,0.0,0.0,0.0,0.0,1.261522,0.0,0.6117186,0.0,0.6117186,0.0,0.0,0.0,1.261522,0.0,2.047535,0.0,0.0,1.261522,0.0,0.9884976,0.0,0.0,0.6117186,3.237278,0.0,2.150875,0.6117186,0.0,0.6117186,0.6117186
0.0,0.53871393,0.0,0.0,0.30520317,0.0,0.30520317,0.0,0.0,0.0,0.0,0.0,0.53871393,0.7278877,0.0,0.0,0.30520317,5.407137,0.30520317,1.0240695,0.0,0.0,0.30520317,0.88690424,0.0,0.30520317,0.0,0.0,1.2522784,1.5945085,0.88690424,0.0,0.0,0.30520317,1.1446699,0.0,0.0,0.53871393,2.0047464,0.53871393,0.30520317,0.0,0.30520317,0.0,0.0,0.0,2.2948065,0.0,0.0,0.0,0.0,0.0,0.0,0.0,0.0,0.88690424,0.53871393,0.30520317,0.0,0.0,2.9915102,0.0,0.0,1.5945085,0.0,0.30520317,0.30520317,0.30520317,0.0,0.0,0.0,0.53871393,0.0,0.88690424,0.30520317,0.30520317,1.0240695,0.30520317,0.0,0.30520317,0.0,0.53871393,0.0,0.0,1.7911942,0.0,0.0,0.88690424,0.30520317,0.30520317,0.53871393,0.88690424,0.30520317,3.2978256,0.0,1.5945085,0.88690424,0.7278877,0.30520317,0.53871393
0.0,0.0,0.0,0.0,0.0,0.0,0.8817107,0.0,0.30288363,0.0,0.5350384,0.0,0.30288363,0.0,0.0,0.0,0.30288363,4.0717983,0.0,1.3428792,0.0,0.0,0.72332263,0.30288363,0.0,0.0,0.0,0.0,0.30288363,1.5123914,0.30288363,0.0,0.0,0.0,0.0,0.0,0.0,0.5350384,1.9970953,1.245968,0.0,0.0,0.0,0.0,0.0,0.0,1.7225595,0.0,0.5350384,0.0,0.0,0.0,0.30288363,0.0,0.30288363,0.5350384,0.30288363,1.0184084,0.0,0.72332263,2.8694077,0.0,0.0,1.0184084,0.0,0.0,0.72332263,0.30288363,0.0,0.0,0.72332263,0.0,0.0,0.8817107,0.30288363,0.30288363,0.72332263,0.0,0.0,0.30288363,0.5350384,0.30288363,0.30288363,0.0,1.3428792,0.30288363,0.0,0.72332263,0.30288363,0.8817107,0.30288363,1.0184084,0.5350384,3.068885,0.5350384,1.4312228,0.72332263,0.0,0.30288363,0.72332263
0.0,0.76410806,0.206539,0.0,0.206539,0.76410806,0.76410806,0.0,0.0,0.3776357,0.0,0.0,0.0,0.206539,0.0,0.206539,0.3776357,2.6765957,0.0,1.0421567,0.0,0.206539,0.3776357,0.206539,0.206539,0.206539,0.0,0.0,0.206539,1.907376,0.5236907,0.5236907,0.5236907,0.0,0.206539,0.0,0.3776357,0.0,2.504821,0.76410806,0.5236907,0.9577818,0.65110713,0.0,0.0,0.5236907,2.1212194,0.206539,0.3776357,0.0,0.65110713,0.0,0.3776357,0.0,0.206539,0.206539,0.206539,0.0,0.0,0.9577818,2.7378154,0.5236907,0.206539,1.3225523,0.0,0.3776357,0.5236907,0.5236907,0.206539,0.0,0.0,0.3776357,0.206539,1.0421567,0.0,1.0421567,0.65110713,0.206539,0.206539,0.0,1.0421567,0.65110713,0.76410806,0.3776357,1.6787583,0.206539,0.0,0.76410806,1.5412984,0.0,0.0,0.65110713,0.3776357,3.2758284,0.3776357,0.9577818,0.206539,0.206539,0.3776357,0.5236907
0.0,0.5631854,0.5631854,0.5631854,0.0,0.0,0.5631854,0.9212847,0.0,0.5631854,0.0,0.0,0.0,0.0,0.0,0.0,0.0,3.5985205,0.0,1.184415,0.0,0.0,0.0,0.0,0.0,0.0,0.0,0.0,0.0,1.3925328,0.0,0.0,0.5631854,0.0,0.0,0.5631854,0.0,0.5631854,2.8262136,0.5631854,0.5631854,0.5631854,0.0,0.0,0.5631854,0.0,2.3100667,0.0,0.9212847,0.0,0.5631854,0.0,0.5631854,0.0,0.5631854,0.0,0.0,0.0,0.0,0.5631854,1.9530367,0.9212847,0.0,1.3925328,0.0,0.5631854,0.5631854,0.9212847,0.0,0.5631854,0.0,0.5631854,0.5631854,0.9212847,0.0,0.0,0.9212847,0.0,0.0,0.5631854,0.0,0.5631854,0.0,0.0,1.3925328,0.9212847,0.5631854,0.5631854,0.0,0.0,0.0,0.0,0.0,2.9910438,0.0,0.5631854,0.0,0.0,0.0,0.0
0.0,0.53506774,0.53506774,0.0,0.0,0.0,0.53506774,0.0,0.0,0.0,0.0,0.0,0.0,0.0,0.0,0.0,0.0,3.22116,0.0,0.0,0.0,0.0,0.0,1.1386954,0.0,0.0,0.0,0.0,0.0,2.172841,0.0,0.0,0.53506774,0.0,0.0,0.53506774,0.0,0.53506774,2.3893034,0.8817522,0.0,1.3429315,1.3429315,0.0,0.53506774,0.0,1.9971565,0.0,0.53506774,0.0,0.53506774,0.0,0.53506774,0.0,1.1386954,0.53506774,0.0,0.53506774,0.0,0.0,2.511307,0.0,0.8817522,0.53506774,0.0,0.0,0.53506774,0.0,0.0,0.0,0.0,0.0,0.0,1.1386954,0.0,0.0,0.0,0.0,0.0,0.0,0.53506774,0.0,0.0,0.0,1.6573483,0.0,0.0,1.3429315,1.3429315,0.0,0.0,0.53506774,0.0,2.9651008,0.0,1.3429315,0.53506774,0.8817522,0.0,0.0
0.0,0.5488503,0.0,0.5488503,0.0,0.5488503,0.5488503,0.0,0.0,0.90118635,0.0,0.0,0.0,0.5488503,0.0,0.0,0.0,3.2806914,0.0,0.90118635,0.0,0.0,0.0,0.0,0.0,0.0,0.0,0.5488503,0.0,0.90118635,0.5488503,0.5488503,0.0,0.0,0.0,0.0,0.90118635,0.0,2.959148,0.0,0.0,0.5488503,0.0,0.0,0.5488503,0.5488503,1.5382227,0.0,0.0,0.0,0.0,0.0,0.0,0.0,0.0,0.5488503,0.0,0.0,0.0,0.0,2.4192708,0.0,0.0,1.5382227,0.0,0.5488503,0.5488503,0.90118635,0.0,0.0,0.0,0.0,0.0,0.90118635,0.0,0.5488503,1.367378,0.5488503,0.0,0.0,0.90118635,0.0,0.5488503,0.90118635,1.5382227,0.0,0.0,0.5488503,0.5488503,0.0,0.0,0.90118635,0.0,2.838362,0.5488503,1.367378,0.90118635,0.0,0.0,0.0
0.0,0.4783339,0.8005513,0.0,0.0,0.4783339,0.4783339,0.0,0.4783339,0.0,0.0,0.0,0.4783339,0.8005513,0.4783339,0.4783339,0.0,3.4745278,0.0,0.0,0.0,0.0,0.4783339,0.4783339,0.0,0.0,0.0,0.0,0.8005513,2.3224623,1.0438576,0.4783339,1.2393987,0.0,0.0,0.4783339,0.0,0.0,2.6737657,0.8005513,0.4783339,0.0,0.0,0.4783339,0.0,0.0,1.402886,0.0,0.4783339,0.0,0.4783339,0.0,0.0,0.0,0.0,0.4783339,0.0,0.0,0.0,0.4783339,2.7932856,0.0,0.4783339,0.4783339,0.0,1.0438576,1.2393987,0.8005513,0.0,0.4783339,0.0,0.0,0.0,0.0,0.4783339,0.0,0.8005513,0.0,0.0,0.0,0.4783339,0.0,0.4783339,0.8005513,1.5433631,0.0,0.4783339,0.8005513,1.0438576,0.0,0.8005513,0.4783339,0.0,3.19083,0.0,1.5433631,1.0438576,0.4783339,0.0,0.0
0.0,1.2203977,0.5856613,0.0,0.95256734,0.0,1.2203977,0.0,0.95256734,0.5856613,0.5856613,0.0,0.0,0.0,0.5856613,0.5856613,0.5856613,4.0929637,0.0,1.2203977,0.0,0.0,0.5856613,1.99734,0.0,0.95256734,0.5856613,0.0,0.0,3.1817625,1.4314382,0.0,0.5856613,0.0,0.0,0.0,0.0,0.0,2.1929693,0.95256734,0.95256734,0.0,1.2203977,0.0,0.5856613,0.0,2.429246,0.0,0.0,0.0,1.2203977,0.0,0.5856613,0.0,0.5856613,0.95256734,0.5856613,0.0,0.5856613,1.6056089,2.56053,1.2203977,0.95256734,0.5856613,0.5856613,0.95256734,0.5856613,0.0,0.0,0.0,0.0,0.0,0.0,0.5856613,0.0,0.95256734,0.0,0.0,0.0,0.0,0.0,0.0,0.0,0.0,1.4314382,0.0,0.0,1.6056089,1.6056089,1.4314382,0.0,0.5856613,0.95256734,2.8287072,0.95256734,1.99734,0.95256734,0.5856613,0.5856613,0.5856613
0.0,0.0,0.0,0.0,0.6710535,0.0,0.6710535,0.0,0.0,0.0,0.6710535,0.0,0.0,0.6710535,0.0,0.6710535,0.0,3.4830172,0.0,0.0,0.0,0.0,0.0,0.0,0.0,0.0,0.6710535,0.0,0.0,1.7546607,1.3529681,0.0,0.6710535,0.0,0.6710535,0.0,0.0,1.3529681,2.6664057,1.0690442,0.6710535,0.0,0.6710535,0.0,0.0,0.0,2.3573546,0.0,0.0,0.0,0.0,0.6710535,0.0,0.0,0.6710535,0.6710535,0.6710535,0.0,0.0,0.0,2.848221,0.0,0.0,1.7546607,0.0,0.0,1.0690442,0.6710535,0.0,0.0,0.6710535,0.6710535,0.0,0.0,0.0,0.0,0.6710535,0.6710535,0.6710535,0.0,0.0,0.0,0.0,0.6710535,1.3529681,0.6710535,0.0,1.0690442,0.0,0.0,0.6710535,0.6710535,0.0,3.215166,1.0690442,2.262458,1.0690442,1.3529681,0.0,0.0
0.0,0.0,0.8164558,0.48933643,0.8164558,0.0,0.0,0.48933643,0.0,0.0,0.0,0.0,0.0,0.48933643,0.0,0.8164558,0.48933643,4.0571795,0.0,1.062536,0.0,0.0,0.0,0.48933643,0.0,0.0,0.0,0.0,0.48933643,1.2598617,1.2598617,0.0,0.0,0.0,0.0,0.0,0.48933643,0.0,2.4069214,0.0,0.0,0.0,0.48933643,0.0,0.0,0.0,1.4245933,0.0,0.48933643,0.0,0.48933643,0.0,0.0,0.0,0.0,0.48933643,0.0,0.0,0.48933643,0.8164558,2.5146437,0.48933643,0.0,1.2598617,0.0,0.48933643,0.48933643,0.48933643,0.0,0.0,0.0,0.0,0.0,1.062536,0.0,0.8164558,1.5659876,0.0,0.0,0.0,0.48933643,0.48933643,0.0,0.48933643,1.4245933,0.0,0.0,1.062536,0.48933643,0.0,0.48933643,0.0,0.0,2.8927746,0.0,2.5644443,1.5659876,0.0,0.48933643,0.0
0.6272874,0.0,0.0,0.0,0.0,0.0,0.0,0.0,0.0,1.0097988,0.0,0.0,0.0,0.0,0.0,0.0,0.6272874,3.3942835,0.0,1.2858032,0.6272874,0.0,0.6272874,0.0,0.0,0.6272874,0.0,0.0,1.2858032,0.0,0.6272874,0.0,0.0,0.0,0.0,0.0,0.6272874,0.0,2.8666458,1.0097988,0.0,0.6272874,0.0,0.0,0.0,1.0097988,1.8302019,0.0,0.0,0.0,0.0,0.0,0.0,0.0,0.0,1.0097988,0.0,0.0,0.0,0.6272874,2.2747247,0.0,0.0,0.0,0.0,0.0,0.0,1.2858032,0.6272874,0.0,0.0,0.0,0.0,0.6272874,0.6272874,0.0,0.6272874,0.0,0.0,0.0,0.0,1.0097988,0.0,0.6272874,1.0097988,0.0,0.0,1.5018742,0.0,0.0,0.0,0.0,0.0,2.7620907,0.0,1.8302019,0.6272874,0.0,0.6272874,0.0
0.0,0.0,0.0,0.0,0.57962054,0.0,0.0,0.0,0.0,0.0,0.0,0.0,0.0,0.57962054,0.0,0.57962054,0.57962054,3.5929532,0.0,0.57962054,0.0,0.0,0.0,0.0,0.0,0.0,0.0,0.57962054,0.57962054,0.9441867,0.0,0.0,0.0,0.9441867,0.0,0.0,0.0,0.0,2.3441424,0.9441867,0.0,0.0,0.0,0.0,0.0,0.9441867,2.2658143,0.0,0.0,0.0,0.0,0.0,0.0,0.0,0.0,0.0,0.0,0.0,0.0,0.0,2.4844942,0.0,0.0,0.57962054,0.57962054,0.57962054,0.9441867,0.57962054,0.0,0.0,0.0,0.57962054,0.0,1.4210443,0.0,0.0,0.57962054,0.57962054,0.0,0.0,0.0,1.2107744,0.57962054,0.0,1.7425982,0.57962054,0.57962054,0.0,0.0,0.0,0.57962054,0.0,0.0,2.7171087,0.0,1.5946906,0.0,0.0,0.0,0.0
0.0,0.6454174,0.0,0.0,1.0344526,0.0,0.0,0.0,0.0,0.0,0.0,0.0,0.0,0.6454174,0.0,0.0,1.531937,3.2017846,0.0,1.0344526,0.0,0.0,0.0,0.6454174,0.0,0.0,0.0,0.0,0.6454174,0.0,0.6454174,0.0,0.6454174,0.0,0.0,0.0,0.0,0.6454174,2.4749734,0.6454174,0.0,0.0,0.0,0.0,0.0,0.6454174,1.8626367,0.0,0.6454174,0.0,0.0,0.0,0.0,0.0,0.0,0.0,0.0,0.0,0.0,0.0,2.8519826,0.0,0.0,1.3138173,0.0,0.0,0.6454174,0.0,0.0,0.0,0.0,0.0,0.6454174,0.6454174,0.0,0.0,0.0,0.6454174,0.0,0.0,0.0,0.0,0.0,0.0,1.8626367,0.0,0.0,0.6454174,0.0,0.0,0.0,0.6454174,0.0,2.6170278,0.0,0.6454174,0.6454174,0.0,0.6454174,0.0
0.0,0.44104055,0.0,0.7460467,1.878432,0.0,0.7460467,0.0,0.0,0.0,0.7460467,0.0,0.0,0.0,0.0,0.0,0.44104055,3.4496002,0.44104055,0.7460467,0.0,0.0,0.44104055,0.7460467,0.0,0.0,0.0,0.0,0.0,0.9794425,0.7460467,0.0,0.0,0.9794425,0.44104055,0.0,0.0,0.44104055,2.6985447,0.7460467,0.0,0.0,0.0,0.44104055,0.44104055,0.0,2.2894168,0.0,0.0,0.0,0.0,0.0,0.0,0.0,0.0,0.44104055,0.0,0.7460467,0.0,0.0,2.8376381,1.5851998,0.0,0.44104055,0.0,0.0,0.44104055,0.0,0.0,0.0,0.0,0.7460467,1.168541,0.9794425,0.44104055,0.44104055,0.44104055,0.44104055,0.0,0.0,0.0,0.0,0.44104055,0.0,1.5851998,0.44104055,0.0,0.44104055,0.0,0.0,0.0,0.44104055,0.44104055,3.212291,0.0,1.46463,0.7460467,0.44104055,0.44104055,0.0
0.0,0.0,0.0,0.0,0.0,0.0,0.0,0.0,0.0,0.0,0.0,0.0,0.0,0.0,0.0,0.0,0.716113,3.4451323,0.0,0.716113,0.0,0.0,0.0,0.0,0.0,0.0,0.0,0.0,0.716113,1.4205482,0.716113,0.0,1.1291176,0.716113,0.0,0.0,0.0,1.1291176,1.8297478,0.716113,0.0,0.716113,0.0,0.0,0.716113,0.0,2.237695,0.0,0.0,0.0,0.0,0.0,0.716113,0.0,0.0,0.716113,0.0,0.0,0.0,0.0,2.7505016,0.0,0.0,0.0,0.716113,0.0,0.0,0.0,0.0,0.0,0.0,0.0,1.1291176,0.0,0.716113,0.0,0.0,0.0,0.0,0.0,0.0,0.716113,0.0,0.0,1.1291176,0.0,0.0,0.0,0.716113,0.716113,0.0,0.716113,0.0,3.221618,0.716113,1.6459341,0.0,0.0,0.716113,0.716113
0.0,0.0,0.6198579,0.0,0.6198579,0.0,0.999649,0.6198579,0.0,0.6198579,0.999649,0.0,0.0,0.6198579,0.0,0.0,0.0,3.5406084,0.6198579,0.999649,0.0,0.0,0.6198579,0.0,0.6198579,0.6198579,0.0,0.0,0.0,0.999649,0.999649,0.0,0.0,0.0,0.6198579,0.0,0.0,0.0,2.1665335,0.0,0.0,0.0,0.0,0.0,0.0,0.0,2.3461523,0.0,0.0,0.0,0.0,0.6198579,0.0,0.0,0.0,0.0,0.0,0.0,0.0,0.6198579,2.8999524,0.6198579,0.0,0.6198579,0.6198579,0.999649,0.0,0.999649,0.0,0.0,0.0,0.0,0.0,0.0,0.999649,0.0,0.0,0.6198579,0.0,0.6198579,0.6198579,0.0,0.0,0.999649,0.6198579,0.0,0.0,0.0,0.0,0.0,0.0,0.0,0.0,2.9461188,0.0,0.999649,0.999649,0.0,0.0,0.0
0.0,0.0,0.0,0.0,0.0,0.0,0.0,0.0,0.0,0.0,0.0,0.0,0.0,0.92301816,0.0,0.0,0.5644257,3.4203157,0.0,0.0,0.0,0.0,0.0,0.0,0.0,0.0,0.0,0.5644257,0.0,0.5644257,0.5644257,0.0,0.0,0.0,0.0,0.0,0.0,0.0,1.9555069,1.5669872,0.0,0.0,0.0,0.0,0.0,0.5644257,2.1499438,0.0,0.0,0.0,0.0,0.0,0.0,0.0,0.5644257,0.5644257,0.0,0.0,0.0,0.92301816,2.9147427,0.5644257,0.0,0.0,0.5644257,0.0,1.1864134,0.0,0.0,0.0,0.0,0.0,0.0,0.5644257,0.0,0.0,0.5644257,0.0,0.0,0.5644257,0.0,0.92301816,0.92301816,1.1864134,1.8419873,0.0,0.0,1.3946966,0.0,0.0,0.0,0.0,0.0,2.3850577,0.0,0.92301816,0.92301816,0.0,0.0,0.5644257
0.0,0.0,0.0,0.0,0.0,0.0,0.0,0.0,0.0,0.0,0.0,0.0,0.0,0.0,0.0,0.0,0.0,3.292469,0.0,1.0713102,0.0,0.0,0.0,0.0,0.0,0.0,0.0,0.0,1.0713102,0.0,0.67274076,0.0,0.0,0.0,0.0,0.0,0.0,0.0,2.85147,0.67274076,0.0,0.0,0.0,0.0,0.0,0.0,2.0434523,0.0,0.0,0.0,0.0,0.0,0.0,0.0,0.0,0.0,0.0,0.0,0.0,0.0,2.600822,0.0,0.0,1.7575138,0.0,1.0713102,0.0,1.3555264,0.0,0.0,0.0,0.0,0.0,0.0,0.0,0.0,0.0,0.0,0.0,0.0,0.0,0.67274076,0.0,0.0,1.7575138,0.0,1.0713102,0.67274076,0.0,0.0,0.0,0.0,0.0,3.256157,0.0,0.0,0.67274076,0.0,0.0,0.0
0.0,0.0,0.0,1.2385423,1.7751489,0.0,0.0,0.0,0.0,0.0,0.59710974,0.0,0.0,0.0,0.0,0.59710974,1.2385423,3.1727095,0.0,0.0,0.0,0.0,0.0,0.0,0.0,0.0,0.0,0.0,0.59710974,1.451014,0.59710974,0.0,0.0,0.0,0.0,0.0,0.0,0.0,2.9850645,1.2385423,0.0,0.0,0.0,0.0,0.0,0.0,2.6440277,0.0,0.0,0.0,0.0,0.0,0.0,0.0,0.0,0.59710974,0.0,0.0,0.0,0.0,2.5842164,2.379761,0.0,0.0,0.0,0.96839726,0.59710974,0.96839726,0.0,0.0,0.0,0.0,1.6261574,0.0,0.0,0.0,0.0,0.0,0.0,0.59710974,0.0,1.451014,0.0,0.59710974,0.96839726,0.59710974,0.0,0.96839726,0.0,0.0,0.0,0.0,0.59710974,2.5842164,0.0,0.96839726,0.59710974,0.0,0.0,0.96839726
0.6417308,0.6417308,0.0,0.0,0.0,0.0,0.0,0.0,0.0,0.0,0.0,0.0,0.0,0.0,0.0,0.0,0.6417308,3.3319538,0.0,0.0,0.0,0.0,1.0294523,0.0,0.0,0.6417308,0.0,0.0,0.0,0.6417308,0.0,0.0,0.0,0.0,0.0,0.0,0.0,0.6417308,2.5413625,1.0294523,0.0,0.0,0.0,0.0,0.0,0.6417308,1.7045354,0.0,0.0,0.6417308,0.0,0.0,0.0,0.0,0.0,0.6417308,0.0,0.0,0.0,0.0,3.1177015,0.0,0.0,0.6417308,0.6417308,0.0,0.6417308,0.6417308,0.0,0.0,0.0,0.0,0.0,1.3081431,0.6417308,0.6417308,0.0,0.0,0.0,0.0,0.0,0.6417308,0.0,0.6417308,1.8560786,0.0,0.6417308,1.0294523,0.0,0.0,0.0,0.0,0.0,3.0347056,0.0,0.0,0.6417308,0.0,0.0,0.0
0.0,0.7076043,0.0,0.0,0.0,0.0,0.0,0.0,0.0,0.0,0.0,0.0,0.0,0.0,0.0,0.0,0.7076043,3.2857156,0.0,0.7076043,0.0,0.0,0.0,0.7076043,0.0,0.7076043,0.0,0.0,1.1178424,1.1178424,0.7076043,0.0,0.0,0.0,0.0,0.0,0.0,0.7076043,2.5112536,0.0,0.0,0.0,0.0,0.0,0.0,0.0,2.2227833,0.0,0.0,0.0,0.0,0.0,0.0,0.0,0.0,0.0,0.0,0.0,0.0,1.1178424,2.8602555,0.0,0.0,0.7076043,0.7076043,0.7076043,0.7076043,0.0,0.0,0.0,0.0,0.7076043,0.0,0.7076043,0.0,0.7076043,0.0,0.0,0.0,0.7076043,0.0,0.7076043,0.0,1.63247,1.63247,0.0,0.0,1.4079024,0.0,0.7076043,0.0,1.1178424,0.0,3.2464514,0.0,0.0,0.0,0.0,0.0,0.0
0.0,0.0,0.0,0.0,0.5673857,0.0,0.5673857,0.0,0.0,0.5673857,0.5673857,0.0,0.0,0.0,0.0,0.0,0.5673857,2.9212217,0.5673857,0.5673857,0.0,0.92715174,0.0,0.0,0.0,0.0,0.0,0.0,0.0,0.92715174,0.5673857,0.0,0.0,0.0,0.0,0.0,0.0,0.5673857,2.3188326,0.5673857,0.0,0.0,0.0,0.0,0.0,0.0,1.8477541,0.0,0.0,0.0,0.0,0.0,0.0,0.0,0.0,0.0,0.5673857,0.0,0.0,0.0,2.8792157,0.5673857,0.0,0.5673857,0.5673857,0.0,1.5724111,1.1911765,0.0,0.0,0.5673857,0.0,0.0,1.1911765,0.0,0.0,0.5673857,0.5673857,0.0,0.0,0.0,0.5673857,0.5673857,0.5673857,2.1559978,0.0,0.0,0.5673857,0.0,0.0,0.0,0.5673857,0.0,2.8792157,0.5673857,1.1911765,0.5673857,0.5673857,0.0,0.92715174
0.0,0.0,0.0,0.6573268,1.050561,0.0,1.050561,0.0,0.6573268,0.0,0.0,0.0,0.0,0.0,0.6573268,0.0,1.3320708,3.0658085,0.0,0.0,0.0,0.0,1.050561,1.050561,0.0,0.6573268,0.0,0.0,0.0,1.5514928,0.6573268,0.0,0.0,0.0,0.0,0.0,0.0,0.0,1.8836948,1.050561,0.6573268,0.0,0.0,0.0,0.0,1.050561,2.4182236,0.0,0.0,0.0,0.6573268,0.0,0.0,0.0,0.0,0.0,0.0,0.6573268,0.0,0.0,2.5714784,0.0,0.6573268,0.0,0.0,0.6573268,0.0,0.0,0.0,0.0,0.0,1.050561,0.0,0.6573268,0.6573268,0.0,0.0,0.0,0.0,0.6573268,0.0,0.6573268,1.050561,0.6573268,2.237155,1.050561,0.6573268,0.0,0.6573268,0.0,0.0,0.0,0.0,3.1880322,0.6573268,1.7313256,0.6573268,0.0,0.0,0.0
0.0,0.66288376,0.0,0.0,0.0,0.0,0.66288376,0.0,0.0,0.0,0.0,0.66288376,0.0,1.0580541,0.0,0.0,1.0580541,3.577782,0.66288376,1.0580541,0.0,0.0,0.0,0.0,0.0,0.0,0.0,0.0,1.0580541,1.8934553,0.0,0.0,0.0,0.0,0.0,0.0,0.0,0.0,1.7407994,0.0,0.0,0.0,0.0,0.66288376,0.0,0.0,2.2474337,0.0,0.0,0.0,0.66288376,0.0,0.0,0.0,0.0,0.66288376,0.0,0.0,0.0,0.0,2.7754645,0.66288376,0.0,0.0,0.66288376,1.0580541,0.0,0.66288376,0.0,0.0,0.0,0.66288376,0.0,0.0,0.0,0.0,0.0,0.0,0.0,0.66288376,0.0,0.66288376,0.0,1.0580541,2.142773,0.0,0.0,0.0,0.66288376,0.0,0.0,0.66288376,0.0,3.0767756,0.0,1.0580541,1.3405488,0.66288376,0.0,0.0
0.0,0.0,0.0,0.0,1.4478947,0.0,0.0,0.0,0.0,0.7346328,0.0,0.0,0.0,0.7346328,0.0,0.0,1.1535525,3.3742585,0.0,1.1535525,0.0,0.0,0.0,1.1535525,0.0,0.0,0.0,0.0,1.1535525,0.7346328,0.0,0.0,0.0,0.0,0.0,0.0,0.0,1.1535525,2.4720883,0.0,0.0,0.0,0.0,0.0,0.0,0.0,1.6750131,0.0,0.0,0.0,0.0,0.0,0.0,0.0,0.0,0.0,0.0,0.0,0.0,0.0,3.0731382,0.7346328,0.0,0.7346328,0.0,0.0,0.0,0.7346328,0.0,0.0,0.7346328,0.0,1.1535525,0.0,0.7346328,0.0,0.0,0.7346328,0.0,0.0,0.0,0.0,0.0,0.0,1.1535525,1.1535525,0.0,0.7346328,0.0,0.7346328,0.0,1.1535525,0.7346328,2.5596955,0.0,1.1535525,0.0,1.1535525,0.0,0.0
0.0,0.0,0.0,0.0,0.0,0.0,0.0,1.0141454,0.0,0.0,0.0,0.0,0.0,0.0,0.0,1.0141454,0.0,3.9159389,0.0,0.0,0.0,0.0,0.0,0.63047516,0.0,0.63047516,0.0,0.0,0.0,1.2907491,0.0,0.0,0.0,0.0,0.63047516,0.0,0.0,0.0,2.0829384,1.0141454,0.0,0.0,0.0,0.0,0.0,0.0,1.6850119,0.0,0.0,0.0,0.0,0.0,0.0,0.0,0.0,0.0,0.0,0.0,0.0,0.0,2.9215508,1.0141454,0.0,1.2907491,0.0,1.0141454,0.0,0.0,0.0,0.0,0.0,0.63047516,0.0,0.0,0.63047516,0.0,0.63047516,0.0,0.0,0.0,0.0,0.0,0.0,0.63047516,1.8359387,0.0,0.63047516,0.63047516,0.63047516,0.63047516,0.0,0.0,0.0,3.3089027,0.0,1.5071864,0.63047516,0.0,0.0,0.0
0.0,0.0,0.0,1.1655443,2.0311706,0.0,0.5515199,0.0,0.0,0.0,0.0,0.5515199,0.904938,0.0,0.0,0.0,1.3720832,3.8884025,0.0,0.904938,0.0,0.0,1.1655443,1.3720832,0.0,0.0,0.0,0.0,0.904938,1.1655443,0.0,0.0,0.0,0.0,0.0,0.0,0.0,0.5515199,2.4880965,1.5431799,0.0,0.0,0.0,0.0,0.0,0.0,1.8166512,0.0,0.0,0.0,0.5515199,0.0,0.5515199,0.0,0.5515199,0.904938,0.0,0.0,0.0,0.5515199,3.0023663,2.0311706,0.0,1.3720832,0.0,0.5515199,1.1655443,1.1655443,0.0,0.0,0.0,0.5515199,0.904938,0.5515199,0.0,0.0,0.5515199,0.5515199,0.0,0.0,0.0,0.0,0.0,0.0,1.1655443,0.0,0.0,0.5515199,0.5515199,0.0,0.5515199,0.904938,0.0,2.800549,0.0,1.8166512,0.904938,1.1655443,0.0,0.5515199
0.4056652,0.4056652,0.0,0.0,0.4056652,0.6934473,0.4056652,0.4056652,0.0,0.0,0.0,0.4056652,0.0,0.4056652,0.0,0.0,0.0,4.9493556,0.0,0.4056652,0.0,0.0,1.2531917,0.0,0.4056652,0.0,0.0,0.4056652,0.0,0.9166509,0.4056652,0.0,0.6934473,0.0,0.0,0.0,0.0,0.4056652,1.6099181,0.6934473,0.0,0.0,0.0,0.0,0.0,0.4056652,1.7922597,0.0,0.9166509,0.0,0.0,0.4056652,0.0,0.0,0.0,0.4056652,0.0,0.0,0.0,0.6934473,2.6032455,0.0,0.0,0.0,0.4056652,0.0,0.6934473,0.0,0.0,0.0,0.0,0.0,0.0,1.0990124,0.0,0.6934473,0.9166509,0.0,0.0,0.0,0.0,0.4056652,0.9166509,0.0,1.7052392,0.0,0.6934473,0.6934473,0.0,1.3867445,0.0,1.0990124,0.0,3.611502,0.4056652,3.2392552,2.251829,0.0,0.4056652,0.0
0.0,0.0,0.0,0.0,0.94611037,0.0,0.94611037,0.0,0.0,0.5810059,0.0,0.0,0.0,0.0,0.5810059,0.0,0.0,4.286246,0.0,1.2129843,0.0,0.0,0.0,0.0,0.0,0.0,0.0,0.0,0.0,0.0,0.0,0.0,0.0,0.0,0.0,0.0,0.0,0.5810059,2.1836166,1.2129843,0.0,0.0,0.0,0.0,0.0,0.0,1.8740842,0.0,0.94611037,0.0,0.0,0.0,0.0,0.0,0.0,0.5810059,0.5810059,0.94611037,0.0,0.0,2.2686346,0.0,0.0,0.94611037,0.0,0.5810059,0.5810059,0.5810059,0.0,0.0,0.0,0.0,1.2129843,0.0,0.0,0.0,0.94611037,0.0,0.0,0.0,0.0,0.94611037,0.0,0.0,1.5971992,0.0,0.0,0.5810059,0.0,0.5810059,0.5810059,1.2129843,0.0,2.8647435,0.0,1.7451944,1.2129843,0.0,0.5810059,0.0
0.0,1.0536537,1.3355712,0.0,1.0536537,0.0,1.0536537,0.0,0.0,0.0,0.0,0.6596192,0.0,0.6596192,0.0,1.0536537,1.0536537,5.0136237,0.0,0.6596192,0.6596192,0.0,0.6596192,0.0,0.0,0.0,0.0,1.0536537,0.0,1.5552399,0.0,0.0,0.0,0.6596192,1.5552399,0.6596192,0.0,0.0,1.7352383,0.0,0.0,0.6596192,0.6596192,0.6596192,0.6596192,0.0,1.5552399,0.0,0.0,1.0536537,0.0,0.0,0.0,0.0,0.0,0.6596192,0.6596192,1.5552399,0.0,0.0,2.5758684,0.0,0.0,1.0536537,0.0,0.6596192,1.8877261,0.0,0.6596192,0.0,0.0,0.0,0.6596192,0.0,0.0,0.0,0.0,0.0,0.0,0.0,0.6596192,0.0,0.6596192,0.0,2.3360739,0.0,0.0,1.8877261,0.0,2.241401,0.6596192,0.6596192,0.6596192,3.571223,0.6596192,3.517259,1.0536537,0.0,0.0,0.6596192
0.0,0.8381093,0.0,0.0,0.0,0.0,0.8381093,0.0,0.5044025,0.0,0.0,0.0,0.5044025,0.0,0.8381093,0.5044025,0.0,4.7231245,0.0,0.8381093,0.0,0.0,0.8381093,1.0878841,0.0,0.0,0.5044025,0.8381093,0.5044025,1.4539481,0.5044025,0.0,0.5044025,0.0,0.5044025,0.5044025,0.5044025,0.8381093,2.106078,0.0,0.0,0.0,0.8381093,0.5044025,0.0,0.0,1.2875737,0.0,0.8381093,0.0,0.8381093,0.0,0.0,0.0,0.0,0.0,0.5044025,0.0,0.0,0.0,2.6000135,0.0,0.0,1.5965502,0.0,0.0,2.106078,0.0,0.0,0.5044025,0.0,0.0,0.8381093,0.8381093,0.0,0.0,0.5044025,0.5044025,0.0,0.0,0.5044025,0.5044025,0.8381093,0.0,1.2875737,0.5044025,0.5044025,0.5044025,0.5044025,1.4539481,0.0,1.4539481,0.0,3.1763797,1.0878841,3.539677,1.0878841,0.0,0.0,0.8381093
0.0,1.4596423,0.60218525,0.0,0.60218525,0.0,0.9753932,0.0,0.60218525,0.60218525,0.0,0.60218525,0.60218525,0.60218525,0.60218525,0.0,1.6352079,5.5590296,0.0,0.0,0.0,0.0,0.9753932,0.60218525,0.0,0.60218525,0.60218525,0.0,0.9753932,2.132383,0.60218525,0.0,1.2465479,0.0,1.7845048,0.60218525,0.0,0.60218525,1.4596423,0.60218525,0.0,0.0,0.60218525,0.0,0.60218525,0.60218525,1.6352079,0.0,0.9753932,0.0,0.60218525,0.0,0.0,0.0,0.60218525,0.0,0.9753932,0.9753932,0.0,0.60218525,2.710965,0.60218525,0.60218525,2.3899784,0.0,0.0,1.6352079,0.60218525,0.0,1.2465479,0.0,0.0,0.9753932,0.9753932,0.0,0.60218525,0.9753932,0.0,0.0,0.9753932,0.0,0.60218525,0.0,0.0,1.7845048,0.0,0.0,0.9753932,0.0,2.132383,1.2465479,0.60218525,0.60218525,3.3118327,0.0,3.3703108,0.9753932,0.0,0.9753932,0.0
1.1119206,0.703145,0.0,0.0,0.0,0.0,0.703145,0.703145,0.0,0.703145,0.0,0.0,0.0,0.0,0.703145,0.0,0.0,4.8319206,0.703145,1.1119206,0.0,0.0,0.0,0.703145,0.0,0.0,0.703145,0.703145,0.0,1.8083674,0.703145,0.0,0.0,0.0,1.6253868,0.703145,0.0,0.703145,2.6575458,0.0,0.703145,0.0,1.4012538,0.703145,0.0,0.0,1.8083674,0.0,0.0,0.703145,0.0,0.703145,0.0,0.0,0.0,0.0,0.703145,0.703145,0.0,1.4012538,2.7266326,0.0,0.0,2.0968726,0.0,0.0,0.703145,0.0,0.0,0.703145,0.0,0.0,0.0,0.0,0.0,0.703145,1.1119206,0.0,0.0,0.0,1.1119206,0.703145,0.703145,0.0,2.0968726,0.0,0.0,0.703145,0.0,1.4012538,1.1119206,0.703145,0.0,3.6569643,0.0,3.3150036,1.1119206,0.0,1.1119206,0.0
0.0,0.9163507,0.0,0.0,0.9163507,0.0,0.9163507,0.0,0.0,0.9163507,0.9163507,0.0,0.0,0.0,0.9163507,0.0,0.9163507,4.912754,0.0,0.9163507,0.0,0.0,1.3863693,0.0,0.0,0.0,0.9163507,0.0,0.0,1.3863693,0.9163507,0.0,0.9163507,0.9163507,0.0,0.0,0.0,0.0,2.1401544,0.0,0.0,0.0,0.0,0.0,0.0,0.0,2.1401544,0.9163507,0.0,0.0,0.0,0.0,0.0,0.0,0.0,1.3863693,0.0,0.9163507,0.0,1.3863693,2.8622952,0.0,0.9163507,1.9459958,0.0,0.0,1.9459958,0.9163507,0.0,0.0,0.0,0.0,0.0,0.0,1.3863693,0.0,0.0,0.0,0.0,0.0,0.9163507,0.0,0.0,0.0,0.9163507,0.0,0.0,0.9163507,1.3863693,0.9163507,0.0,0.0,0.0,3.332301,0.0,3.277241,1.7048299,0.9163507,0.9163507,0.0
0.0,1.0898453,0.0,0.0,0.0,0.0,0.839788,0.50557464,0.0,0.50557464,0.0,0.0,0.0,0.0,0.839788,0.0,0.0,4.862119,0.0,1.2897152,0.0,0.0,0.50557464,0.0,0.50557464,0.0,0.50557464,0.0,0.0,1.0898453,0.50557464,0.0,0.0,0.0,0.50557464,0.0,0.0,0.0,1.9346242,0.0,0.0,0.50557464,0.0,0.0,1.0898453,0.0,2.3859212,0.0,0.0,0.0,0.0,0.0,0.0,0.0,0.0,1.0898453,0.0,1.0898453,0.0,0.50557464,2.8592508,0.0,0.0,1.0898453,0.50557464,1.2897152,0.50557464,0.50557464,0.0,0.0,0.0,0.0,0.0,0.0,0.50557464,0.50557464,0.50557464,0.0,0.0,0.0,0.0,0.0,0.0,0.0,2.185518,0.839788,1.0898453,0.0,0.0,1.0898453,0.0,0.839788,0.0,3.3545737,0.0,2.9319575,0.50557464,0.839788,0.0,0.50557464
0.2851219,0.0,0.0,0.0,0.2851219,0.0,0.2851219,0.0,0.0,0.0,0.0,0.0,0.2851219,0.2851219,0.0,0.0,0.2851219,3.1542237,0.0,0.8414363,0.0,0.0,0.6880202,0.0,0.0,0.0,0.0,0.0,0.0,0.8414363,0.6880202,0.0,0.50672615,0.0,0.0,0.50672615,0.2851219,0.2851219,2.2244184,0.2851219,0.2851219,0.0,0.0,0.0,0.0,0.6880202,1.8883884,0.0,0.2851219,0.2851219,0.0,0.0,0.2851219,0.0,0.0,0.50672615,0.50672615,0.0,0.0,0.0,3.0504746,0.50672615,0.0,1.1967877,0.0,0.2851219,0.6880202,0.8414363,0.0,0.0,0.0,0.6880202,0.0,0.50672615,0.0,0.2851219,0.2851219,0.2851219,0.0,0.0,0.0,0.6880202,1.0917705,0.2851219,1.7831999,0.0,0.0,0.8414363,0.2851219,0.0,0.0,0.2851219,0.2851219,3.2222486,0.50672615,0.97441643,0.50672615,0.2851219,0.2851219,0.50672615
0.0,0.0,0.33642653,1.2236625,0.7883701,0.0,0.58771557,0.33642653,0.0,0.0,0.33642653,0.0,0.33642653,0.0,0.33642653,0.58771557,1.0985056,3.0251389,0.0,0.955413,0.0,0.0,0.58771557,0.0,0.0,0.33642653,0.0,0.0,0.58771557,1.6862686,0.0,0.33642653,0.33642653,0.0,0.33642653,0.0,0.0,0.33642653,2.5648017,1.3348832,0.0,0.33642653,0.0,0.33642653,0.0,0.58771557,2.1039937,0.0,0.33642653,0.33642653,0.0,0.0,0.33642653,0.0,0.0,0.955413,0.0,0.7883701,0.0,0.33642653,2.734218,0.955413,0.0,0.955413,0.0,0.33642653,0.58771557,0.33642653,0.0,0.0,0.58771557,0.0,0.58771557,0.58771557,0.33642653,0.7883701,0.955413,0.33642653,0.33642653,0.7883701,0.0,0.58771557,0.33642653,0.0,1.945773,1.0985056,0.58771557,0.0,0.0,0.0,0.33642653,0.33642653,0.33642653,2.6808724,0.33642653,1.4349626,0.58771557,0.0,0.0,0.0
0.0,0.40996516,0.40996516,0.0,0.0,0.40996516,0.40996516,0.0,0.0,0.0,0.92437637,0.40996516,0.0,0.0,0.0,0.0,0.40996516,3.98348,0.0,0.0,0.0,0.0,0.40996516,0.0,0.0,0.0,0.0,0.0,0.6998897,1.3963912,0.6998897,0.0,1.3963912,0.0,0.0,0.40996516,0.40996516,0.6998897,2.9831696,0.40996516,0.40996516,0.0,0.40996516,0.0,0.40996516,0.0,2.4546254,0.0,0.0,0.0,0.40996516,0.40996516,0.40996516,0.0,0.6998897,0.0,0.0,0.40996516,0.0,0.40996516,2.5381,0.0,0.40996516,0.92437637,0.40996516,0.40996516,0.0,0.0,0.0,0.0,0.0,0.0,0.0,0.6998897,0.0,0.40996516,0.40996516,0.0,0.0,0.40996516,0.92437637,0.40996516,0.92437637,0.0,1.5145463,0.0,0.0,0.6998897,1.3963912,0.40996516,0.0,0.0,1.1075922,3.1263618,0.6998897,1.7157578,0.0,0.6998897,0.0,0.40996516
0.0,0.45377934,0.0,0.0,0.45377934,0.45377934,0.45377934,0.0,0.45377934,0.0,0.45377934,0.0,0.0,0.0,0.0,0.0,1.0016431,3.4479308,0.0,0.45377934,0.0,0.0,0.45377934,0.0,0.0,0.45377934,0.0,0.76477045,0.45377934,1.3535782,0.0,0.0,0.0,0.0,0.76477045,0.0,0.0,0.45377934,2.2631953,0.45377934,0.0,0.45377934,0.45377934,0.0,0.0,0.76477045,2.2016048,0.0,0.0,0.0,0.0,0.45377934,0.0,0.0,0.0,0.45377934,0.0,0.0,0.0,0.45377934,2.6537886,0.0,0.0,1.1930137,0.0,1.3535782,0.0,0.45377934,0.0,0.0,0.0,0.0,0.0,1.0016431,0.0,0.0,0.0,0.0,0.0,0.45377934,0.0,1.0016431,0.0,0.45377934,1.7216954,0.45377934,0.45377934,0.0,0.0,0.0,0.0,1.0016431,0.45377934,2.9932427,0.0,0.76477045,0.45377934,0.0,0.0,0.0
0.0,1.1592512,0.0,0.54764843,1.1592512,0.0,0.0,0.0,0.0,0.0,0.0,0.0,0.0,0.0,0.0,0.0,0.0,3.453968,0.54764843,0.89949596,0.0,0.0,0.0,0.0,0.0,0.0,0.0,0.0,0.54764843,1.5359871,0.54764843,0.0,0.54764843,0.0,0.0,0.0,0.0,0.0,2.4166765,0.89949596,0.0,0.0,0.54764843,0.0,0.0,0.0,0.89949596,0.0,0.0,0.0,0.0,0.0,0.0,0.0,0.0,0.0,0.89949596,0.0,0.0,0.0,2.4166765,0.54764843,0.0,0.54764843,0.0,0.0,0.0,0.0,0.0,0.0,0.54764843,0.54764843,0.0,0.54764843,0.0,0.0,0.89949596,0.0,0.0,0.0,0.89949596,0.89949596,0.0,0.0,2.1152694,0.0,0.0,0.89949596,0.0,0.0,0.0,0.54764843,0.0,2.9564478,0.89949596,1.5359871,0.89949596,0.0,0.0,0.54764843
0.0,0.49778783,0.0,0.0,0.49778783,0.0,0.0,0.0,0.49778783,0.0,0.0,0.0,0.0,0.0,0.0,0.0,0.49778783,3.0746589,0.0,0.49778783,0.0,0.0,0.82861996,0.0,0.0,0.0,0.0,0.0,0.0,1.27545,0.49778783,0.0,0.0,0.0,0.0,0.49778783,0.0,0.0,2.4820967,1.0767872,0.0,0.0,0.0,0.0,0.0,0.0,2.4266815,0.0,0.0,0.0,0.0,0.0,0.0,0.0,0.0,1.27545,0.0,0.0,0.49778783,0.49778783,2.4820967,0.0,0.49778783,1.27545,0.0,0.0,0.0,0.0,0.0,0.0,0.0,0.49778783,0.49778783,0.49778783,0.0,0.0,0.82861996,0.0,0.0,0.0,0.0,0.0,0.49778783,0.49778783,2.0913527,0.49778783,0.0,0.0,0.82861996,0.49778783,0.0,0.49778783,0.0,3.0443995,0.0,1.5831901,0.0,0.0,0.82861996,0.49778783
0.0,0.45428267,0.45428267,0.45428267,0.45428267,0.0,0.0,0.0,0.0,0.0,0.0,0.0,0.0,1.1939747,0.0,1.0025159,0.765508,3.0505285,0.0,1.0025159,0.0,0.45428267,0.0,1.0025159,0.0,0.0,0.0,0.45428267,1.0025159,1.6144855,0.45428267,0.0,0.0,0.0,0.45428267,0.0,0.0,0.45428267,2.264431,0.765508,0.0,1.0025159,0.45428267,0.0,0.0,0.0,1.3546013,0.45428267,0.45428267,0.0,0.45428267,0.0,0.0,0.0,0.45428267,0.0,0.0,0.0,0.0,0.45428267,2.732813,0.765508,0.0,0.45428267,0.0,0.765508,0.45428267,1.4929622,0.45428267,0.0,0.0,0.45428267,0.0,0.45428267,0.0,0.45428267,0.45428267,0.0,0.0,0.765508,0.0,0.0,0.0,0.0,1.1939747,0.45428267,0.45428267,0.765508,0.0,0.765508,0.45428267,0.45428267,0.0,3.2475355,0.0,1.9096063,1.0025159,1.0025159,0.0,0.45428267
0.0,0.5687447,0.5687447,0.0,0.0,0.929048,0.0,0.0,0.0,0.5687447,0.0,0.0,0.0,0.0,0.5687447,0.0,0.0,3.2392101,0.0,0.929048,0.0,0.0,0.0,1.1933606,0.0,0.0,0.0,0.0,0.0,1.5748969,0.0,0.0,0.5687447,0.0,0.0,0.0,0.0,0.0,2.7443774,1.4022157,0.0,0.5687447,0.5687447,0.0,0.0,0.5687447,1.7221043,0.5687447,0.0,0.0,0.5687447,0.5687447,0.0,0.0,0.0,0.929048,0.0,0.5687447,0.5687447,0.929048,2.5845091,0.0,0.5687447,0.929048,0.0,0.5687447,0.5687447,0.0,0.0,0.0,0.0,0.5687447,0.0,0.5687447,0.5687447,0.0,1.1933606,0.0,0.0,0.0,0.0,0.929048,0.0,0.0,1.5748969,0.0,0.0,1.1933606,0.929048,0.0,0.0,0.0,0.0,3.076543,0.5687447,1.8503964,0.0,0.0,0.0,0.0
0.0,0.61129427,0.0,0.61129427,0.61129427,0.0,0.61129427,0.0,0.0,0.0,0.0,0.61129427,0.0,0.0,0.0,0.0,0.0,3.0147867,0.0,0.98791534,0.0,0.0,0.0,1.2608572,0.0,0.0,0.0,0.61129427,0.61129427,1.4750513,0.0,0.0,0.61129427,0.0,0.61129427,0.0,0.0,0.61129427,2.4081857,0.61129427,0.0,0.0,0.0,0.0,0.0,0.61129427,2.1500556,0.0,0.61129427,0.0,0.0,0.0,0.0,0.0,0.98791534,0.61129427,0.0,0.61129427,0.0,0.61129427,2.6131697,0.61129427,0.0,0.98791534,0.0,0.0,0.0,0.0,0.0,0.0,1.2608572,0.0,0.0,0.0,0.61129427,0.61129427,0.98791534,0.0,0.0,0.61129427,0.0,0.61129427,0.0,0.0,1.4750513,0.61129427,0.0,0.0,0.0,0.61129427,0.61129427,0.0,0.61129427,3.0147867,0.0,2.0467272,0.61129427,0.0,0.61129427,0.0
0.0,0.0,0.4344791,0.4344791,0.0,0.0,0.0,0.0,0.0,0.0,0.0,0.4344791,0.0,0.4344791,0.0,0.0,1.155822,3.1489038,0.4344791,1.3139366,0.0,0.0,0.4344791,0.4344791,0.0,0.0,0.0,0.0,0.4344791,0.9679246,0.73635846,0.0,0.0,0.0,0.0,0.4344791,0.0,0.73635846,2.3273454,0.73635846,0.0,0.0,0.0,0.0,0.0,0.0,2.3273454,0.0,0.9679246,0.0,0.0,0.0,0.0,0.0,0.0,0.0,0.0,0.4344791,0.0,0.73635846,2.7531688,0.0,0.0,0.73635846,0.0,0.4344791,0.0,0.4344791,0.0,0.0,0.0,0.0,0.4344791,0.4344791,0.0,0.0,0.73635846,0.0,0.0,0.4344791,0.0,0.73635846,0.4344791,0.0,1.3139366,0.4344791,0.0,0.4344791,0.0,0.0,0.0,0.4344791,0.0,3.0247912,0.4344791,1.155822,0.0,0.0,0.0,0.0
0.0,0.0,0.0,0.63517416,1.4123831,0.0,0.8463086,0.0,0.0,0.63517416,0.0,0.3671922,0.0,0.3671922,0.0,0.0,1.1688772,3.3185592,0.0,0.63517416,0.0,0.0,0.0,0.3671922,0.0,0.0,0.0,0.0,0.3671922,1.2980237,0.3671922,0.0,0.3671922,0.0,0.0,0.0,0.0,0.3671922,2.035376,0.8463086,0.0,0.3671922,0.0,0.0,0.0,0.63517416,2.0917168,0.0,0.0,0.3671922,0.0,0.0,0.0,0.0,0.0,0.3671922,0.0,0.3671922,0.0,0.3671922,2.1450515,1.0205432,0.0,0.63517416,0.0,0.63517416,0.0,0.63517416,0.0,0.0,0.0,0.8463086,1.2980237,1.1688772,0.3671922,0.0,0.3671922,0.3671922,0.0,0.0,0.0,0.3671922,0.3671922,0.3671922,1.7716298,0.3671922,0.0,0.3671922,0.0,0.0,0.0,0.3671922,0.63517416,2.629482,0.0,0.8463086,0.8463086,0.3671922,0.0,0.63517416
0.0,0.0,0.0,1.2932703,1.970036,0.0,0.6321024,0.36518538,0.0,0.36518538,0.0,0.0,0.0,0.36518538,0.36518538,0.0,1.2932703,3.1178734,0.0,0.36518538,0.0,0.0,0.0,0.8425767,0.0,0.0,0.0,0.36518538,0.36518538,0.8425767,0.8425767,0.0,0.0,0.0,0.36518538,0.6321024,0.36518538,0.36518538,2.4103594,0.8425767,0.0,0.0,0.0,0.0,0.0,0.0,2.2380295,0.0,0.36518538,0.0,0.0,0.0,0.0,0.0,0.0,0.36518538,0.0,0.0,0.0,0.0,2.7150254,1.6878443,0.0,0.8425767,0.36518538,0.8425767,0.36518538,0.36518538,0.36518538,0.0,0.0,0.0,0.6321024,0.36518538,0.0,0.0,1.016362,0.6321024,0.36518538,0.36518538,0.36518538,0.36518538,0.0,0.0,1.016362,0.36518538,0.0,0.6321024,0.36518538,0.0,0.0,0.36518538,0.0,2.8254254,0.0,1.4074361,1.016362,0.36518538,0.36518538,0.8425767
0.0,0.58559066,0.0,0.0,0.58559066,0.0,0.0,0.0,0.0,0.58559066,0.0,0.0,0.0,0.58559066,0.0,0.0,0.58559066,3.8194447,0.0,0.58559066,0.0,0.0,0.9524696,0.58559066,0.0,0.0,0.0,0.0,0.9524696,0.58559066,0.58559066,0.0,0.0,0.0,0.0,0.0,0.9524696,0.58559066,2.356374,1.2202854,0.0,0.0,0.0,0.58559066,0.58559066,0.0,1.6054817,0.0,0.58559066,0.0,0.0,0.0,0.0,0.0,0.0,0.58559066,0.0,0.0,0.0,0.58559066,2.8745294,0.0,0.0,0.0,0.0,0.0,1.2202854,0.0,0.0,0.0,0.0,0.0,0.0,0.0,0.9524696,0.0,0.58559066,0.58559066,0.58559066,0.9524696,0.0,0.9524696,0.58559066,0.0,2.099791,0.58559066,0.0,1.2202854,0.0,0.0,0.0,0.9524696,0.0,2.9184804,0.0,1.6054817,0.0,0.0,0.0,0.0
0.0,0.47412765,0.0,0.0,0.0,0.0,0.79445034,0.0,0.0,0.47412765,0.0,0.0,0.47412765,1.0366788,0.0,0.0,0.79445034,3.5544984,0.0,1.0366788,0.0,0.0,0.79445034,0.0,0.0,0.0,0.0,0.47412765,1.0366788,1.0366788,0.47412765,0.0,0.0,0.0,0.47412765,0.0,0.47412765,0.79445034,2.0376728,1.2315242,0.0,0.0,0.0,0.0,0.0,0.47412765,2.4259,0.47412765,0.0,0.0,0.47412765,0.0,0.0,0.0,0.0,0.79445034,0.0,0.47412765,0.0,0.0,2.8552353,0.47412765,0.0,0.47412765,0.47412765,1.0366788,0.79445034,0.79445034,0.0,0.0,0.0,0.47412765,0.47412765,1.0366788,0.79445034,0.0,0.79445034,0.0,0.0,0.0,0.47412765,0.79445034,0.0,0.0,1.5346438,0.0,0.0,0.47412765,0.47412765,0.47412765,0.47412765,0.47412765,0.0,2.6202278,0.0,1.0366788,0.0,0.0,0.0,0.0
0.0,0.0,0.0,0.0,0.56377226,0.0,0.0,0.56377226,0.0,0.0,0.0,0.0,0.0,0.0,0.56377226,0.0,0.0,3.557574,0.56377226,0.0,0.0,0.0,0.56377226,0.0,0.0,0.0,0.0,0.0,0.0,0.92210495,0.92210495,0.0,0.0,0.0,0.0,0.0,0.0,0.0,2.0561218,0.56377226,0.0,0.0,0.0,0.0,0.0,0.0,1.7126682,0.56377226,0.92210495,0.0,0.0,0.0,0.0,0.0,0.0,0.56377226,0.0,0.0,0.0,0.0,3.1976912,0.0,0.56377226,0.56377226,0.0,0.92210495,0.56377226,0.0,0.0,0.0,0.0,0.0,0.0,1.1853607,0.56377226,0.0,0.56377226,0.56377226,0.0,0.0,0.0,0.0,0.0,0.0,1.3935568,0.0,0.0,0.56377226,0.0,0.56377226,0.56377226,0.56377226,0.0,2.913309,0.0,0.92210495,0.56377226,0.56377226,0.0,0.0
0.0,0.5142354,0.0,0.5142354,0.0,0.0,0.8521654,0.0,0.0,0.0,0.0,0.0,0.0,0.5142354,0.0,0.0,0.0,3.5443728,0.0,1.472884,0.0,0.0,0.5142354,0.5142354,0.5142354,0.0,0.5142354,0.0,0.0,0.5142354,0.5142354,0.0,0.8521654,0.0,0.0,0.0,0.0,0.5142354,2.405628,0.5142354,0.0,0.0,0.0,0.0,0.5142354,0.0,2.3430579,0.0,0.8521654,0.0,0.0,0.5142354,0.0,0.0,0.0,0.0,0.0,0.5142354,0.0,0.0,2.879703,0.5142354,0.0,1.1042888,0.0,0.8521654,0.0,0.0,0.5142354,0.0,0.5142354,0.0,0.0,1.1042888,0.5142354,0.0,1.1042888,0.0,0.0,0.5142354,0.0,0.0,0.0,0.5142354,1.6162459,0.0,0.8521654,0.5142354,0.0,0.0,0.0,0.5142354,0.5142354,3.114204,0.0,1.9532026,0.0,0.0,0.0,0.0
0.0,0.0,0.0,1.068145,1.9065647,0.0,0.49265683,0.49265683,0.0,0.0,0.0,0.0,0.0,0.0,0.0,0.0,1.696828,3.4106958,0.0,0.0,0.0,0.0,0.82124025,0.49265683,0.0,0.0,0.0,0.49265683,0.49265683,1.068145,0.49265683,0.0,0.0,0.0,0.0,0.0,0.0,0.0,2.4147112,1.696828,0.49265683,0.0,0.0,0.0,0.49265683,1.2659993,2.1563916,0.0,0.0,0.0,0.49265683,0.0,0.0,0.0,0.49265683,0.82124025,0.0,0.0,0.0,0.49265683,2.9352627,2.3561146,0.0,0.82124025,0.82124025,0.82124025,0.49265683,0.49265683,0.0,0.0,0.0,0.49265683,1.2659993,0.82124025,0.49265683,0.49265683,0.49265683,0.49265683,0.0,0.0,0.0,0.49265683,0.49265683,0.49265683,1.9969547,0.49265683,0.0,0.0,0.0,0.0,0.49265683,0.49265683,0.0,2.7899258,0.0,0.49265683,0.49265683,0.49265683,0.0,0.0
0.0,0.0,0.0,0.0,0.0,0.0,0.0,0.0,0.0,0.0,0.6729288,0.0,0.0,0.6729288,0.6729288,0.0,0.0,3.697808,0.0,0.6729288,0.0,0.0,0.0,0.0,0.0,0.0,0.6729288,0.0,0.0,1.0715625,0.6729288,0.0,0.0,0.0,0.6729288,0.0,0.0,0.6729288,2.0437865,0.0,0.0,0.0,0.0,0.0,0.0,1.3558114,2.360825,0.0,0.0,0.0,0.0,0.0,0.0,0.0,0.0,1.0715625,0.0,1.0715625,0.0,0.6729288,3.0056522,0.0,0.0,0.6729288,0.0,0.0,0.6729288,1.0715625,0.0,0.0,0.0,0.6729288,0.0,0.0,0.0,0.6729288,0.6729288,0.0,0.0,0.0,0.0,0.6729288,0.0,0.0,1.5768893,1.0715625,0.0,0.6729288,0.0,0.6729288,0.6729288,0.0,0.0,2.7948093,0.6729288,1.3558114,0.0,0.0,0.6729288,1.0715625
0.0,0.0,0.74331766,0.74331766,1.164962,0.0,0.74331766,0.0,0.0,0.0,0.0,0.0,0.0,0.0,0.0,0.0,1.164962,3.229373,0.0,1.164962,0.0,0.0,0.0,0.0,0.0,0.0,0.0,0.0,0.0,0.74331766,0.0,0.0,0.0,0.0,0.0,0.0,0.0,1.164962,2.1656542,0.74331766,0.0,0.0,0.0,0.0,0.74331766,0.0,2.2847474,0.0,0.0,0.0,0.0,0.0,0.0,0.0,0.0,0.0,0.0,0.74331766,0.0,0.0,2.6556902,1.6885452,0.74331766,0.0,0.0,0.0,1.164962,0.74331766,0.0,0.0,0.74331766,0.0,1.4606367,0.0,0.0,0.0,1.4606367,1.164962,0.0,0.0,0.0,0.0,0.0,0.0,1.6885452,0.74331766,0.0,0.0,0.74331766,0.0,0.0,1.164962,0.0,3.2721024,0.0,1.4606367,0.74331766,0.0,0.0,0.74331766
0.0,0.0,0.0,1.1478668,1.6682588,0.0,0.73031366,0.0,0.0,0.0,1.1478668,0.73031366,0.0,0.0,0.0,0.0,0.73031366,3.8780978,0.0,0.0,0.0,0.0,0.0,0.0,0.0,0.0,0.0,0.0,1.1478668,0.73031366,0.73031366,0.0,0.0,0.0,0.0,0.0,0.0,0.73031366,1.6682588,1.1478668,0.0,0.0,0.0,0.0,0.0,0.73031366,2.1436036,1.1478668,0.0,0.73031366,0.0,0.73031366,0.0,0.0,0.0,0.0,0.0,0.0,0.0,0.0,2.9020646,1.4415386,0.0,1.1478668,0.0,0.73031366,1.1478668,0.0,0.0,0.73031366,0.0,0.0,0.73031366,0.0,0.0,0.0,0.0,0.0,0.0,0.0,0.0,0.0,0.73031366,0.0,2.1436036,0.0,0.0,0.0,0.0,0.0,0.73031366,0.0,0.0,2.9594538,0.73031366,2.1436036,1.1478668,0.0,1.1478668,0.0
0.0,0.0,0.0,0.6099099,0.6099099,0.0,0.0,0.0,0.0,0.0,0.0,0.0,0.0,1.2586873,0.6099099,0.0,0.6099099,3.7011163,0.0,0.6099099,0.0,0.0,0.0,0.6099099,0.0,0.0,0.0,0.0,0.9860149,0.9860149,0.6099099,0.0,0.9860149,0.0,0.0,0.0,0.0,0.0,2.72684,1.2586873,0.0,0.6099099,0.0,0.0,0.0,0.6099099,2.0440896,0.0,0.0,0.6099099,0.0,0.0,0.0,0.0,0.0,0.0,0.0,0.0,0.0,0.0,2.7803571,0.9860149,0.0,0.9860149,0.0,0.6099099,0.0,0.6099099,0.0,0.0,0.0,0.6099099,0.0,0.9860149,0.9860149,0.0,0.0,0.0,0.0,0.0,0.0,0.6099099,0.0,0.6099099,1.648914,0.0,0.6099099,0.6099099,0.0,0.0,0.0,0.0,0.6099099,3.1649337,0.0,0.9860149,0.9860149,0.0,0.0,0.0
0.0,0.0,0.0,0.0,0.0,0.0,0.9988177,0.0,0.0,0.0,0.0,0.0,0.0,0.45215142,0.0,0.0,0.45215142,3.5475955,0.0,0.45215142,0.0,0.0,0.9988177,0.45215142,0.0,0.0,0.0,0.0,0.76238394,0.9988177,0.0,0.0,0.0,0.45215142,0.45215142,0.0,0.0,0.45215142,1.9046266,0.76238394,0.0,0.0,0.45215142,0.0,0.0,0.76238394,1.7180266,0.0,0.45215142,0.0,0.0,0.0,0.0,0.0,0.0,0.0,0.0,0.45215142,0.0,0.45215142,2.5653715,0.0,0.0,1.1899022,0.45215142,0.45215142,0.0,0.45215142,0.0,0.0,0.45215142,0.0,0.0,0.45215142,0.0,0.0,0.45215142,0.45215142,0.45215142,0.45215142,0.0,0.9988177,0.0,0.45215142,1.6098038,0.0,0.45215142,0.45215142,0.0,0.45215142,0.0,0.9988177,0.0,2.7994514,0.0,1.4884311,0.76238394,0.0,0.0,0.0
0.0,0.0,0.0,1.104154,2.3428755,0.0,0.0,0.0,0.5141543,0.0,0.0,0.0,0.0,0.8520497,0.0,0.0,1.3053269,3.582286,0.0,0.0,0.0,0.0,0.5141543,1.104154,0.0,0.0,0.0,0.5141543,0.0,1.104154,0.5141543,0.0,0.0,0.0,0.0,0.5141543,0.5141543,0.0,2.519936,1.104154,0.0,0.5141543,0.0,0.0,0.0,0.0,2.044104,0.5141543,0.0,0.0,0.0,0.0,0.0,0.0,0.0,0.5141543,0.0,0.0,0.5141543,0.0,2.6226556,1.9530295,0.0,0.8520497,0.0,0.5141543,0.8520497,1.3053269,0.0,0.0,0.0,0.0,1.104154,1.104154,0.5141543,0.0,0.0,0.8520497,0.0,0.0,0.0,1.104154,0.0,0.5141543,2.127572,0.0,0.0,0.0,0.0,0.0,0.5141543,0.0,0.0,2.6226556,0.0,1.6160842,1.104154,0.5141543,0.0,0.0
0.0,0.48117262,0.48117262,0.0,0.0,0.0,0.0,0.8046622,0.8046622,0.0,0.0,0.0,0.0,0.0,0.0,0.0,0.0,3.8175778,0.0,1.0486906,0.0,0.48117262,0.48117262,0.0,0.48117262,0.0,0.0,0.0,1.0486906,1.0486906,0.48117262,0.0,0.48117262,0.0,0.0,0.0,0.0,0.8046622,1.6725619,0.48117262,0.0,0.0,0.0,0.0,0.8046622,0.0,1.9712584,0.0,0.0,0.0,0.0,0.0,0.0,0.0,0.0,0.48117262,0.48117262,0.48117262,0.0,0.0,3.003556,0.48117262,0.0,1.5492257,0.0,0.48117262,0.0,0.0,0.0,0.0,0.0,0.0,0.48117262,1.408509,0.8046622,0.0,0.0,0.0,0.0,0.0,0.0,0.48117262,0.48117262,0.0,1.2446969,0.0,0.0,0.8046622,1.0486906,0.0,0.0,0.8046622,0.48117262,3.500574,0.0,2.1300926,0.48117262,0.0,0.0,0.0
0.0,0.0,0.0,0.0,0.6535427,0.0,0.6535427,0.0,0.0,0.0,0.0,0.0,0.0,0.0,0.0,0.0,1.0454499,3.891037,0.0,1.0454499,0.0,0.0,0.0,0.0,0.0,0.6535427,0.0,0.6535427,0.0,1.0454499,0.6535427,0.0,0.0,0.6535427,0.0,0.6535427,0.0,0.6535427,2.2301273,1.0454499,0.0,0.0,0.0,0.0,0.6535427,0.0,2.0090692,0.0,0.0,0.0,0.0,0.0,0.0,0.6535427,0.6535427,0.6535427,0.0,0.0,0.0,0.0,2.7573116,0.6535427,0.0,1.0454499,0.0,0.6535427,0.6535427,0.0,0.0,0.0,0.0,0.6535427,0.6535427,1.0454499,0.6535427,0.0,0.6535427,0.6535427,0.6535427,0.6535427,0.0,0.0,0.0,0.0,2.0090692,1.0454499,0.0,1.0454499,0.0,0.6535427,0.6535427,0.0,0.0,2.9676816,0.6535427,1.0454499,0.6535427,0.0,0.6535427,0.0
0.0,1.2278423,0.0,0.47216624,0.0,0.0,0.47216624,0.47216624,0.0,0.47216624,0.0,0.0,0.0,0.47216624,0.7916014,0.0,0.47216624,6.4625173,0.47216624,0.7916014,0.0,0.0,0.0,0.47216624,0.0,0.0,0.47216624,0.0,0.0,1.0333239,0.47216624,0.0,0.0,0.0,0.7916014,0.0,0.0,0.0,2.2458553,1.0333239,0.0,0.0,0.0,0.0,0.0,0.0,1.8611572,0.0,0.7916014,0.0,0.0,0.0,0.0,0.0,0.0,0.47216624,0.0,1.0333239,0.0,0.0,2.7779865,0.0,0.0,1.3906149,0.47216624,0.47216624,0.7916014,0.47216624,0.0,0.0,0.0,0.0,0.0,0.47216624,0.0,0.7916014,0.47216624,0.0,0.0,0.0,0.0,0.47216624,0.7916014,0.0,1.2278423,0.0,0.0,1.0333239,0.0,1.3906149,0.0,0.7916014,0.47216624,3.175201,0.0,2.4733696,1.0333239,0.0,0.0,0.47216624
0.0,0.0,0.0,0.0,0.0,0.4286346,0.0,0.7277032,0.0,0.4286346,0.0,0.0,0.0,0.0,0.4286346,0.7277032,0.4286346,4.225814,0.0,0.4286346,0.0,0.0,1.1444266,0.9576169,0.0,0.0,0.0,0.0,0.4286346,1.1444266,0.4286346,0.0,0.0,0.4286346,0.0,0.4286346,0.0,0.0,1.6641685,0.7277032,0.0,0.0,0.0,0.0,0.4286346,0.4286346,1.7606884,0.0,0.0,0.0,0.4286346,0.0,0.0,0.0,0.7277032,0.7277032,0.4286346,0.0,0.0,0.0,3.0349972,0.0,0.0,1.3017708,0.0,0.9576169,1.1444266,0.0,0.0,0.0,0.0,0.9576169,0.7277032,0.7277032,0.0,0.0,0.4286346,0.0,0.0,0.0,0.0,0.7277032,0.4286346,0.4286346,0.7277032,0.0,0.0,0.9576169,0.9576169,0.9576169,0.9576169,1.6641685,0.0,3.3426201,0.4286346,2.004438,1.5573274,0.0,0.4286346,0.4286346
0.0,0.0,0.0,0.0,0.0,0.6497597,0.0,1.0403336,0.0,0.0,0.0,0.0,0.0,0.6497597,0.6497597,0.0,0.0,5.1949315,0.6497597,0.6497597,0.0,0.0,0.6497597,0.0,0.0,1.3204862,0.0,0.6497597,0.6497597,2.0022316,0.0,0.0,0.0,0.0,2.0022316,0.0,0.0,0.0,1.870337,1.3204862,0.0,0.0,1.0403336,0.0,0.6497597,0.0,1.7183646,0.0,0.0,0.6497597,0.6497597,0.0,0.0,0.6497597,0.0,1.0403336,0.0,1.0403336,0.0,0.0,2.317553,0.6497597,0.0,1.5390846,0.0,0.6497597,1.870337,0.0,0.0,0.0,0.6497597,0.0,0.0,0.6497597,0.6497597,0.6497597,0.0,0.0,0.0,0.6497597,0.0,1.7183646,0.6497597,0.0,1.3204862,1.0403336,0.0,1.0403336,0.0,2.0022316,0.0,0.0,0.6497597,3.2817476,0.0,2.4833193,1.7183646,0.0,0.0,0.6497597
0.68242246,1.0842869,0.0,0.68242246,0.68242246,0.0,0.0,0.0,0.68242246,0.0,0.0,0.0,0.0,0.0,0.68242246,1.0842869,0.68242246,4.982527,0.68242246,0.68242246,0.0,0.0,0.68242246,0.68242246,0.0,1.3701638,0.0,0.68242246,0.0,2.1780782,0.0,0.0,0.0,0.68242246,1.0842869,0.0,0.0,0.0,2.060597,0.0,0.0,0.68242246,0.0,0.68242246,0.0,0.0,1.9274539,0.0,1.0842869,0.0,0.0,0.0,0.0,0.0,0.0,0.0,0.0,1.0842869,0.0,0.0,3.1573958,0.0,0.68242246,1.7738204,0.0,0.0,1.7738204,0.0,0.0,0.0,0.68242246,0.68242246,0.0,0.68242246,0.0,0.68242246,0.0,0.68242246,0.0,0.68242246,0.0,0.0,0.68242246,0.0,0.68242246,0.0,0.0,0.68242246,0.0,1.7738204,0.68242246,0.68242246,0.68242246,3.5054357,0.0,1.5922227,1.3701638,0.0,0.68242246,0.0
0.0,1.1609554,0.7402651,0.0,0.0,0.0,0.0,0.0,0.0,0.0,0.0,0.0,0.0,0.0,0.7402651,0.7402651,0.7402651,6.00808,0.0,0.7402651,0.0,0.0,1.1609554,0.7402651,0.0,0.0,0.7402651,0.0,0.0,2.4819784,0.7402651,0.0,0.0,0.0,2.6502724,0.0,0.0,0.0,1.8690995,0.0,0.0,0.0,0.7402651,0.0,0.0,0.0,1.4561641,0.0,0.0,0.7402651,0.0,0.0,0.0,0.0,0.0,0.7402651,0.0,0.0,0.0,0.7402651,2.1604958,0.0,0.0,1.8690995,0.0,0.0,1.8690995,0.0,1.1609554,0.0,0.0,0.0,0.0,0.7402651,0.0,1.1609554,0.0,1.1609554,0.0,0.0,0.7402651,0.0,0.0,0.0,1.1609554,0.7402651,0.7402651,1.1609554,1.1609554,3.0319118,1.6837964,0.0,0.7402651,3.421172,0.0,2.7942815,1.4561641,0.7402651,0.0,0.7402651
0.0,1.4233123,0.58093643,0.0,0.58093643,1.4233123,1.2128736,0.58093643,0.0,0.58093643,0.0,0.0,0.0,0.0,0.58093643,0.58093643,0.58093643,5.414811,0.58093643,0.9460139,0.0,0.0,0.9460139,0.58093643,0.0,0.9460139,0.0,0.0,0.0,2.2684934,0.9460139,0.58093643,1.5970736,0.0,1.4233123,0.58093643,0.0,0.0,1.7450644,0.0,0.0,0.0,1.4233123,0.0,0.9460139,0.0,1.873951,0.0,1.4233123,0.0,1.4233123,0.0,0.0,0.0,0.58093643,1.2128736,0.0,0.58093643,0.0,0.0,2.864595,0.0,0.0,1.5970736,0.0,0.9460139,2.2684934,0.58093643,0.0,0.0,0.0,0.58093643,0.58093643,0.58093643,0.0,1.5970736,0.0,0.0,0.0,0.0,0.9460139,0.0,0.0,0.58093643,1.2128736,0.0,0.0,1.4233123,1.2128736,2.5506692,0.9460139,0.58093643,1.2128736,3.5740104,0.9460139,2.9505973,0.9460139,1.2128736,0.0,0.0
0.7740974,0.0,0.0,0.0,0.0,0.0,0.0,0.7740974,0.0,0.0,0.0,1.2051524,0.7740974,0.0,1.505388,1.7359886,0.0,5.198329,0.0,0.0,0.0,0.0,0.7740974,0.0,0.0,0.7740974,1.505388,0.0,0.7740974,2.3368967,0.0,0.0,1.2051524,0.0,1.505388,0.0,0.7740974,0.0,2.2170749,0.0,0.0,0.0,0.0,0.0,1.2051524,0.0,1.2051524,0.0,0.7740974,0.0,0.7740974,0.0,0.0,0.0,0.0,1.505388,0.0,0.0,0.0,0.7740974,2.6286442,0.0,0.0,1.2051524,0.0,1.2051524,0.7740974,0.0,0.7740974,1.2051524,0.0,0.0,0.0,0.7740974,0.7740974,1.2051524,1.2051524,0.0,0.0,0.0,0.0,0.0,1.2051524,0.0,1.505388,0.0,0.0,1.2051524,0.7740974,1.9232509,1.2051524,0.7740974,0.7740974,3.5522113,0.0,3.1934626,0.0,0.0,0.7740974,0.0
0.0,0.39357898,0.0,0.0,0.8947929,0.0,0.8947929,0.0,0.0,0.0,0.0,0.0,0.0,0.0,0.0,0.0,0.39357898,3.7024534,0.39357898,1.074697,0.0,0.0,0.39357898,0.6752646,0.0,0.0,0.39357898,0.39357898,0.0,1.5806702,0.6752646,0.0,0.6752646,0.0,0.0,0.39357898,0.0,0.39357898,2.4925735,0.8947929,0.0,0.39357898,0.39357898,0.0,0.0,0.0,1.9837002,0.0,0.39357898,0.0,0.6752646,0.39357898,0.0,0.0,0.0,0.39357898,0.0,0.6752646,0.0,0.8947929,2.9362066,0.0,0.0,1.2271174,0.0,0.39357898,0.39357898,0.39357898,0.0,0.0,0.6752646,0.39357898,0.6752646,0.8947929,0.39357898,0.6752646,0.6752646,0.0,0.39357898,0.39357898,0.0,0.39357898,0.39357898,0.0,2.1082895,0.0,0.0,0.8947929,0.0,0.0,0.39357898,1.074697,0.0,2.8282077,0.0,1.6753168,0.39357898,0.6752646,0.0,0.39357898
0.34193164,0.0,0.7988542,0.34193164,0.34193164,0.34193164,0.59626627,0.34193164,0.0,0.0,0.0,0.0,0.34193164,0.0,0.34193164,0.34193164,0.0,5.4784846,0.0,0.59626627,0.0,0.0,1.8404914,0.7988542,0.0,0.0,0.0,0.0,1.2372097,1.9621998,0.34193164,0.34193164,1.4495772,0.0,0.0,0.34193164,0.0,0.34193164,2.339522,1.2372097,0.0,0.7988542,0.9672334,0.34193164,0.0,0.0,2.0706894,0.0,0.9672334,0.34193164,0.7988542,0.0,0.0,0.0,0.34193164,0.9672334,0.34193164,1.1113049,0.0,0.34193164,2.670896,1.1113049,0.34193164,2.2576866,0.0,0.7988542,0.59626627,0.34193164,0.0,0.0,0.0,0.0,0.34193164,0.0,0.0,0.7988542,0.0,0.34193164,0.0,0.9672334,0.34193164,0.34193164,0.0,0.34193164,1.5409399,0.7988542,0.7988542,0.34193164,0.7988542,0.7988542,0.34193164,0.34193164,0.59626627,3.5851595,0.34193164,1.6246499,0.34193164,0.34193164,0.7988542,0.0
0.5227572,0.86429965,0.5227572,0.0,0.5227572,0.0,0.86429965,1.1184199,0.0,0.5227572,0.0,0.0,0.0,0.0,0.5227572,0.86429965,0.5227572,3.462613,0.0,0.5227572,0.0,0.0,0.86429965,0.0,0.0,0.0,0.0,0.0,0.0,1.6331604,0.5227572,0.0,0.0,0.5227572,0.0,0.0,0.0,0.5227572,2.4838016,1.320872,0.0,0.86429965,0.0,0.5227572,0.0,0.86429965,1.4891574,0.5227572,1.1184199,0.0,0.0,0.0,0.0,0.5227572,0.5227572,0.0,0.0,0.0,0.0,0.5227572,2.4248095,1.1184199,0.0,1.8707821,0.5227572,0.0,0.5227572,0.0,0.0,0.0,0.0,0.86429965,0.0,0.86429965,0.86429965,0.5227572,0.86429965,0.86429965,0.0,0.0,0.5227572,0.0,0.0,0.0,1.4891574,0.5227572,0.0,0.0,0.86429965,0.0,0.0,0.86429965,0.0,3.192402,0.86429965,3.5452087,0.5227572,0.0,0.0,0.0
0.0,0.93525684,0.0,0.0,0.0,0.0,0.0,0.5731996,0.0,0.0,0.0,0.0,0.0,0.0,0.0,0.93525684,0.5731996,3.641495,0.5731996,0.0,0.0,0.0,0.5731996,1.2005073,0.0,0.0,0.0,0.5731996,0.5731996,1.583026,0.93525684,0.0,0.0,0.0,0.5731996,0.0,0.0,0.0,2.5344114,1.2005073,0.0,0.0,0.93525684,0.0,0.5731996,0.0,2.252688,0.0,0.93525684,0.0,0.0,0.0,0.0,0.0,0.5731996,0.0,0.5731996,0.0,0.5731996,0.5731996,2.9742234,0.5731996,0.0,1.7305228,0.5731996,0.93525684,0.93525684,0.5731996,0.93525684,0.0,0.0,0.0,0.0,0.0,0.0,0.0,0.0,0.5731996,0.0,0.0,0.5731996,0.5731996,0.5731996,0.5731996,2.0751078,0.0,0.0,0.93525684,0.93525684,0.93525684,0.0,1.2005073,0.93525684,4.038184,0.0,2.593981,1.2005073,0.0,0.0,0.0
0.56292504,0.56292504,1.1839952,0.0,0.56292504,0.0,0.56292504,0.56292504,0.0,0.56292504,0.0,0.0,0.0,0.0,0.0,0.0,0.56292504,3.3660753,0.0,0.0,0.0,0.0,0.9209206,0.0,0.0,0.0,0.9209206,0.0,0.9209206,1.9525177,0.56292504,0.0,0.9209206,0.0,0.0,0.0,0.0,0.0,2.5720634,1.3920784,0.0,0.0,0.0,0.0,0.0,0.0,1.8390573,0.0,0.56292504,0.0,0.0,0.0,0.0,0.0,0.0,0.56292504,0.0,0.0,0.0,0.56292504,2.5126038,0.0,0.0,1.3920784,0.0,0.56292504,0.56292504,0.0,0.0,0.0,0.0,1.1839952,0.0,0.9209206,0.56292504,0.56292504,0.0,0.9209206,0.0,0.0,0.0,0.56292504,0.9209206,0.0,1.1839952,0.0,0.56292504,1.3920784,0.0,0.0,0.0,0.56292504,0.0,2.7798135,0.0,2.1468675,0.56292504,0.56292504,0.0,0.0
0.34290254,0.80069774,0.5977716,0.34290254,0.80069774,0.0,1.1135525,0.0,0.0,0.0,0.0,0.0,0.0,0.0,0.34290254,0.80069774,1.1135525,4.9709306,0.0,0.0,0.34290254,0.0,1.5435722,0.80069774,0.0,0.5977716,0.0,0.5977716,0.0,2.2606854,1.1135525,0.34290254,0.34290254,0.34290254,0.5977716,0.34290254,0.0,0.34290254,2.6740131,1.1135525,0.0,0.34290254,0.9693103,0.0,0.0,0.0,1.906046,0.0,0.5977716,0.0,0.5977716,0.0,0.0,0.34290254,0.34290254,0.5977716,0.0,0.0,0.0,0.34290254,2.877528,1.2395875,0.5977716,1.351501,0.34290254,0.0,1.1135525,0.80069774,0.0,0.0,0.0,0.0,0.9693103,0.80069774,0.0,0.0,0.34290254,0.0,0.0,0.34290254,0.5977716,0.34290254,0.0,0.0,1.843309,0.0,0.5977716,0.80069774,0.5977716,0.9693103,0.80069774,0.80069774,0.9693103,3.5770445,0.34290254,4.478741,1.7046292,0.9693103,0.0,0.34290254
0.0,0.8250027,0.49527135,0.49527135,1.436207,0.0,0.49527135,0.0,0.0,0.0,0.0,0.0,0.0,0.0,0.0,0.0,1.0725524,3.4783506,0.0,0.49527135,0.0,0.0,0.49527135,0.49527135,0.0,0.0,0.49527135,0.0,0.0,1.27082,0.49527135,0.0,0.49527135,0.0,0.0,0.49527135,0.0,0.0,2.2334778,0.8250027,0.49527135,0.0,0.0,0.0,0.0,0.0,2.0027542,0.0,0.49527135,0.0,0.0,0.0,0.0,0.0,0.0,1.27082,0.0,0.0,0.0,0.49527135,2.6713734,1.436207,0.49527135,0.8250027,0.0,0.0,1.0725524,0.0,0.0,0.0,0.49527135,0.0,1.436207,0.49527135,0.0,0.0,0.0,0.49527135,0.0,0.0,0.0,0.8250027,0.0,0.0,1.8127947,0.49527135,0.0,0.8250027,0.49527135,0.49527135,0.0,0.49527135,0.0,3.2579732,0.0,1.5780836,0.49527135,0.49527135,0.0,0.0
0.38486603,0.38486603,0.0,0.0,0.0,0.0,0.0,0.0,0.0,0.0,0.38486603,0.0,0.0,0.38486603,0.38486603,0.0,0.6620872,3.271413,0.0,1.0569808,0.0,0.0,0.0,0.38486603,0.0,0.0,0.0,0.0,0.6620872,1.0569808,0.8789013,0.38486603,0.0,0.38486603,0.0,0.38486603,0.0,0.0,2.1950107,0.38486603,0.38486603,0.0,0.0,0.0,0.6620872,0.0,1.8186597,0.0,0.0,0.0,0.0,0.0,0.0,0.0,0.0,0.6620872,0.0,0.0,0.0,0.0,3.007963,0.0,0.0,0.6620872,0.6620872,0.38486603,0.38486603,0.38486603,0.0,0.0,0.0,0.38486603,0.0,0.0,0.0,0.0,0.38486603,0.0,0.0,0.0,0.0,1.0569808,0.0,0.38486603,1.4553357,0.8789013,0.6620872,0.8789013,0.0,0.0,0.0,0.6620872,0.38486603,2.9845045,0.0,1.7394437,1.4553357,0.6620872,0.6620872,0.0
0.41277984,0.9294189,0.0,0.0,0.0,0.0,0.41277984,0.0,0.0,0.41277984,0.41277984,0.0,0.0,0.0,0.41277984,0.41277984,0.0,3.279053,0.0,0.7040993,0.0,0.0,0.41277984,0.41277984,0.0,0.0,0.0,0.0,0.0,2.1593132,0.41277984,0.0,0.9294189,0.0,0.0,0.0,0.0,0.0,2.462257,1.2683724,0.0,0.0,0.41277984,0.0,0.41277984,0.0,2.1593132,0.0,0.41277984,0.0,0.0,0.7040993,0.7040993,0.0,0.0,0.9294189,0.0,0.0,0.41277984,0.0,3.1118479,0.41277984,0.7040993,0.7040993,0.0,0.7040993,0.41277984,0.41277984,0.0,0.0,0.41277984,0.0,0.0,1.2683724,0.7040993,0.0,0.7040993,0.41277984,0.0,0.41277984,0.0,0.7040993,0.41277984,0.0,1.2683724,0.9294189,0.7040993,0.41277984,0.0,0.0,0.0,0.9294189,0.0,3.1118479,0.0,1.5210626,0.7040993,0.0,0.0,0.7040993
0.0,0.48252183,0.0,1.0509843,0.8066143,0.0,0.0,0.0,0.48252183,0.0,0.0,0.0,0.0,0.48252183,0.0,0.0,0.8066143,3.0664291,0.0,0.0,0.0,0.0,0.8066143,0.0,0.48252183,0.0,0.0,0.48252183,0.48252183,0.0,0.48252183,0.0,0.48252183,0.0,0.0,0.48252183,0.0,0.48252183,2.0569026,0.0,0.0,0.48252183,0.48252183,0.0,0.0,0.0,2.3323696,0.0,0.8066143,0.48252183,0.0,0.8066143,0.0,0.0,0.0,0.48252183,0.8066143,0.48252183,0.0,0.0,3.1495507,1.0509843,0.0,1.2472105,0.0,0.8066143,0.48252183,1.0509843,0.0,0.0,0.0,1.2472105,0.0,0.8066143,0.48252183,0.0,0.0,0.0,0.0,0.48252183,0.48252183,1.0509843,0.48252183,0.0,1.4111761,0.48252183,0.0,0.0,0.0,0.0,0.0,0.8066143,0.48252183,2.6839905,0.0,1.2472105,0.48252183,0.8066143,0.0,0.0
0.0,0.0,0.0,0.0,0.0,0.0,0.46424145,0.0,0.0,0.0,0.0,0.0,0.0,0.0,0.0,0.0,1.2129012,3.7178283,0.0,0.46424145,0.0,0.0,0.46424145,0.0,0.46424145,0.46424145,0.46424145,0.46424145,0.46424145,1.6362063,0.0,0.0,0.0,0.0,0.46424145,0.780065,0.46424145,0.0,2.2886996,0.780065,0.0,0.0,0.46424145,0.0,0.0,0.0,1.3747367,0.0,0.0,0.0,0.780065,0.46424145,0.0,0.0,0.0,0.0,0.0,0.780065,0.0,0.0,2.6802378,0.46424145,0.780065,1.7450969,0.0,1.2129012,1.019721,0.46424145,0.0,0.0,0.0,0.0,0.780065,0.46424145,0.0,0.0,0.0,0.780065,0.0,0.0,0.0,0.780065,0.0,0.0,1.6362063,0.0,0.46424145,0.46424145,0.0,0.0,0.46424145,0.780065,0.0,3.1797805,0.0,1.513993,0.46424145,0.0,0.46424145,0.0
0.0,0.55092776,0.0,0.0,0.90410626,0.0,0.55092776,0.55092776,0.0,0.55092776,0.55092776,0.0,0.0,0.0,0.0,0.90410626,1.1645827,3.2575312,0.0,1.1645827,0.0,0.0,0.55092776,0.0,0.0,0.0,0.0,0.0,0.55092776,0.0,0.0,0.0,0.0,0.0,0.0,0.0,0.55092776,0.0,2.4868155,0.55092776,0.0,0.0,0.0,0.0,0.0,0.0,1.8154814,0.0,0.0,0.0,0.55092776,0.0,0.0,0.0,0.0,0.55092776,0.0,0.55092776,0.0,0.55092776,2.423746,1.3710405,0.0,1.1645827,0.0,0.0,0.55092776,1.1645827,0.0,0.0,0.0,0.0,0.0,0.90410626,0.0,0.0,0.55092776,0.0,0.0,0.55092776,0.0,0.90410626,0.0,0.0,1.3710405,0.0,0.55092776,1.1645827,0.0,0.0,0.0,0.0,0.0,3.036935,0.0,1.5420814,0.0,0.90410626,0.0,0.0
0.0,0.6216483,0.0,0.6216483,0.6216483,0.0,0.0,0.0,0.0,0.0,0.0,0.0,0.0,1.0020975,0.0,0.0,0.0,3.2242951,0.0,1.0020975,0.0,0.0,0.6216483,0.0,0.0,0.0,0.0,0.0,0.6216483,1.4924498,0.0,0.0,0.0,0.0,0.0,0.0,0.6216483,1.0020975,2.349654,1.6695868,0.0,0.0,0.6216483,0.0,0.0,0.6216483,2.2638388,0.0,0.0,0.0,0.0,0.0,0.0,0.0,0.0,0.6216483,0.0,0.0,0.0,0.0,2.8551993,0.0,0.0,0.6216483,0.0,0.6216483,1.0020975,0.6216483,0.0,0.0,0.0,0.6216483,0.6216483,1.2770329,1.0020975,0.0,0.6216483,0.0,0.0,0.0,0.0,0.6216483,0.0,0.0,1.2770329,0.6216483,0.6216483,0.0,0.0,0.0,0.0,0.6216483,0.0,3.0767531,0.6216483,2.066351,0.0,0.0,0.6216483,0.0
0.0,0.0,0.4408232,1.3270563,2.1043558,0.0,0.7457263,0.0,0.0,0.0,0.4408232,0.0,0.0,0.0,0.0,0.0,1.6922867,3.2337794,0.0,0.97906184,0.0,0.0,0.4408232,0.97906184,0.4408232,0.0,0.0,0.4408232,0.0,0.4408232,0.7457263,0.0,0.4408232,0.0,0.0,0.0,0.0,0.0,2.2310665,1.5847151,0.4408232,0.0,0.4408232,0.0,0.7457263,0.0,2.2310665,0.4408232,0.0,0.0,0.4408232,0.0,0.0,0.0,0.0,0.0,0.0,0.4408232,0.0,0.0,2.8040636,1.8779156,0.0,1.1681209,0.0,0.7457263,0.4408232,0.7457263,0.0,0.0,0.0,0.0,1.1681209,1.1681209,0.4408232,0.0,0.4408232,0.0,0.4408232,0.7457263,0.0,0.4408232,0.4408232,0.0,1.6922867,0.97906184,0.0,0.0,0.0,0.0,0.0,0.4408232,0.4408232,2.9874744,0.0,1.3270563,0.7457263,0.4408232,0.4408232,0.0
0.0,0.0,0.0,0.0,0.0,0.0,0.4435858,0.0,0.0,0.0,0.4435858,0.4435858,0.0,0.4435858,0.4435858,0.0,0.4435858,3.3643346,0.0,1.1734537,0.0,0.0,0.9838951,0.0,0.0,0.0,0.4435858,0.4435858,1.1734537,1.1734537,0.0,0.0,0.4435858,0.0,0.0,0.4435858,0.0,0.0,2.4023516,0.4435858,0.0,0.0,0.4435858,0.0,0.0,0.0,1.9658716,0.0,0.7497968,0.0,0.0,0.0,0.7497968,0.0,0.0,0.4435858,0.0,0.0,0.0,0.4435858,2.8443432,0.0,0.0,0.7497968,0.0,0.0,0.4435858,0.4435858,0.0,0.0,0.0,0.4435858,0.0,0.4435858,0.4435858,0.0,0.9838951,0.4435858,0.0,0.4435858,0.0,0.4435858,0.4435858,0.4435858,2.1111467,0.0,0.4435858,0.7497968,0.4435858,0.4435858,0.0,0.9838951,0.0,2.9664786,0.7497968,1.6985981,0.0,0.4435858,0.0,0.0
0.0,0.60590863,0.0,1.6418246,1.6418246,0.0,0.0,0.60590863,0.0,0.0,0.0,0.0,0.0,0.0,0.0,0.0,1.791343,3.0440464,0.0,0.98051685,0.0,0.0,0.0,0.60590863,0.0,0.0,0.0,0.0,0.0,0.60590863,0.98051685,0.0,0.0,0.0,0.60590863,0.0,0.0,0.0,1.791343,1.6418246,0.0,0.60590863,0.0,0.0,0.0,0.0,2.233146,0.0,0.0,0.0,0.60590863,0.0,0.0,0.0,0.0,0.0,0.0,0.60590863,0.0,0.0,3.0829608,2.233146,0.0,1.252406,0.0,0.0,0.0,0.0,0.0,0.0,0.0,0.0,0.0,0.0,0.60590863,0.0,0.0,0.0,0.0,0.0,0.0,0.0,0.0,0.98051685,2.139625,0.0,0.0,0.0,0.0,0.0,0.0,0.0,0.0,2.7186332,0.0,1.791343,0.60590863,0.0,0.0,0.60590863
0.52122426,1.1158837,0.52122426,0.86212015,0.0,0.0,0.0,0.0,0.0,0.0,0.52122426,0.0,0.52122426,0.0,0.52122426,0.0,0.0,3.437204,0.0,0.0,0.0,0.0,0.52122426,0.0,0.0,0.52122426,0.0,0.52122426,0.52122426,0.0,0.52122426,0.0,0.0,0.0,0.0,0.0,0.0,0.52122426,2.7321475,0.52122426,0.0,0.0,0.0,0.52122426,0.52122426,0.86212015,1.968062,0.0,0.0,0.0,0.0,0.52122426,0.0,0.0,0.0,0.52122426,0.0,0.0,0.0,0.0,2.9331274,0.52122426,0.0,1.4862393,0.52122426,0.0,1.1158837,1.1158837,0.0,0.0,1.1158837,0.52122426,0.52122426,0.86212015,0.52122426,0.0,0.86212015,0.0,0.52122426,1.1158837,0.0,0.52122426,0.52122426,0.0,1.4862393,0.52122426,0.0,0.0,0.0,0.0,0.0,0.0,0.0,2.421374,0.0,1.3181099,0.0,0.0,0.52122426,0.0
0.0,0.0,0.0,0.0,0.0,0.0,0.0,0.0,0.0,0.94141227,0.0,0.0,0.0,0.0,0.0,0.5776239,0.94141227,3.1307173,0.0,0.94141227,0.0,0.0,0.0,0.0,0.0,0.5776239,0.0,0.0,0.5776239,0.94141227,0.5776239,0.0,0.0,0.0,0.0,0.5776239,0.0,0.0,2.2617419,0.0,0.0,0.0,0.0,0.0,0.0,0.0,2.1767948,0.5776239,0.5776239,0.0,0.0,0.0,0.0,0.0,0.0,0.0,0.0,0.0,0.0,0.0,2.8574922,0.94141227,0.0,1.207586,0.0,0.94141227,0.5776239,1.207586,0.0,0.0,0.0,1.207586,0.5776239,0.0,0.5776239,0.0,0.0,0.0,0.0,0.0,0.0,0.5776239,0.94141227,1.207586,0.94141227,0.0,0.0,0.5776239,0.5776239,0.5776239,0.5776239,0.94141227,0.0,2.6596017,0.0,1.207586,0.0,0.0,0.0,0.5776239
0.7548388,0.4470128,0.0,0.9898768,0.7548388,0.0,0.4470128,0.0,0.0,0.0,0.0,0.0,0.0,0.4470128,0.0,0.0,0.4470128,3.3138518,0.0,0.4470128,0.0,0.0,0.0,0.9898768,0.0,0.0,0.0,0.0,1.1800501,0.4470128,0.7548388,0.0,0.0,0.0,0.0,0.0,0.0,0.4470128,2.4110284,0.9898768,0.0,0.0,0.0,0.4470128,0.4470128,0.0,2.3043983,0.0,0.0,0.0,0.4470128,0.0,0.0,0.0,0.0,0.0,0.0,0.0,0.0,0.0,2.7861295,1.1800501,0.0,0.7548388,0.0,0.4470128,0.0,0.0,0.4470128,0.0,0.0,0.7548388,0.4470128,1.3397716,0.0,0.0,0.4470128,0.4470128,0.0,0.4470128,0.0,0.7548388,0.0,0.0,1.477461,0.7548388,0.0,1.1800501,0.0,0.0,0.0,1.1800501,0.0,3.1825855,0.0,1.7063967,1.1800501,0.0,0.4470128,0.0
0.6965646,0.0,0.6965646,0.0,0.0,0.6965646,0.6965646,0.0,0.0,0.0,0.0,0.0,0.0,0.0,0.0,0.0,0.6965646,3.407794,0.0,0.0,0.0,0.0,0.0,0.6965646,0.0,0.0,0.0,0.0,0.0,2.308728,0.0,0.0,0.6965646,0.0,0.0,0.0,0.6965646,0.0,1.3914162,1.3914162,0.0,0.6965646,0.6965646,0.0,0.0,0.0,1.9517615,0.0,0.0,0.6965646,0.0,0.0,0.0,0.0,0.0,0.0,0.0,0.0,0.0,0.6965646,2.491163,0.6965646,0.0,1.1031663,0.0,0.6965646,1.1031663,0.0,0.0,0.0,0.0,0.6965646,0.6965646,0.6965646,0.0,0.0,1.1031663,0.0,0.0,0.0,0.0,0.6965646,0.0,0.0,2.0854144,0.0,0.0,0.6965646,0.0,0.0,0.6965646,0.0,0.0,3.2254272,0.0,1.3914162,0.6965646,0.0,0.0,0.6965646
0.0,0.42491782,0.0,0.0,1.4295427,0.0,0.42491782,0.0,0.0,0.0,0.0,0.42491782,0.0,1.4295427,0.0,0.0,0.72218615,4.5109587,0.0,1.1371465,0.0,0.0,0.0,0.42491782,0.0,0.42491782,0.0,0.0,0.42491782,1.8396996,1.1371465,0.0,0.0,0.0,0.72218615,0.0,0.0,0.0,2.1297195,1.4295427,0.0,0.42491782,0.42491782,0.42491782,0.0,0.72218615,2.0647137,0.0,0.42491782,0.0,0.0,0.42491782,0.0,0.0,0.72218615,0.42491782,0.42491782,0.72218615,0.0,0.0,2.302675,0.0,0.0,1.548892,0.0,1.1371465,1.4295427,0.95103765,0.0,0.0,0.0,0.0,1.1371465,0.72218615,0.42491782,0.72218615,0.95103765,0.42491782,0.0,0.0,0.42491782,0.95103765,0.95103765,0.42491782,1.655504,0.0,0.0,0.95103765,0.95103765,0.42491782,0.42491782,0.95103765,0.0,3.19033,0.42491782,3.8626835,2.9987643,0.42491782,0.0,0.42491782
0.0,1.0893652,0.50528765,0.83937705,0.50528765,0.0,0.83937705,0.0,0.0,0.0,0.0,0.50528765,0.0,0.0,0.0,0.50528765,1.0893652,3.8077722,0.0,1.0893652,0.0,0.0,0.50528765,0.83937705,0.0,0.83937705,0.0,0.0,1.0893652,2.4995372,1.289191,0.0,1.289191,0.0,0.0,0.0,0.0,0.50528765,2.0248034,0.50528765,0.0,0.83937705,0.50528765,0.0,0.0,0.0,1.9340053,0.0,0.0,0.50528765,0.0,0.50528765,0.0,0.50528765,0.0,0.83937705,0.0,0.50528765,0.0,0.50528765,2.4995372,0.0,0.50528765,1.0893652,0.0,0.83937705,0.50528765,0.83937705,0.0,0.83937705,0.0,0.50528765,1.0893652,0.0,0.50528765,0.50528765,0.0,0.0,0.0,0.50528765,0.0,0.50528765,0.50528765,0.0,1.7231658,0.50528765,0.0,0.0,0.0,0.0,0.0,1.289191,0.50528765,3.092804,0.0,1.7231658,0.50528765,0.83937705,0.83937705,0.0
0.0,0.7176414,0.7176414,0.7176414,0.0,0.0,0.42186105,0.42186105,0.42186105,0.42186105,0.0,0.0,0.0,0.7176414,0.94561255,0.42186105,0.42186105,5.2819295,0.0,0.94561255,0.0,0.42186105,0.7176414,1.2875737,0.0,0.0,0.0,0.42186105,0.0,1.5419246,0.94561255,0.0,0.0,0.0,0.0,0.7176414,0.42186105,0.42186105,1.7445228,0.94561255,0.0,0.0,0.94561255,0.42186105,0.0,0.42186105,1.98754,0.0,0.42186105,0.42186105,0.94561255,0.0,0.0,0.42186105,0.42186105,0.42186105,0.0,0.42186105,0.0,0.42186105,2.529364,0.7176414,0.94561255,1.2875737,0.0,0.94561255,1.5419246,0.42186105,0.0,0.0,0.0,0.42186105,0.7176414,0.94561255,0.0,0.94561255,0.7176414,0.7176414,0.0,0.0,0.0,0.0,0.7176414,0.0,1.4228142,0.42186105,0.0,0.7176414,0.7176414,1.6483457,0.0,0.94561255,0.0,3.528188,0.42186105,2.9636161,1.1311398,0.0,0.94561255,0.0
0.0,0.45717758,0.0,0.0,0.0,0.0,0.7697464,0.0,0.0,0.0,0.0,0.0,0.0,0.0,0.0,0.0,0.7697464,4.026474,0.0,1.3604755,0.45717758,0.0,0.45717758,0.0,0.45717758,0.45717758,0.0,0.0,0.45717758,1.199494,1.199494,0.45717758,0.0,0.45717758,0.0,0.0,0.0,0.0,1.4990997,1.199494,0.0,0.0,0.0,0.0,0.0,0.0,1.7293298,0.7697464,0.45717758,0.0,0.0,0.45717758,0.45717758,0.0,0.0,0.0,0.0,0.0,0.0,0.45717758,2.436501,0.45717758,0.0,1.4990997,0.0,1.0075301,0.7697464,0.0,0.0,0.0,0.45717758,0.0,0.0,1.0075301,0.45717758,0.0,0.45717758,0.0,0.0,0.0,0.45717758,0.0,0.7697464,1.0075301,1.916348,0.0,0.7697464,0.7697464,0.0,0.7697464,0.0,1.199494,0.45717758,3.0304582,0.0,1.6208259,1.199494,0.0,0.0,0.0
0.0,0.4974845,0.4974845,0.4974845,0.0,0.0,0.4974845,0.0,0.0,0.0,0.4974845,0.0,0.0,0.0,0.0,0.0,0.0,5.119797,0.0,1.440521,0.0,0.0,0.4974845,0.0,0.4974845,0.0,0.0,0.0,0.4974845,1.2748924,0.8281841,0.0,0.0,0.4974845,0.4974845,0.4974845,0.0,0.0,1.7069373,1.0762771,0.0,0.0,0.0,0.4974845,0.4974845,0.8281841,1.2748924,0.0,0.0,0.0,0.0,0.0,0.0,0.0,0.0,0.4974845,0.4974845,1.7069373,0.0,0.4974845,2.304993,0.0,0.0,1.2748924,0.0,0.8281841,1.440521,1.440521,0.4974845,0.0,0.0,0.0,0.0,0.8281841,0.0,0.8281841,0.8281841,0.0,0.0,0.0,0.0,0.4974845,0.0,0.0,2.0906744,0.4974845,0.0,0.4974845,0.4974845,0.8281841,0.4974845,0.8281841,0.8281841,3.311555,0.4974845,2.1673322,0.0,0.0,0.4974845,0.4974845
0.0,0.0,0.0,0.9932182,0.0,0.0,0.44893092,0.0,0.0,0.0,0.0,0.0,0.0,0.0,0.9932182,0.44893092,0.0,4.139372,0.0,0.44893092,0.0,0.0,0.75765735,0.0,0.0,0.0,0.0,0.0,0.0,1.4815633,0.44893092,0.0,0.0,0.0,0.75765735,0.0,0.0,0.44893092,1.8082442,1.3436954,0.0,0.0,0.0,0.0,0.0,0.0,2.0540771,0.0,0.0,0.0,0.0,0.0,0.0,0.0,0.0,0.0,0.0,1.6027063,0.0,0.44893092,2.641386,0.0,0.0,1.3436954,0.0,0.75765735,0.75765735,1.1837331,0.0,0.0,0.44893092,0.75765735,0.44893092,0.0,0.75765735,0.75765735,0.44893092,0.75765735,0.0,0.0,0.0,0.44893092,0.44893092,0.0,1.8970747,0.0,0.0,1.4815633,0.44893092,1.6027063,0.44893092,0.9932182,0.0,3.0894752,0.44893092,1.8970747,0.75765735,0.44893092,0.0,0.0
0.0,0.88852346,0.539861,0.0,0.0,0.0,0.0,0.0,0.0,0.0,0.0,0.0,0.0,0.0,0.539861,0.0,0.539861,4.7179995,0.0,1.5214461,0.0,0.0,0.88852346,0.539861,0.0,0.0,0.0,0.0,1.1465466,1.7934878,0.0,0.0,1.1465466,0.0,0.539861,0.539861,0.539861,0.539861,2.183064,1.1465466,0.539861,0.0,0.539861,0.539861,0.0,0.0,1.9060025,0.0,0.0,0.0,0.539861,0.0,0.539861,0.0,0.0,0.0,0.539861,0.539861,0.539861,0.539861,2.630725,0.0,0.0,1.1465466,0.0,0.0,0.88852346,0.539861,0.0,0.0,1.1465466,0.0,0.0,0.88852346,0.539861,0.0,0.0,0.0,0.0,0.0,0.0,0.0,0.0,0.0,0.539861,0.0,0.0,0.88852346,0.0,0.539861,0.0,0.539861,0.0,2.630725,0.539861,2.4627059,1.9060025,0.0,0.539861,0.539861
0.5803124,0.0,0.0,0.0,0.9451475,0.0,0.9451475,0.0,0.0,0.0,0.0,0.0,0.0,0.5803124,0.9451475,0.0,0.5803124,4.55799,0.5803124,0.9451475,0.0,0.0,1.422237,0.5803124,0.0,0.5803124,0.0,0.0,0.5803124,1.422237,1.2118782,0.0,0.0,0.5803124,0.5803124,0.5803124,0.0,0.0,2.2672231,0.0,0.5803124,0.0,0.0,0.0,0.0,0.0,1.5959437,0.0,0.0,0.0,0.9451475,0.0,0.5803124,0.0,0.5803124,0.0,0.0,0.9451475,0.9451475,0.5803124,1.9868836,0.9451475,0.5803124,1.2118782,0.5803124,0.0,1.2118782,0.0,0.0,0.0,0.0,0.0,0.5803124,0.5803124,0.0,0.5803124,0.9451475,0.0,0.0,0.0,0.0,1.2118782,0.0,0.0,1.5959437,0.0,0.0,1.2118782,0.5803124,1.5959437,0.9451475,0.0,0.0,2.718577,0.0,2.0893135,0.9451475,0.0,0.0,0.0
0.0,0.0,0.8372169,0.0,1.8309348,0.0,0.0,0.8372169,0.0,0.0,0.0,0.0,0.0,0.0,0.0,0.0,0.0,5.6207094,0.0,0.0,0.8372169,0.0,0.8372169,0.0,0.0,0.0,0.0,0.0,0.0,2.1814988,0.8372169,0.0,0.8372169,0.0,0.0,0.0,0.0,0.0,2.5486138,0.8372169,0.0,0.0,0.8372169,0.0,0.0,0.0,1.8309348,0.0,1.2864349,0.0,0.0,0.8372169,0.0,0.0,0.0,0.0,0.0,0.8372169,0.0,0.8372169,2.5486138,0.0,0.8372169,2.0215008,0.0,0.0,0.8372169,0.0,0.0,0.0,0.0,0.0,0.0,0.0,0.8372169,0.0,0.0,0.0,0.0,0.0,0.8372169,0.0,0.0,0.0,2.0215008,0.8372169,0.0,1.2864349,0.0,1.8309348,0.0,0.8372169,1.5952959,2.8919861,0.0,3.089171,1.2864349,0.0,0.0,0.8372169
0.0,0.0,1.223211,0.0,0.78802127,0.78802127,1.5254304,0.0,0.0,0.0,0.0,0.0,1.5254304,0.0,0.0,0.0,0.0,5.2493815,0.0,0.78802127,0.0,0.0,0.0,0.78802127,0.0,1.5254304,0.0,0.0,0.0,2.7336197,0.78802127,0.0,1.5254304,0.0,0.78802127,0.0,0.0,0.0,1.5254304,1.223211,0.0,0.0,1.5254304,0.0,0.78802127,0.0,1.9452248,0.0,0.78802127,0.0,0.0,0.0,0.0,0.0,1.223211,0.78802127,0.78802127,0.0,0.78802127,0.78802127,2.8086512,0.0,0.78802127,0.0,0.0,0.0,0.78802127,0.0,0.0,0.0,0.0,0.0,0.78802127,0.78802127,0.0,0.78802127,1.223211,0.0,0.0,1.7571962,0.0,0.78802127,0.78802127,0.0,1.5254304,0.0,0.0,0.78802127,0.0,0.78802127,0.0,1.223211,1.9452248,2.8086512,0.0,2.9436815,1.7571962,0.0,0.0,0.0
0.0,0.0,0.8798907,0.0,0.0,0.0,0.0,0.0,0.0,0.0,0.0,0.0,0.0,0.0,0.0,0.0,0.0,5.9112735,0.0,0.0,0.0,0.0,0.0,0.0,0.0,1.3405834,0.0,0.8798907,0.8798907,3.0982683,0.8798907,0.0,0.8798907,0.0,1.6547762,0.0,0.0,0.0,2.2474759,1.3405834,0.0,0.0,1.3405834,0.0,0.0,0.0,2.715116,0.8798907,0.0,0.0,0.0,0.8798907,0.0,0.0,0.0,0.8798907,0.0,0.0,0.0,1.3405834,2.5083864,0.0,1.3405834,2.0860672,0.0,0.0,2.6170838,0.0,0.0,0.0,0.0,0.0,0.0,0.0,0.0,1.3405834,0.8798907,0.8798907,0.0,0.8798907,0.8798907,1.6547762,0.8798907,0.0,2.0860672,0.0,0.0,0.0,0.0,2.2474759,0.0,1.8934951,0.0,3.831688,0.0,4.3460674,0.0,0.0,0.8798907,0.0
0.0,0.660387,0.660387,0.0,1.0546892,1.0546892,1.5564938,0.0,0.0,0.660387,0.0,0.0,1.3367426,1.5564938,0.0,0.0,1.5564938,4.5491724,0.0,0.0,0.660387,0.0,1.3367426,0.660387,0.0,1.0546892,0.0,0.660387,0.0,2.646003,0.0,0.0,1.0546892,0.0,1.0546892,0.0,0.0,0.0,2.1382208,1.0546892,0.660387,1.3367426,0.660387,0.0,1.0546892,0.0,2.2428215,0.0,0.660387,0.0,0.0,0.660387,0.0,0.0,0.660387,1.0546892,0.0,0.0,0.0,0.0,2.770628,1.8890748,1.0546892,1.5564938,0.0,1.0546892,0.660387,0.0,0.0,0.0,0.0,0.0,1.0546892,0.660387,0.0,1.8890748,1.0546892,0.0,0.0,0.660387,1.0546892,0.0,1.0546892,0.0,1.5564938,0.660387,0.660387,1.3367426,0.0,0.660387,0.0,0.0,0.660387,2.9325414,0.0,2.5773365,0.660387,0.0,0.0,0.0
0.6606131,2.1386337,0.0,0.6606131,0.0,0.0,1.0549941,0.0,0.0,0.0,0.0,0.0,0.6606131,0.0,0.0,0.6606131,0.0,6.2384114,0.0,0.0,0.0,0.0,0.6606131,0.0,0.0,0.0,1.3370876,0.0,0.0,2.4244282,0.0,0.0,0.6606131,0.0,1.889472,0.6606131,1.0549941,0.0,2.2432396,0.0,0.0,0.6606131,0.6606131,0.0,0.0,0.6606131,1.556863,0.6606131,1.556863,0.0,0.6606131,0.0,0.0,0.0,1.0549941,1.3370876,0.0,0.0,0.0,0.6606131,2.7106924,0.0,0.0,1.556863,0.6606131,1.0549941,1.0549941,0.0,0.6606131,0.0,0.0,0.6606131,0.0,0.0,0.0,1.0549941,0.0,0.0,0.0,1.0549941,0.6606131,0.6606131,1.0549941,0.0,1.556863,0.0,1.0549941,2.1386337,0.0,1.3370876,0.0,1.3370876,0.6606131,3.6966274,0.6606131,3.8064628,1.889472,0.0,0.6606131,0.0
0.0,1.2427645,1.2427645,0.0,0.0,0.0,1.2427645,0.8031622,0.0,0.0,0.0,0.0,0.8031622,0.0,0.0,0.0,0.8031622,5.511483,0.0,0.8031622,0.0,0.0,0.8031622,1.2427645,0.0,0.8031622,0.0,1.2427645,0.8031622,2.4926522,0.0,0.0,1.2427645,0.0,2.1277003,0.0,0.0,0.0,1.2427645,0.0,0.0,0.0,1.2427645,0.0,0.0,0.0,1.2427645,0.8031622,0.0,0.0,0.8031622,0.0,0.0,0.0,0.0,0.8031622,0.0,0.0,0.0,0.8031622,2.9045079,1.2427645,1.2427645,1.2427645,0.0,0.0,1.9689217,1.2427645,0.8031622,0.0,0.0,0.0,0.0,0.0,0.0,1.2427645,0.8031622,0.0,0.8031622,1.2427645,0.8031622,0.0,1.5470877,0.0,1.5470877,0.0,0.0,1.5470877,1.2427645,2.3851523,0.0,0.8031622,1.5470877,3.9180763,0.8031622,3.1435752,0.8031622,0.8031622,0.8031622,0.0
0.0,1.6624353,0.72659826,0.0,0.0,0.0,0.0,0.0,0.0,0.0,0.0,0.72659826,0.0,0.0,0.72659826,0.0,0.0,5.07603,0.0,0.0,0.0,0.0,1.1429696,0.72659826,0.0,0.72659826,0.72659826,0.0,0.0,2.5454035,0.72659826,0.0,1.4360605,0.0,1.6624353,0.72659826,0.72659826,0.0,2.457907,0.0,0.72659826,0.0,0.72659826,0.0,0.0,0.0,1.4360605,0.0,0.72659826,0.0,0.0,0.72659826,0.0,0.0,0.72659826,0.72659826,0.72659826,0.0,0.0,1.6624353,2.5454035,0.72659826,0.0,1.8469055,0.0,0.72659826,0.72659826,0.72659826,0.0,0.72659826,0.72659826,0.0,0.0,0.72659826,0.0,1.1429696,0.0,0.0,0.0,0.72659826,0.0,0.72659826,0.0,0.0,1.4360605,0.0,0.0,1.4360605,0.0,1.1429696,1.4360605,1.4360605,1.1429696,3.9765675,1.1429696,1.6624353,0.0,0.0,1.1429696,0.0
0.8615672,0.37543356,0.0,0.0,0.0,0.0,0.6477547,0.37543356,0.37543356,0.0,0.0,0.0,0.0,0.37543356,0.0,0.6477547,0.37543356,4.0195255,0.0,0.6477547,0.37543356,0.0,0.0,0.6477547,0.0,0.37543356,0.0,0.37543356,0.6477547,1.7937319,1.0376194,0.37543356,0.0,0.0,0.37543356,0.0,0.8615672,0.37543356,1.9985993,0.37543356,0.0,0.37543356,0.37543356,0.0,0.6477547,0.37543356,1.5357869,0.0,0.37543356,0.0,0.8615672,0.0,0.0,0.6477547,0.0,0.37543356,0.0,0.6477547,0.0,0.37543356,2.4000468,0.0,0.0,2.267665,0.37543356,0.8615672,0.37543356,0.0,0.0,0.0,0.0,0.0,0.0,1.0376194,0.0,0.6477547,0.37543356,0.0,0.0,0.37543356,0.6477547,0.0,0.0,0.0,1.9348624,0.0,0.8615672,1.1872677,0.37543356,0.6477547,0.37543356,0.8615672,0.0,3.168892,0.0,1.0376194,0.8615672,0.0,0.6477547,0.0
0.85928446,0.0,0.0,0.0,0.0,0.0,0.85928446,0.0,0.0,0.0,0.0,0.0,0.0,0.85928446,0.0,1.3145139,0.0,4.431408,0.0,0.85928446,0.0,0.0,0.85928446,0.85928446,0.0,0.0,0.0,0.85928446,0.0,0.85928446,0.0,0.0,0.85928446,0.0,0.0,0.0,0.0,0.0,2.3542562,0.85928446,0.0,0.85928446,0.85928446,0.0,0.85928446,0.0,2.2158089,0.0,0.0,0.0,0.0,0.0,0.0,0.0,0.0,0.0,0.0,0.85928446,0.0,0.0,2.475846,1.3145139,0.85928446,1.8634413,0.0,1.6261792,0.85928446,0.0,0.0,0.0,0.0,0.0,0.85928446,0.0,0.0,0.0,0.85928446,0.0,0.0,0.0,0.85928446,0.0,0.0,0.0,1.6261792,1.8634413,0.0,0.85928446,1.8634413,0.0,0.0,0.85928446,0.85928446,3.4324489,0.85928446,2.0550659,0.0,0.0,0.0,0.85928446
0.0,0.64337575,0.37256092,0.0,0.0,0.0,0.37256092,0.0,0.0,0.0,0.0,0.0,0.0,0.37256092,0.37256092,0.0,0.64337575,4.4736686,0.0,0.8562607,0.0,0.0,0.64337575,0.64337575,0.0,0.37256092,0.37256092,0.0,0.0,1.5285695,0.8562607,0.0,0.8562607,0.0,0.64337575,0.0,0.64337575,0.0,2.160399,0.64337575,0.0,0.37256092,0.37256092,0.0,0.0,0.0,1.7860625,0.0,0.37256092,0.37256092,0.0,0.0,0.0,0.0,0.37256092,0.37256092,0.0,0.64337575,0.37256092,0.0,2.471038,0.0,0.64337575,1.5285695,0.0,0.64337575,0.37256092,0.8562607,0.0,0.0,0.37256092,0.37256092,0.0,0.0,0.0,0.0,0.0,0.37256092,0.0,0.0,0.0,0.8562607,0.64337575,0.37256092,1.6219635,0.37256092,0.37256092,1.0316843,0.0,0.37256092,0.64337575,0.8562607,0.0,3.4419215,0.0,2.6130443,0.64337575,0.0,0.37256092,0.37256092
0.0,0.5786205,0.0,0.9427973,1.4193193,0.5786205,0.5786205,0.5786205,0.0,0.0,0.0,0.5786205,0.0,1.2091779,0.0,0.0,0.0,3.9193025,0.0,0.0,0.0,0.0,0.9427973,0.0,0.0,0.0,0.0,0.0,0.5786205,1.869497,0.9427973,0.0,1.4193193,0.0,0.0,0.5786205,0.0,0.0,1.869497,0.9427973,0.0,0.0,0.5786205,0.0,0.0,0.0,1.869497,0.0,0.0,0.0,0.9427973,0.5786205,0.0,0.0,0.0,0.5786205,0.0,0.0,0.0,0.5786205,2.813702,0.9427973,0.0,1.4193193,0.0,0.5786205,0.9427973,0.0,0.0,0.0,0.5786205,0.0,0.9427973,0.9427973,0.0,0.9427973,0.5786205,0.0,0.0,0.0,0.5786205,0.0,0.5786205,0.0,0.5786205,0.0,0.9427973,1.2091779,0.5786205,0.0,0.0,0.5786205,0.0,3.3193216,0.5786205,2.0859437,1.2091779,0.5786205,0.0,0.0
0.0,0.4294758,0.0,0.0,0.72895044,0.4294758,0.4294758,0.4294758,0.0,0.4294758,0.0,0.0,0.0,0.0,0.0,0.4294758,0.0,3.853013,0.0,0.72895044,0.4294758,0.0,0.4294758,0.4294758,0.0,0.0,0.4294758,0.0,0.72895044,1.4395298,0.4294758,0.0,0.0,0.0,0.0,0.0,0.4294758,0.0,2.5067897,1.6661236,0.0,0.0,0.4294758,0.0,0.0,0.0,2.2600148,0.0,0.0,0.4294758,0.0,0.4294758,0.0,0.0,0.4294758,0.0,0.4294758,0.4294758,0.4294758,0.4294758,2.6300776,0.4294758,0.0,0.95910335,0.4294758,1.1460707,0.4294758,0.95910335,0.0,0.0,0.0,0.72895044,0.0,1.1460707,0.0,0.4294758,0.0,0.72895044,0.0,0.0,0.95910335,0.0,0.72895044,0.0,1.8507386,0.72895044,0.0,0.0,0.72895044,0.4294758,0.0,0.0,0.0,2.6680124,0.0,2.6300776,0.95910335,0.4294758,0.0,0.0
0.0,0.4442469,0.4442469,0.0,0.4442469,0.4442469,0.4442469,0.0,0.0,0.4442469,0.0,0.4442469,0.0,0.0,0.0,0.0,0.75077003,3.4040067,0.0,1.1747278,0.0,0.0,0.0,0.0,0.0,0.0,0.4442469,0.0,0.0,0.9850502,0.4442469,0.0,0.4442469,0.0,0.0,0.0,0.4442469,0.0,2.404029,0.4442469,0.0,0.0,0.0,0.0,0.0,0.0,2.0427496,0.0,0.4442469,0.4442469,0.0,0.0,0.0,0.0,0.4442469,0.0,0.0,0.4442469,0.0,0.4442469,2.500313,0.4442469,0.0,1.3340999,0.4442469,0.4442469,0.9850502,0.4442469,0.0,0.0,0.0,0.4442469,0.0,1.4715295,0.0,0.0,0.4442469,0.0,0.0,0.4442469,0.0,0.75077003,0.0,0.0,1.7973834,0.0,0.0,0.75077003,0.0,0.4442469,0.0,0.0,0.0,3.102521,0.0,1.7001052,0.75077003,0.0,0.0,0.0
0.8294446,0.0,0.0,0.0,0.0,0.0,0.35815108,0.0,0.0,0.0,0.0,0.0,0.0,0.35815108,0.0,0.0,0.0,3.1886976,0.0,0.35815108,0.0,0.0,0.35815108,0.0,0.0,0.0,0.0,0.0,0.35815108,1.3899807,0.35815108,0.0,0.35815108,0.0,0.35815108,0.0,0.35815108,0.8294446,2.1693132,0.6213093,0.0,0.0,0.0,0.0,0.35815108,0.0,2.0095859,0.0,0.0,0.0,0.35815108,0.0,0.0,0.0,0.0,0.35815108,0.35815108,0.35815108,0.35815108,0.6213093,2.8293958,0.8294446,0.0,0.8294446,0.35815108,0.0,0.6213093,0.0,0.0,0.0,0.0,0.8294446,0.35815108,0.8294446,0.35815108,0.35815108,0.35815108,0.0,0.0,0.6213093,0.6213093,0.8294446,0.0,0.35815108,2.0657113,0.35815108,0.35815108,0.8294446,0.6213093,0.35815108,0.0,0.6213093,0.0,3.1339612,0.0,2.1693132,0.0,0.35815108,0.0,0.0
0.0,0.66468906,0.0,0.0,0.0,0.0,0.3865833,0.3865833,0.0,0.0,0.0,0.0,0.0,0.3865833,0.3865833,0.3865833,0.0,3.2026305,0.0,0.88204247,0.0,0.0,0.66468906,0.0,0.0,0.0,0.0,0.0,0.3865833,0.0,0.3865833,0.0,0.3865833,0.0,0.0,0.0,0.0,0.88204247,2.4727235,0.0,0.0,0.0,0.0,0.3865833,0.0,0.3865833,2.089286,0.0,0.0,0.0,0.0,0.0,0.0,0.0,0.0,0.3865833,0.0,0.0,0.0,0.3865833,2.9409504,0.88204247,0.0,1.2118561,0.0,1.3432976,0.66468906,0.0,0.0,0.0,0.0,0.3865833,0.3865833,1.0604852,0.3865833,0.0,0.88204247,0.0,0.0,0.66468906,0.0,0.0,0.0,0.0,1.7438692,0.0,0.0,0.0,0.66468906,0.3865833,0.3865833,0.88204247,0.0,3.2585955,0.0,1.7438692,0.3865833,0.0,0.3865833,0.0
0.0,0.3371938,0.58890885,0.0,0.3371938,0.0,0.0,0.3371938,0.0,0.0,0.0,0.0,0.3371938,0.3371938,0.0,0.0,0.3371938,3.5915127,0.0,0.58890885,0.0,0.0,0.58890885,0.0,0.0,0.0,0.0,0.0,0.3371938,0.78983444,0.58890885,0.0,0.0,0.0,0.0,0.0,0.0,0.3371938,2.10635,1.2255572,0.0,0.0,0.3371938,0.0,0.3371938,0.58890885,1.9480733,0.3371938,0.3371938,0.0,0.0,0.0,0.3371938,0.3371938,0.58890885,0.0,0.0,0.58890885,0.3371938,0.0,2.5037525,0.78983444,0.0,1.4370075,0.3371938,0.3371938,0.3371938,0.3371938,0.3371938,0.0,0.58890885,0.3371938,0.0,0.58890885,0.0,0.3371938,0.78983444,0.0,0.3371938,0.78983444,0.0,0.9570649,0.3371938,0.0,1.4370075,0.58890885,0.58890885,0.58890885,0.3371938,0.3371938,0.0,1.1002951,0.0,2.8355882,0.0,1.3368609,0.78983444,0.0,0.0,0.3371938
0.0,0.0,0.0,0.0,0.38191986,0.0,0.8735018,0.38191986,0.0,0.0,0.0,0.0,0.0,0.6576181,0.38191986,0.38191986,0.0,3.16925,0.0,0.6576181,0.0,0.0,0.6576181,0.38191986,0.0,0.0,0.38191986,0.0,0.6576181,1.050954,0.0,0.0,0.38191986,0.0,0.38191986,0.38191986,0.0,0.8735018,2.4983387,0.0,0.0,0.0,0.0,0.0,0.0,0.38191986,2.237695,0.0,0.0,0.0,0.0,0.0,0.0,0.38191986,0.0,0.6576181,0.0,0.0,0.0,0.6576181,2.951712,0.0,0.0,1.050954,0.0,1.3325158,0.6576181,0.38191986,0.0,0.0,0.0,0.38191986,0.0,0.38191986,0.0,0.38191986,0.6576181,0.0,0.0,0.0,0.38191986,0.0,0.6576181,0.0,1.9524927,0.38191986,0.0,0.6576181,0.0,0.0,0.0,0.6576181,0.0,3.149506,0.0,1.201612,0.0,0.0,0.0,0.38191986
0.0,0.43421078,0.0,0.43421078,0.0,0.43421078,0.0,0.0,0.0,0.0,0.0,0.43421078,0.0,0.0,0.0,0.0,0.0,3.2995234,0.0,0.0,0.0,0.43421078,0.9674524,0.0,0.0,0.0,0.43421078,0.0,0.0,1.5699087,0.7359616,0.0,0.0,0.0,0.0,0.0,0.0,0.0,2.2721164,0.7359616,0.43421078,0.7359616,0.43421078,0.0,0.43421078,0.0,2.2721164,0.0,0.43421078,0.0,0.0,0.0,0.0,0.0,0.0,0.43421078,0.0,0.0,0.43421078,0.43421078,2.6805835,0.0,0.0,0.9674524,0.0,0.43421078,0.9674524,0.0,0.43421078,0.0,0.7359616,0.0,0.0,0.43421078,0.0,0.0,0.43421078,0.0,0.0,0.0,0.0,0.0,0.43421078,0.43421078,1.9432188,0.7359616,0.0,0.9674524,0.0,0.7359616,0.0,0.43421078,0.43421078,2.941464,0.0,0.9674524,0.0,0.7359616,0.43421078,0.0
0.0,0.4218791,0.0,0.0,0.4218791,0.0,0.0,0.0,0.0,0.7176683,0.0,0.0,0.0,0.4218791,0.0,0.0,0.9456447,3.1143057,0.0,0.0,0.0,0.0,0.4218791,0.0,0.0,0.4218791,0.0,0.0,0.7176683,1.4228541,0.4218791,0.0,0.4218791,0.0,0.0,0.0,0.0,0.7176683,2.4866807,0.7176683,0.0,0.0,0.4218791,0.0,0.0,0.7176683,2.1829412,0.0,0.4218791,0.0,0.4218791,0.0,0.0,0.0,0.0,0.4218791,0.0,0.0,0.0,0.4218791,2.9361959,0.4218791,0.0,0.7176683,0.9456447,0.4218791,0.4218791,0.0,0.0,0.0,0.4218791,0.0,0.0,0.9456447,0.0,0.0,0.9456447,0.0,0.4218791,0.0,0.0,0.0,0.0,0.0,1.8323002,0.0,0.4218791,0.9456447,0.0,0.0,0.0,0.4218791,0.0,2.848945,0.4218791,1.5419658,0.4218791,0.7176683,0.4218791,0.0
0.0,0.89284396,0.0,0.5429244,0.0,0.0,0.5429244,0.0,0.0,0.0,0.0,0.0,0.0,0.0,0.0,0.0,1.7996,3.3958933,0.5429244,0.5429244,0.0,0.0,0.0,0.89284396,0.0,0.0,0.0,0.5429244,0.5429244,1.527178,0.0,0.0,0.5429244,0.0,0.0,0.0,0.0,0.0,2.4694111,0.89284396,0.0,0.0,0.5429244,0.0,0.0,0.5429244,2.1895685,0.0,0.5429244,0.5429244,0.0,0.0,0.0,0.0,0.5429244,0.0,0.0,0.5429244,0.0,0.0,2.4694111,0.89284396,0.0,0.5429244,0.0,0.5429244,0.0,0.0,0.0,0.0,0.0,0.89284396,0.89284396,0.89284396,0.5429244,0.5429244,0.5429244,0.0,0.0,0.0,0.0,0.89284396,0.5429244,0.0,1.7996,0.0,0.0,0.89284396,0.5429244,0.0,0.0,0.0,0.0,3.0869405,0.0,1.527178,0.0,0.0,0.0,0.0
0.0,0.0,0.49297902,0.0,0.0,0.0,0.0,0.0,0.0,0.0,0.0,0.0,0.0,0.0,0.0,0.0,0.0,3.4726532,0.0,0.82170415,0.49297902,0.0,0.49297902,1.0686885,0.0,0.0,0.0,0.0,0.0,1.5734204,0.82170415,0.0,0.49297902,0.49297902,0.0,0.0,0.0,0.49297902,2.4154654,0.49297902,0.0,0.0,0.0,0.0,0.0,0.0,2.1571238,0.0,0.82170415,0.49297902,0.0,0.0,0.0,0.0,0.0,0.0,0.0,0.0,0.0,0.49297902,3.0326798,0.49297902,0.0,1.0686885,0.0,0.82170415,0.49297902,1.2665939,0.0,0.0,0.0,0.49297902,0.0,1.2665939,0.82170415,0.49297902,1.2665939,0.49297902,0.0,0.0,0.0,0.0,0.0,0.0,1.0686885,0.0,0.0,0.82170415,0.0,0.0,0.0,0.0,0.0,3.1207924,0.0,1.6975043,0.0,0.0,0.0,0.0
0.0,0.0,0.8046281,0.0,0.0,0.0,0.0,0.48114902,0.0,0.0,0.48114902,0.0,0.0,0.0,0.0,0.0,0.8046281,3.5189927,0.0,0.0,0.0,0.0,0.0,0.48114902,0.0,0.0,0.0,0.0,0.0,1.7822913,0.8046281,0.0,0.48114902,0.0,0.0,0.0,0.0,1.0486505,1.9712052,0.8046281,0.0,0.0,0.0,0.0,0.0,0.0,2.6373832,0.0,0.48114902,0.48114902,0.0,0.0,0.0,0.0,0.0,0.0,0.0,0.48114902,0.0,0.0,2.8371024,0.48114902,0.0,0.8046281,0.0,0.8046281,0.0,0.48114902,0.0,0.0,0.0,0.0,1.2446529,0.0,0.0,0.48114902,1.0486505,0.48114902,0.48114902,0.48114902,0.0,0.0,0.0,0.0,1.9712052,0.0,0.0,1.0486505,0.0,0.0,0.0,1.2446529,0.0,3.1461143,0.0,1.4084623,0.0,0.0,0.0,0.0
0.0,0.0,0.0,0.0,0.0,0.0,0.48359245,0.0,0.0,0.0,0.0,0.0,0.0,0.0,0.0,0.0,0.0,3.2533014,0.0,1.0528028,0.0,0.48359245,0.0,0.48359245,0.0,0.0,0.80816245,0.0,0.0,0.80816245,0.80816245,0.0,0.48359245,0.0,0.0,0.80816245,0.0,0.0,2.2727923,1.0528028,0.0,0.0,0.0,0.0,0.0,0.48359245,2.2065783,0.0,0.0,0.0,0.0,0.80816245,0.0,0.0,0.0,0.0,0.0,0.48359245,0.0,0.0,2.6433127,0.48359245,0.48359245,1.0528028,0.48359245,1.4132899,0.0,0.80816245,0.0,0.0,0.0,0.0,0.0,0.80816245,0.0,0.0,0.48359245,0.0,0.0,0.48359245,0.0,0.0,0.80816245,0.0,1.7876049,0.48359245,0.0,0.48359245,0.0,0.0,0.0,0.48359245,0.0,2.9462702,0.48359245,1.249203,0.0,0.0,0.0,0.0
0.0,0.48729333,0.48729333,0.48729333,0.0,0.0,0.8135083,0.48729333,0.0,0.0,0.0,0.0,0.0,0.0,0.0,0.0,1.0590785,3.3760738,0.0,0.8135083,0.0,0.0,0.48729333,0.8135083,0.0,0.0,0.0,0.48729333,0.0,0.48729333,0.48729333,0.0,0.0,0.0,0.48729333,0.0,0.0,0.48729333,2.6069827,1.0590785,0.0,0.0,0.0,0.0,0.0,0.0,2.6069827,0.0,0.0,0.48729333,0.0,0.0,0.0,0.0,0.0,0.48729333,0.0,0.48729333,0.0,0.0,2.4021106,0.0,0.0,1.8947878,0.0,0.48729333,0.0,0.48729333,0.0,0.0,0.48729333,0.48729333,0.48729333,1.0590785,0.48729333,0.0,1.0590785,0.0,0.0,0.0,0.8135083,0.8135083,0.48729333,0.0,2.0677414,0.0,0.0,0.48729333,0.0,0.0,0.0,0.8135083,0.0,3.2382178,0.0,1.4205799,1.4205799,0.0,0.48729333,0.0
0.0,0.0,0.0,1.4806008,2.1231117,0.0,0.44848052,0.0,0.0,0.0,0.0,0.0,0.0,0.0,0.44848052,0.44848052,0.992434,3.3774695,0.0,0.44848052,0.0,0.0,0.0,0.75699574,0.0,0.44848052,0.0,0.0,0.0,0.44848052,0.0,0.0,0.0,0.0,0.44848052,0.0,0.0,0.44848052,2.8571594,0.992434,0.0,0.0,0.75699574,0.0,0.0,0.0,1.6017115,0.0,0.0,0.0,0.0,0.0,0.0,0.0,0.44848052,0.0,0.0,0.0,0.0,0.0,2.6798115,2.1886358,0.0,1.7097261,0.0,0.44848052,0.75699574,0.44848052,0.0,0.0,0.44848052,0.0,0.75699574,0.0,0.0,0.75699574,0.44848052,0.0,0.0,0.44848052,0.0,1.3427746,0.0,0.0,1.3427746,0.0,0.44848052,0.44848052,0.0,0.0,0.0,0.44848052,0.44848052,2.6798115,0.0,1.1828688,0.0,0.0,0.0,0.75699574
0.0,0.947994,0.42320198,0.0,0.0,0.0,0.0,0.7196359,0.0,0.0,0.0,0.0,0.42320198,0.0,0.0,0.42320198,0.0,3.606185,0.0,1.1337769,0.0,0.0,0.42320198,0.42320198,0.42320198,0.0,0.42320198,0.42320198,0.42320198,1.747735,0.0,0.0,0.42320198,0.0,0.947994,0.0,0.0,0.42320198,2.2438412,0.7196359,0.42320198,0.0,0.7196359,0.0,0.0,0.0,1.8355254,0.42320198,0.0,0.0,0.42320198,0.0,0.0,0.0,0.0,0.42320198,0.0,0.947994,0.0,0.0,2.821693,0.42320198,0.0,1.2903926,0.0,0.42320198,0.7196359,0.0,0.42320198,0.0,0.0,0.0,0.0,0.947994,0.0,0.0,0.7196359,0.7196359,0.0,0.0,0.0,0.947994,0.42320198,0.0,1.9162266,0.42320198,0.0,0.0,0.0,0.0,0.0,1.1337769,0.42320198,3.020092,0.0,2.298208,0.0,0.42320198,0.0,0.0
0.0,0.0,0.0,0.68220466,1.3698354,0.0,0.68220466,0.39818344,0.0,0.0,0.39818344,0.0,0.0,0.0,0.0,0.0,1.2370939,3.4751754,0.0,0.68220466,0.0,0.0,0.0,0.39818344,0.0,0.0,0.0,0.0,0.39818344,0.68220466,0.0,0.0,0.0,0.0,0.0,0.0,0.68220466,0.39818344,2.5823305,1.0839956,0.0,0.0,0.0,0.39818344,0.0,0.39818344,1.9270777,0.0,0.0,0.0,0.0,0.0,0.0,0.0,0.0,0.39818344,0.68220466,0.0,0.0,0.0,2.7519722,1.3698354,0.39818344,1.0839956,0.39818344,1.0839956,0.39818344,0.39818344,0.0,0.0,0.0,0.0,1.7734549,0.39818344,0.39818344,0.0,1.0839956,0.39818344,0.0,0.0,0.0,1.0839956,0.39818344,0.39818344,2.0602129,0.68220466,0.68220466,1.3698354,0.0,0.39818344,0.0,0.9031453,0.0,3.1569743,0.0,2.0602129,0.39818344,0.0,0.0,0.0
0.0,0.8801935,0.38557217,0.0,0.0,0.0,0.38557217,0.0,0.0,0.38557217,0.0,0.0,0.66315734,0.0,0.0,0.66315734,0.0,4.3941703,0.0,0.38557217,0.0,0.0,0.8801935,0.8801935,0.0,0.0,0.0,0.38557217,0.38557217,1.4570296,1.0584226,0.0,0.38557217,0.0,1.0584226,0.0,0.38557217,0.38557217,2.0865202,1.2096398,0.0,0.38557217,0.38557217,0.0,0.38557217,0.0,1.5610127,0.0,0.0,0.0,0.0,0.0,0.0,0.38557217,0.0,0.0,0.38557217,0.8801935,0.0,0.66315734,2.2964315,0.0,0.0,1.6551946,0.0,0.0,0.38557217,0.38557217,0.0,0.0,0.0,0.0,0.38557217,1.3409655,0.0,0.38557217,0.0,0.0,0.0,0.0,0.38557217,0.38557217,0.66315734,0.0,1.6551946,0.66315734,0.8801935,0.38557217,0.66315734,0.38557217,0.38557217,0.66315734,0.0,3.1197603,0.0,2.026354,0.0,0.8801935,0.0,0.38557217
0.0,0.7256619,0.0,1.1417344,1.2988952,0.42725858,0.7256619,0.42725858,0.0,0.0,0.0,0.0,0.0,0.0,0.0,0.0,0.7256619,3.7637753,0.0,0.42725858,0.0,0.0,0.42725858,0.0,0.42725858,0.0,0.7256619,0.42725858,0.42725858,0.9551834,1.1417344,0.0,0.42725858,0.0,0.42725858,0.42725858,0.0,0.0,2.3087494,1.1417344,0.0,0.42725858,0.0,0.0,0.0,0.9551834,1.7574167,0.0,0.0,0.0,0.42725858,0.42725858,0.0,0.0,0.42725858,0.7256619,0.0,0.9551834,0.0,0.0,2.922657,1.7574167,0.0,0.42725858,0.0,0.7256619,0.42725858,0.42725858,0.0,0.0,0.0,0.42725858,0.42725858,0.0,0.0,0.42725858,1.6609657,0.0,0.0,0.42725858,0.0,0.0,0.0,0.7256619,1.5542091,0.0,0.42725858,0.7256619,0.42725858,0.42725858,0.42725858,0.9551834,0.0,2.8008373,0.9551834,1.9262233,0.42725858,0.42725858,0.0,0.42725858
0.0,0.0,0.0,0.7434623,0.0,0.43928823,0.7434623,0.43928823,0.0,0.43928823,0.0,0.0,0.0,1.1651518,0.43928823,0.0,0.7434623,4.3163505,0.43928823,0.43928823,0.0,0.0,0.0,0.7434623,0.0,0.0,0.0,0.0,0.7434623,1.1651518,0.7434623,0.0,0.0,0.0,0.43928823,0.0,0.43928823,0.43928823,2.5323985,0.976372,0.0,0.0,0.43928823,0.43928823,0.43928823,0.43928823,1.68877,0.0,0.43928823,0.0,0.0,0.0,0.0,0.43928823,0.0,0.0,0.0,0.43928823,0.0,0.43928823,2.4406452,0.0,0.0,1.1651518,0.43928823,0.43928823,0.7434623,0.0,0.0,0.0,0.43928823,0.43928823,0.0,0.7434623,0.0,0.0,0.976372,0.7434623,0.0,0.0,0.0,0.0,0.7434623,0.0,1.7858121,0.0,0.0,0.43928823,0.43928823,0.976372,0.0,0.976372,0.43928823,3.3718278,0.0,2.284995,1.1651518,1.1651518,0.43928823,0.0
0.0,0.0,0.7385203,0.7385203,0.97049654,0.0,0.7385203,0.0,0.0,0.0,0.0,0.0,0.0,0.0,0.43594146,0.43594146,1.1586635,4.269529,0.0,0.97049654,0.0,0.0,1.1586635,0.0,0.0,0.0,0.43594146,0.43594146,0.7385203,1.9474233,0.7385203,0.0,0.0,0.0,0.0,0.0,0.0,0.0,2.1575425,1.1586635,0.0,0.97049654,0.7385203,0.0,0.0,0.0,1.9474233,0.0,0.7385203,0.43594146,0.0,0.0,0.0,0.0,0.0,0.0,0.0,0.7385203,0.0,0.43594146,2.607686,0.97049654,0.0,0.7385203,0.0,0.43594146,0.97049654,0.7385203,0.0,0.0,0.0,0.43594146,0.0,1.4536047,0.43594146,0.43594146,0.7385203,0.43594146,0.0,0.0,0.0,0.43594146,0.43594146,0.0,1.6810786,0.43594146,0.7385203,0.97049654,0.0,0.7385203,0.43594146,0.43594146,0.43594146,3.0802524,0.43594146,2.8241208,2.0224767,0.43594146,0.7385203,0.0
0.0,0.43186802,0.0,0.0,0.7324946,0.43186802,0.7324946,0.43186802,0.0,0.43186802,0.0,0.0,0.0,0.0,0.0,0.7324946,0.96332526,4.872381,0.0,0.0,0.0,0.7324946,1.9375106,0.43186802,0.0,0.43186802,0.43186802,0.0,0.43186802,2.468323,0.7324946,0.43186802,0.7324946,0.0,0.0,0.0,0.43186802,0.43186802,2.0124443,1.1507388,0.0,0.7324946,0.7324946,0.43186802,0.0,0.0,1.4447498,0.0,0.43186802,0.0,0.7324946,0.0,0.0,0.0,0.0,0.7324946,0.43186802,0.7324946,0.0,1.1507388,2.0821521,1.4447498,0.43186802,1.856504,0.43186802,0.43186802,0.7324946,0.43186802,0.0,0.43186802,0.0,0.0,0.43186802,0.7324946,0.0,1.3085109,0.7324946,0.0,0.0,0.0,0.96332526,0.7324946,0.96332526,0.0,1.5646336,0.0,0.0,1.856504,1.5646336,1.1507388,0.43186802,0.96332526,0.0,3.5087926,0.43186802,3.1181831,1.768352,0.7324946,0.0,0.0
0.0,1.0946944,0.0,0.0,0.0,0.69021016,0.0,0.0,0.0,0.69021016,0.0,0.0,0.0,0.69021016,0.0,0.0,0.0,5.075558,0.0,0.0,0.0,0.0,1.6047345,0.69021016,0.0,0.69021016,0.0,0.0,0.69021016,1.3818856,0.0,0.0,0.0,0.0,0.0,0.69021016,0.0,0.0,2.0742962,0.0,0.0,1.3818856,0.0,0.0,0.69021016,0.0,2.2972922,0.0,0.0,0.0,0.0,0.0,0.0,0.0,0.69021016,0.69021016,0.0,0.0,0.69021016,0.69021016,2.702561,0.0,0.0,1.9408699,0.69021016,1.6047345,0.69021016,0.69021016,0.0,0.69021016,0.0,0.0,0.69021016,0.0,0.0,0.69021016,1.0946944,0.69021016,0.0,0.0,0.69021016,0.0,0.69021016,0.0,1.6047345,0.69021016,0.0,1.3818856,1.6047345,0.69021016,0.0,1.6047345,0.0,3.172417,0.69021016,3.549634,2.702561,0.69021016,0.69021016,0.0
0.0,0.0,0.68602407,0.0,0.0,0.68602407,1.0891035,0.0,0.0,0.0,0.0,0.0,0.0,0.68602407,0.0,0.68602407,0.68602407,5.4281826,0.0,0.68602407,0.0,0.0,1.5980165,0.68602407,0.68602407,0.0,0.0,0.0,0.0,2.4718087,1.0891035,0.0,1.0891035,0.0,0.0,0.0,0.68602407,0.0,2.0669427,0.0,0.0,0.0,0.68602407,0.0,0.68602407,0.0,1.3755906,0.0,0.0,0.0,1.0891035,0.0,0.0,0.0,0.68602407,0.68602407,0.68602407,0.0,0.0,0.68602407,2.625788,0.0,0.68602407,0.68602407,0.68602407,2.184526,0.68602407,0.0,0.0,0.68602407,0.0,0.0,0.0,0.68602407,0.0,0.68602407,0.68602407,0.68602407,0.0,0.0,0.0,0.0,0.68602407,0.0,1.9336679,0.0,0.0,0.0,0.68602407,1.0891035,0.68602407,0.0,0.0,3.4518886,0.0,3.1643562,1.3755906,0.0,0.0,0.0
0.0,0.0,0.75874263,0.75874263,0.0,0.0,0.75874263,0.0,0.0,0.0,0.0,0.0,0.0,0.0,0.75874263,0.0,0.75874263,5.4446864,0.0,0.0,0.0,0.0,0.75874263,0.0,0.0,0.75874263,0.0,1.1851504,0.75874263,1.71242,0.75874263,0.0,0.0,0.0,1.71242,0.0,0.0,0.0,2.0558577,0.0,0.0,0.75874263,0.0,0.0,0.75874263,0.0,1.4831415,0.75874263,0.75874263,0.0,0.0,0.0,0.0,0.0,0.0,0.0,0.0,0.0,0.0,0.75874263,2.417725,1.71242,0.0,1.71242,0.0,2.0558577,1.71242,0.75874263,0.0,0.0,0.0,0.75874263,0.75874263,0.0,0.0,0.75874263,0.0,0.0,0.0,0.0,0.0,0.0,0.0,0.0,1.4831415,0.0,0.0,0.75874263,0.75874263,1.8988106,0.0,0.0,0.0,3.455083,0.0,3.5572798,2.5141332,0.75874263,0.0,0.0
0.0,0.62232745,0.62232745,0.62232745,0.0,0.0,0.0,0.0,0.0,0.62232745,0.0,0.0,0.0,1.0030258,0.62232745,0.0,0.62232745,5.593262,0.0,1.2780906,0.0,0.0,0.0,0.0,0.0,0.0,0.0,0.0,0.62232745,1.6707773,1.2780906,0.0,0.0,0.62232745,1.0030258,0.0,1.0030258,0.0,2.4300206,0.0,0.0,0.62232745,0.62232745,0.0,0.0,0.0,1.6707773,0.0,0.0,0.0,0.62232745,0.0,0.0,0.0,0.0,0.0,1.0030258,1.9520084,0.0,0.62232745,2.6354003,0.62232745,0.0,0.62232745,0.62232745,1.6707773,1.6707773,0.0,0.62232745,0.0,0.0,0.62232745,0.62232745,0.62232745,0.0,0.62232745,0.0,0.0,0.0,0.0,0.0,0.0,0.0,0.0,1.8212467,0.0,0.0,1.0030258,1.0030258,1.2780906,0.62232745,0.0,0.0,2.6954482,0.0,3.1171305,0.0,1.0030258,0.0,0.62232745
0.0,0.0,0.75198287,0.0,0.0,0.0,0.0,0.0,0.0,0.0,0.0,0.0,0.0,0.0,0.75198287,1.176315,0.0,5.674667,0.0,1.8879797,0.0,0.75198287,1.4732987,1.176315,0.0,0.0,0.0,0.0,1.176315,2.299542,0.75198287,0.0,0.75198287,0.0,0.0,0.0,0.75198287,0.0,1.8879797,0.75198287,0.0,0.0,0.0,0.0,0.0,0.0,1.8879797,0.0,0.0,0.0,0.0,0.75198287,0.0,0.0,0.0,0.75198287,1.176315,1.176315,0.0,1.701982,2.5902588,0.0,0.0,1.4732987,0.0,1.176315,0.75198287,0.75198287,0.0,0.0,0.0,0.0,0.0,1.176315,0.0,1.176315,0.75198287,0.0,0.0,0.0,0.75198287,0.75198287,0.0,0.0,1.4732987,0.0,0.75198287,0.75198287,0.75198287,0.75198287,0.0,0.0,1.176315,3.2879407,0.75198287,2.9412355,1.4732987,0.0,0.0,0.0
0.0,0.0,0.81751394,0.0,0.81751394,0.0,0.81751394,0.0,0.0,0.0,0.0,0.0,0.0,0.0,0.0,0.0,0.0,5.747547,0.0,0.0,0.0,0.0,1.2612197,0.0,0.0,0.81751394,0.81751394,0.0,0.0,1.5674875,0.81751394,0.0,0.0,0.0,1.5674875,0.0,0.0,0.81751394,1.5674875,0.81751394,0.0,0.81751394,0.81751394,0.0,0.0,0.0,1.8016188,0.0,0.0,0.0,0.0,0.0,0.0,0.0,0.81751394,0.0,0.0,0.81751394,0.0,0.0,2.7022657,1.2612197,0.0,1.8016188,0.0,1.5674875,2.1505024,0.0,0.0,0.0,0.0,0.0,0.0,0.0,0.0,0.0,1.2612197,0.0,0.0,0.0,0.0,0.0,0.0,0.0,1.991199,0.81751394,0.0,0.0,0.81751394,0.81751394,0.81751394,1.2612197,1.2612197,3.16832,0.81751394,3.4849732,0.0,0.81751394,0.0,0.0
0.0,0.7772597,0.0,0.0,0.7772597,0.0,0.7772597,0.0,0.0,0.0,0.0,0.0,0.7772597,0.7772597,0.0,0.0,0.0,6.5398684,0.0,0.7772597,0.0,0.0,0.7772597,0.0,0.0,0.0,0.0,0.0,0.0,1.2092603,0.0,0.0,0.7772597,0.0,2.0860467,0.0,0.0,0.0,1.2092603,0.0,0.0,0.7772597,0.0,0.0,0.7772597,1.2092603,0.7772597,0.0,0.0,0.0,0.0,0.0,0.0,0.0,0.0,1.7408187,1.2092603,0.7772597,0.0,0.0,2.4492383,0.0,0.0,1.928257,0.7772597,0.0,0.7772597,0.0,0.0,0.0,0.7772597,0.0,0.0,0.7772597,0.7772597,0.7772597,0.0,0.0,0.0,0.0,0.0,0.0,0.0,0.0,1.5099506,0.0,0.7772597,1.2092603,0.0,0.7772597,1.5099506,1.2092603,0.0,3.7953453,0.0,3.2906775,1.928257,0.0,0.0,0.0
1.4561641,1.780734,0.9725716,0.0,0.0,0.0,0.9725716,0.0,0.0,0.0,0.0,0.0,0.9725716,0.0,0.9725716,0.0,0.0,6.2328873,0.0,0.0,0.0,0.0,0.0,0.9725716,0.0,0.0,0.0,0.0,0.0,1.4561641,0.9725716,0.9725716,0.0,0.0,0.9725716,0.9725716,0.0,1.780734,0.9725716,1.780734,0.9725716,0.0,2.0253744,0.0,0.0,0.0,1.780734,0.0,0.0,0.9725716,0.0,0.0,0.0,0.0,0.0,0.9725716,0.0,0.0,0.0,0.0,3.1082382,0.9725716,0.9725716,2.0253744,0.0,1.780734,1.780734,0.9725716,0.0,0.0,0.0,0.0,0.0,0.9725716,0.0,0.0,1.4561641,0.0,0.0,0.0,0.9725716,0.9725716,0.9725716,0.9725716,1.780734,0.0,0.0,1.4561641,0.9725716,2.0253744,0.9725716,1.4561641,0.0,3.659166,0.0,3.9821382,0.9725716,0.0,0.9725716,0.0
0.0,0.0,0.0,0.0,0.0,0.0,0.5820493,0.0,0.5820493,0.0,0.0,0.0,0.0,0.0,0.0,0.9475586,0.0,7.288066,0.0,0.0,0.5820493,0.5820493,0.9475586,0.9475586,0.0,0.0,0.0,0.0,0.9475586,2.1857166,0.9475586,0.0,0.0,0.0,0.5820493,0.5820493,0.5820493,0.5820493,0.9475586,0.0,0.0,0.0,0.0,0.5820493,0.0,0.0,0.9475586,0.0,0.0,0.0,0.0,0.0,0.0,0.0,0.5820493,0.5820493,1.2146477,0.0,0.0,0.0,2.0927675,0.0,0.0,0.9475586,0.0,0.0,0.0,0.5820493,0.0,0.0,0.0,0.0,0.0,0.9475586,0.5820493,1.5990868,0.5820493,0.5820493,0.0,0.0,0.9475586,0.0,0.0,0.0,1.5990868,0.0,0.0,1.2146477,0.0,0.0,0.9475586,1.4252288,0.0,3.4839468,0.0,4.0442586,1.9902849,0.0,1.2146477,0.0
0.549314,1.5390846,0.549314,0.549314,0.549314,0.549314,0.549314,0.549314,0.0,0.0,0.0,0.0,0.549314,0.0,0.549314,1.1619605,0.0,6.592228,0.0,0.549314,0.549314,0.0,0.0,0.549314,0.0,0.0,0.9018383,0.0,0.549314,1.9251994,0.9018383,0.0,0.0,0.0,0.0,1.368196,0.549314,0.549314,2.1187396,0.549314,0.0,0.0,0.9018383,0.549314,0.549314,0.9018383,1.368196,0.0,1.368196,0.549314,0.0,0.0,0.0,0.0,0.0,0.9018383,0.0,0.0,0.0,0.549314,2.1187396,1.1619605,0.0,1.8122891,0.0,0.549314,0.9018383,0.0,0.549314,0.0,0.0,0.0,0.9018383,0.0,0.0,1.368196,0.9018383,0.0,1.1619605,0.0,0.0,0.549314,0.549314,0.0,1.368196,0.0,0.549314,0.9018383,0.549314,0.549314,1.5390846,1.368196,0.9018383,3.7199793,1.368196,3.1338377,0.549314,0.0,0.9018383,0.0
1.7852614,1.7852614,0.97595966,0.0,0.0,0.0,0.60259664,1.4603404,0.0,0.0,0.0,0.97595966,0.97595966,0.0,0.60259664,1.2471957,0.60259664,6.335212,0.0,0.0,0.0,0.0,0.0,0.97595966,0.60259664,0.97595966,0.97595966,0.0,0.0,1.9151554,1.2471957,0.60259664,0.0,0.0,0.0,0.97595966,0.97595966,0.0,0.0,0.60259664,0.0,1.2471957,0.0,0.0,0.60259664,0.60259664,1.2471957,0.60259664,0.60259664,1.63594,0.0,0.60259664,0.0,0.60259664,1.2471957,0.60259664,1.2471957,0.0,0.0,0.60259664,2.0301003,0.60259664,0.0,1.7852614,0.0,0.60259664,0.97595966,0.60259664,0.0,0.0,0.60259664,0.0,0.0,0.60259664,0.60259664,1.2471957,0.0,0.60259664,0.0,0.0,0.0,0.0,1.4603404,0.0,1.4603404,0.0,0.0,0.97595966,0.0,0.0,1.63594,0.97595966,0.0,3.7457988,1.2471957,3.7651381,0.97595966,0.0,1.4603404,0.60259664
0.0,0.0,0.0,0.0,0.77984107,0.46408793,0.46408793,0.46408793,0.0,0.0,0.0,0.0,0.46408793,0.0,0.0,0.0,1.0194566,3.9585052,0.0,0.77984107,0.0,0.0,0.0,1.0194566,0.0,1.0194566,0.46408793,0.0,0.0,2.2265546,1.6358733,0.0,0.46408793,0.0,0.0,0.0,0.0,0.0,2.014395,0.46408793,0.0,0.0,0.0,0.0,0.77984107,0.46408793,1.9323368,0.0,0.0,0.0,0.77984107,0.46408793,0.0,0.77984107,0.46408793,0.77984107,0.46408793,0.0,0.0,0.0,2.897365,0.0,0.46408793,2.6798527,0.0,0.0,0.0,0.0,0.77984107,0.46408793,0.0,0.0,1.2126107,0.0,0.0,0.0,1.0194566,0.0,0.0,0.46408793,0.46408793,1.3744278,0.77984107,0.0,1.8429381,0.77984107,0.46408793,1.5136706,0.0,0.0,0.0,1.2126107,0.0,3.5109768,0.46408793,1.7447556,0.46408793,0.77984107,0.46408793,0.46408793
0.0,0.90136015,0.5489739,0.0,0.5489739,0.0,0.5489739,0.0,0.0,0.0,0.0,0.5489739,0.0,0.0,0.0,0.5489739,0.5489739,4.306057,0.0,0.5489739,0.0,0.5489739,0.5489739,1.1614075,0.0,0.0,0.0,0.0,0.0,0.0,1.367596,0.5489739,1.1614075,0.0,0.0,1.1614075,0.0,0.0,1.6843324,1.1614075,0.0,0.0,1.1614075,0.0,0.0,0.5489739,1.8116156,0.0,0.0,0.0,0.0,0.0,0.0,0.5489739,0.5489739,0.90136015,0.0,0.0,0.0,0.0,3.164451,0.0,0.0,2.3522491,0.5489739,0.0,0.5489739,0.0,0.0,0.0,0.0,0.5489739,0.5489739,0.90136015,0.0,0.90136015,1.367596,0.5489739,0.0,0.0,0.0,0.0,1.367596,0.0,2.2801046,0.0,0.5489739,1.367596,0.5489739,0.5489739,0.5489739,0.90136015,0.5489739,3.164451,0.0,1.1614075,0.90136015,0.5489739,0.5489739,0.5489739
0.0,0.72712266,0.72712266,0.0,0.0,0.0,0.956925,0.0,0.0,0.0,0.0,0.0,0.0,0.0,0.0,0.0,0.0,3.5460835,0.0,0.0,0.0,0.0,0.42824322,1.4368343,0.0,0.42824322,0.42824322,0.0,0.0,2.3112977,2.07308,0.0,1.5564411,0.0,0.0,0.72712266,0.956925,0.0,1.5564411,0.72712266,0.0,0.956925,0.42824322,0.0,0.42824322,0.0,1.7597584,0.0,0.42824322,0.0,0.956925,0.956925,0.0,0.42824322,0.42824322,0.72712266,0.0,0.0,0.42824322,0.956925,2.8662689,0.0,0.42824322,2.7705653,0.0,0.42824322,0.0,0.42824322,1.3009533,0.42824322,0.0,0.0,0.0,0.956925,0.42824322,1.1436611,0.72712266,0.0,0.42824322,0.0,1.4368343,0.42824322,0.956925,0.72712266,2.138162,0.72712266,0.0,1.4368343,0.956925,0.42824322,0.72712266,1.8477604,0.0,3.3224413,0.42824322,0.42824322,0.42824322,0.0,0.0,0.0
0.81406796,1.0597351,0.81406796,0.81406796,0.81406796,0.81406796,1.2567954,0.48768115,0.81406796,0.0,0.0,0.0,0.48768115,0.0,0.0,0.48768115,1.4213424,3.5170183,0.0,0.81406796,0.0,0.0,0.81406796,0.0,0.0,0.0,0.48768115,0.0,0.0,1.4213424,1.6863525,0.0,0.81406796,0.0,0.0,0.0,0.0,0.0,1.4213424,0.81406796,0.0,0.0,0.0,0.0,0.0,0.0,1.5626006,0.0,0.0,0.48768115,1.0597351,0.0,0.0,0.48768115,0.0,1.0597351,0.0,0.48768115,0.0,1.0597351,2.777878,1.8956418,0.0,2.458315,0.0,0.0,0.81406796,0.0,0.0,0.0,0.48768115,0.0,1.2567954,0.48768115,0.48768115,0.48768115,0.48768115,0.48768115,1.2567954,0.0,1.2567954,0.0,0.0,0.48768115,1.2567954,0.0,0.81406796,1.7964624,0.48768115,0.48768115,0.48768115,1.0597351,0.81406796,3.5355062,0.48768115,1.6863525,0.48768115,0.0,0.0,0.0
0.0,1.998503,0.53571355,0.0,1.5136613,0.0,0.53571355,0.8826653,0.53571355,0.0,0.0,0.53571355,0.0,0.0,0.0,0.53571355,0.8826653,4.017596,0.0,0.53571355,0.0,0.0,0.0,1.8975203,0.0,0.0,0.0,0.53571355,0.0,2.3907185,1.8975203,0.53571355,1.1397545,0.53571355,0.0,1.1397545,0.53571355,0.0,2.3236291,0.0,0.0,0.53571355,0.0,0.53571355,0.0,0.0,1.7851827,0.53571355,1.1397545,0.0,0.8826653,0.8826653,0.0,0.53571355,0.0,0.53571355,0.53571355,0.0,0.0,1.3440828,2.3907185,1.1397545,0.53571355,2.8908165,0.53571355,0.0,0.8826653,0.53571355,1.1397545,0.8826653,0.53571355,0.0,0.8826653,0.53571355,0.0,1.1397545,0.0,0.0,0.53571355,0.0,0.53571355,0.0,1.6586093,0.0,1.3440828,0.53571355,0.0,0.53571355,1.1397545,0.0,0.53571355,1.7851827,0.53571355,3.8209164,0.53571355,0.8826653,3.1341314,0.53571355,1.6586093,0.0
0.0,1.706452,0.64284074,0.64284074,0.0,0.0,1.0309584,0.64284074,0.0,0.0,0.0,0.64284074,0.0,0.64284074,0.64284074,0.64284074,0.0,4.9213176,0.64284074,0.64284074,0.0,0.64284074,1.3098526,0.0,0.0,0.0,0.64284074,0.0,0.64284074,2.210128,2.390654,0.0,1.3098526,0.0,0.0,0.0,0.64284074,1.0309584,2.210128,0.64284074,0.0,0.0,0.0,0.0,0.0,0.0,0.64284074,0.0,0.0,0.64284074,0.0,0.64284074,0.0,0.0,1.3098526,1.0309584,0.64284074,0.0,0.0,1.0309584,2.7363145,0.0,0.0,2.6760874,0.0,0.64284074,0.0,0.64284074,0.0,0.0,0.0,1.0309584,0.64284074,0.0,0.0,1.0309584,0.64284074,0.0,0.0,0.0,0.64284074,0.0,0.0,0.0,1.8580551,0.64284074,0.0,1.3098526,0.0,0.0,0.64284074,1.0309584,0.0,3.612944,0.64284074,1.706452,0.0,0.0,0.64284074,0.0
0.0,0.0,1.6682588,0.0,0.0,0.0,0.0,0.0,0.0,0.0,0.0,0.0,0.0,0.0,0.0,0.0,0.0,3.8780978,0.0,0.0,0.0,0.0,0.0,0.0,0.0,0.0,0.0,0.0,0.0,0.0,0.0,0.0,0.0,0.0,0.0,0.0,0.0,0.0,2.2623725,0.0,0.0,0.0,0.0,0.0,0.0,0.0,1.6682588,0.0,0.0,0.0,0.0,0.0,0.0,0.0,0.0,0.0,0.0,0.0,0.0,0.0,2.2623725,0.0,0.0,0.0,0.0,1.6682588,0.0,1.6682588,0.0,0.0,0.0,0.0,0.0,0.0,0.0,0.0,0.0,0.0,0.0,0.0,0.0,0.0,0.0,0.0,0.0,0.0,0.0,0.0,1.6682588,0.0,0.0,0.0,0.0,3.2890568,0.0,2.6325202,0.0,0.0,1.6682588,1.6682588
0.0,0.0,0.0,0.0,0.0,0.0,0.0,0.0,0.0,0.0,1.3303627,0.0,0.0,0.0,0.0,0.0,0.0,3.4533648,0.0,1.3303627,0.0,0.0,0.0,0.0,0.0,0.0,0.0,0.0,1.3303627,1.3303627,0.0,0.0,0.0,0.0,0.0,0.0,0.0,0.0,1.8817266,0.0,0.0,0.0,0.0,0.0,0.0,0.0,2.2350817,0.0,0.0,0.0,0.0,0.0,0.0,0.0,0.0,0.0,0.0,0.0,0.0,0.0,2.8732533,0.0,0.0,0.0,0.0,1.3303627,1.3303627,0.0,0.0,0.0,1.3303627,0.0,0.0,0.0,0.0,0.0,0.0,0.0,0.0,0.0,0.0,0.0,0.0,0.0,1.3303627,0.0,0.0,0.0,0.0,1.3303627,0.0,0.0,0.0,1.8817266,0.0,1.3303627,1.3303627,0.0,0.0,0.0
0.5651463,0.5651463,0.0,0.5651463,1.1875738,0.0,0.0,0.0,0.0,0.5651463,0.0,0.0,0.0,0.5651463,0.5651463,0.0,0.5651463,3.5606692,0.0,0.5651463,0.0,0.0,0.5651463,0.5651463,0.0,0.0,0.0,0.5651463,0.92402494,0.0,0.0,0.0,0.5651463,0.0,0.92402494,0.0,0.0,0.0,2.5173397,1.7152799,0.0,0.0,0.0,0.0,0.0,0.0,2.5173397,0.0,0.0,0.5651463,0.0,0.0,0.0,0.0,0.0,0.5651463,0.0,0.0,0.0,0.0,2.386574,1.8433926,0.0,0.92402494,0.0,0.92402494,0.5651463,0.0,0.0,0.0,0.0,0.0,0.5651463,0.92402494,0.0,0.0,0.5651463,0.0,0.0,0.5651463,0.0,0.5651463,0.0,0.5651463,1.1875738,0.0,0.92402494,0.5651463,0.5651463,0.0,0.0,0.0,0.5651463,2.6329665,0.0,1.3959528,0.0,0.5651463,0.0,0.0
0.0,0.5642949,0.5642949,0.0,0.0,0.0,0.5642949,0.0,0.0,1.3944684,0.0,0.0,0.0,0.0,0.0,0.0,0.0,3.6215093,0.0,0.0,0.0,0.5642949,0.0,0.0,0.0,0.0,0.0,0.0,0.0,1.841732,0.0,0.0,0.5642949,0.0,0.5642949,0.0,0.0,0.92283535,2.5750003,0.0,0.0,0.0,0.0,0.0,0.0,0.0,2.3847823,0.0,0.5642949,0.0,0.0,0.0,0.0,0.0,0.0,0.0,0.5642949,0.5642949,0.0,0.0,2.5155258,0.5642949,0.0,0.92283535,0.92283535,0.0,1.1862026,0.0,0.0,0.0,0.5642949,0.92283535,0.0,0.5642949,0.0,0.0,0.0,0.5642949,0.0,0.5642949,0.0,0.0,0.5642949,0.92283535,1.1862026,0.0,0.92283535,1.3944684,0.0,0.5642949,0.0,0.5642949,0.0,3.1014342,0.5642949,2.312386,0.0,0.0,0.0,0.0
0.0,0.0,0.0,0.0,0.52644575,0.52644575,0.52644575,0.0,0.0,0.0,0.8695384,0.52644575,0.0,0.0,0.0,0.0,1.124512,3.5928679,0.0,0.8695384,0.0,0.0,0.0,0.0,0.0,0.0,0.0,0.0,0.0,1.3275043,0.0,0.0,0.0,0.0,0.52644575,0.0,0.0,0.52644575,2.2316105,0.0,0.0,0.0,0.52644575,0.0,0.0,0.0,2.303361,0.0,0.0,0.0,0.0,0.0,0.0,0.0,0.0,0.8695384,0.52644575,0.0,0.0,0.52644575,2.370306,0.8695384,0.0,0.8695384,0.0,0.52644575,0.52644575,1.124512,0.0,0.0,0.52644575,0.52644575,0.0,0.0,0.0,0.0,0.0,0.52644575,0.0,0.52644575,0.52644575,0.0,0.0,0.0,1.640438,0.0,0.0,0.0,1.124512,0.0,0.0,0.8695384,0.0,3.112628,0.0,1.124512,0.52644575,0.52644575,0.8695384,0.0
0.0,0.0,0.0,0.0,0.51034606,0.0,0.51034606,0.0,0.0,0.0,0.0,0.0,0.0,0.0,0.51034606,0.51034606,0.0,3.4953446,0.0,0.84661275,0.0,0.0,0.0,0.0,0.0,0.0,0.0,0.0,0.0,1.0978129,0.51034606,0.0,0.84661275,0.0,0.0,0.0,0.51034606,1.4654146,1.9448823,0.84661275,0.0,0.51034606,0.0,0.0,0.0,0.0,2.035839,0.0,0.0,0.0,0.51034606,0.51034606,0.0,0.0,0.51034606,0.51034606,0.0,0.51034606,0.0,0.84661275,2.6138482,0.0,0.0,1.2984109,0.0,0.84661275,0.51034606,0.84661275,0.0,0.0,0.0,0.0,0.51034606,1.0978129,0.0,0.0,1.2984109,0.51034606,0.0,0.51034606,0.0,0.51034606,0.0,0.0,1.4654146,0.0,0.0,0.51034606,0.0,0.0,0.0,1.0978129,0.0,3.134347,0.0,1.0978129,0.0,0.0,0.0,0.0
0.50437653,0.83807206,0.0,0.0,0.0,0.0,0.50437653,0.0,0.0,0.0,0.0,0.50437653,0.0,0.0,0.0,0.0,0.50437653,3.2802403,0.0,0.50437653,0.0,0.0,0.83807206,0.50437653,0.50437653,0.0,0.0,0.0,0.50437653,0.83807206,0.50437653,0.0,0.0,0.0,0.0,0.0,0.50437653,0.50437653,2.1060202,0.50437653,0.0,0.0,0.50437653,0.0,0.0,0.0,2.0228088,0.0,0.0,0.0,0.50437653,0.50437653,0.0,0.0,0.0,0.50437653,0.0,0.0,0.0,0.0,1.721278,0.50437653,0.0,0.50437653,0.0,0.50437653,0.50437653,0.0,0.50437653,0.0,0.0,0.83807206,0.0,0.50437653,0.0,0.50437653,0.50437653,0.0,0.0,0.50437653,0.0,0.50437653,0.0,0.50437653,1.8322009,0.83807206,0.0,0.50437653,0.50437653,0.0,0.0,0.50437653,0.0,2.8179722,0.50437653,1.9320394,0.0,0.50437653,0.0,0.0
0.6320817,0.0,0.0,0.0,0.0,0.0,0.0,0.0,0.0,0.0,0.0,0.0,0.0,0.0,0.0,0.6320817,0.0,3.5408978,0.0,1.0163338,0.0,0.6320817,0.6320817,0.0,0.0,0.0,0.0,0.0,1.2932384,1.5098591,0.6320817,0.0,0.6320817,0.0,0.0,1.0163338,0.0,0.0,2.0859437,0.6320817,0.0,0.0,0.6320817,0.0,0.0,0.0,2.6548498,0.0,0.6320817,0.0,0.6320817,0.0,0.0,0.0,0.0,0.0,0.0,0.0,0.0,0.6320817,2.5225077,0.0,0.0,1.2932384,0.6320817,0.6320817,0.6320817,0.0,0.0,0.0,0.0,0.0,0.0,0.6320817,0.0,0.0,0.0,0.6320817,0.0,0.6320817,0.6320817,1.2932384,0.0,0.0,1.5098591,0.0,0.0,1.2932384,0.6320817,0.6320817,0.0,0.6320817,0.0,3.0981336,0.0,1.2932384,0.0,1.0163338,0.0,0.0
0.0,0.0,0.0,0.46753442,0.0,0.0,0.46753442,0.0,0.0,0.46753442,0.46753442,0.0,0.0,0.46753442,0.0,0.0,0.78486377,3.5374467,0.0,0.0,0.0,0.46753442,0.46753442,0.46753442,0.0,0.0,0.0,0.0,0.46753442,0.46753442,0.0,0.0,0.46753442,0.0,0.46753442,0.0,0.0,0.0,2.35488,0.46753442,0.0,0.0,0.46753442,0.0,0.0,0.0,2.4099064,0.0,0.46753442,0.0,0.0,0.0,0.46753442,0.0,0.0,0.0,0.0,0.0,0.0,0.0,2.4620621,0.0,0.0,0.78486377,0.0,0.46753442,0.46753442,0.46753442,0.0,0.0,0.0,0.46753442,0.0,0.46753442,0.0,0.46753442,0.46753442,0.0,0.0,0.46753442,0.46753442,0.0,0.0,0.46753442,1.5208962,0.46753442,0.78486377,0.0,0.46753442,0.0,0.46753442,0.46753442,0.0,2.4620621,0.0,1.7524005,0.78486377,0.0,0.0,0.0
0.0,0.5467275,0.0,0.5467275,0.5467275,0.0,0.5467275,0.0,0.0,0.0,0.5467275,0.0,0.0,0.0,0.0,0.0,0.0,3.6404006,0.0,0.5467275,0.0,0.0,0.0,1.1577522,0.0,0.0,0.0,0.0,0.5467275,1.1577522,0.0,0.5467275,0.0,0.0,0.0,0.0,0.0,0.0,1.1577522,1.1577522,0.0,0.5467275,0.0,0.0,0.0,0.0,1.6799973,0.0,0.0,0.0,0.0,0.0,0.0,0.0,0.0,0.0,0.0,0.0,0.0,0.0,2.991591,1.1577522,0.0,1.3636297,0.0,1.1577522,1.1577522,0.0,0.0,0.0,0.0,0.8982003,0.0,1.3636297,0.5467275,0.0,0.5467275,0.0,0.0,0.5467275,0.5467275,1.5342727,0.0,0.5467275,1.5342727,0.0,0.0,0.8982003,0.0,0.0,0.0,0.0,0.0,2.8755162,0.0,0.8982003,0.0,0.0,0.0,0.0
0.0,0.0,0.0,0.0,0.0,0.0,0.0,0.0,0.0,0.0,0.0,0.0,0.0,0.0,0.0,0.5000751,0.0,3.4498515,0.0,1.4455593,0.0,0.0,0.5000751,0.0,0.5000751,0.0,0.0,0.0,0.0,0.0,0.83190435,0.0,0.5000751,0.0,0.5000751,0.0,0.5000751,0.5000751,2.767792,0.83190435,0.0,0.0,0.0,0.0,0.0,0.0,2.487434,0.0,0.0,0.5000751,0.5000751,0.0,0.0,0.0,0.5000751,0.0,0.0,0.0,0.0,0.0,2.8831217,0.5000751,0.0,0.83190435,0.5000751,0.5000751,0.5000751,0.5000751,0.0,0.5000751,0.0,0.0,0.5000751,0.0,0.0,0.0,0.5000751,0.0,0.5000751,0.0,0.0,1.2796497,0.0,0.83190435,2.096458,0.0,0.0,0.83190435,0.5000751,0.0,0.5000751,0.83190435,0.0,2.7261908,0.5000751,1.08063,0.0,0.5000751,0.0,0.0
0.0,0.0,0.0,0.0,0.53093725,0.53093725,0.0,0.0,0.0,0.0,0.53093725,0.0,0.0,0.0,0.0,0.0,0.53093725,3.437934,0.0,1.335554,0.0,0.0,0.53093725,0.53093725,0.0,0.87590647,0.0,0.0,0.0,1.1319103,0.87590647,0.0,0.0,0.0,0.53093725,0.0,0.0,0.53093725,2.380227,0.53093725,0.0,0.0,0.87590647,0.0,0.0,0.0,2.5021248,0.0,0.53093725,0.0,0.0,0.0,0.87590647,0.0,0.0,0.0,0.87590647,0.0,0.0,0.53093725,2.8397849,0.0,0.0,1.1319103,0.53093725,1.1319103,0.87590647,0.53093725,0.0,0.0,0.0,0.53093725,0.0,1.335554,0.87590647,0.0,0.53093725,0.0,0.53093725,0.53093725,0.0,0.0,0.0,0.0,1.7755755,0.0,0.53093725,0.53093725,0.0,0.0,0.0,0.87590647,0.53093725,2.7087505,0.0,1.335554,0.0,0.53093725,0.53093725,0.0
0.0,0.0,0.0,0.0,1.051186,0.0,0.48264056,0.0,0.0,0.0,0.0,0.0,0.0,0.0,0.48264056,0.0,0.48264056,3.2978568,0.0,0.0,0.0,0.0,0.0,0.48264056,0.0,0.48264056,0.0,0.0,0.806786,0.806786,0.48264056,0.0,0.0,0.0,0.806786,0.0,0.0,1.051186,2.3326497,1.051186,0.0,0.0,0.0,0.0,0.0,0.806786,2.270564,0.48264056,0.0,0.0,0.0,0.0,0.0,0.0,0.0,0.0,0.0,0.48264056,0.0,0.806786,2.7655854,1.2474315,0.0,1.7855366,0.48264056,0.0,0.806786,0.48264056,0.0,0.0,0.0,0.48264056,0.0,1.051186,0.48264056,0.0,0.806786,0.48264056,0.0,0.0,0.0,1.051186,0.0,0.0,1.4114106,0.0,0.0,0.48264056,0.0,0.0,0.48264056,0.806786,0.0,3.095207,0.48264056,1.7855366,0.0,0.48264056,0.0,0.48264056
0.0,0.0,0.0,0.0,0.0,0.0,0.8786955,0.532907,0.0,0.0,0.0,0.0,0.0,0.0,0.0,0.0,0.0,3.7986405,0.0,0.532907,0.0,0.0,0.532907,0.0,0.0,0.0,0.0,0.0,0.0,1.3390752,0.532907,0.0,0.532907,0.0,0.532907,0.0,0.0,0.532907,2.6653993,0.532907,0.0,0.0,0.0,0.0,0.0,0.0,1.9926444,0.0,0.532907,0.0,0.0,0.0,0.0,0.0,0.0,0.532907,0.0,0.0,0.0,0.0,2.8442814,1.1351484,0.0,1.5083774,0.0,0.0,0.0,0.0,0.0,0.0,0.532907,0.0,0.0,0.532907,0.0,0.0,0.8786955,0.0,0.0,1.1351484,0.0,0.8786955,1.1351484,0.0,1.3390752,0.532907,0.0,0.532907,0.0,0.0,0.532907,1.1351484,0.532907,3.3964868,0.0,1.8917596,0.532907,0.0,0.532907,0.0
0.40548176,0.0,0.40548176,0.0,0.0,0.0,0.69317216,0.69317216,0.0,0.0,0.0,0.0,0.0,0.40548176,0.0,0.0,0.0,3.5553966,0.0,1.3863318,0.0,0.0,0.0,0.69317216,0.0,0.0,0.0,0.0,0.0,1.0986456,0.40548176,0.0,0.40548176,0.0,0.0,0.40548176,0.0,0.0,2.0794852,0.0,0.40548176,0.40548176,0.40548176,0.40548176,0.40548176,0.0,1.704789,0.0,0.0,0.40548176,0.40548176,0.0,0.0,0.40548176,0.0,0.0,0.69317216,0.40548176,0.0,0.0,2.639104,0.69317216,0.0,1.0986456,0.40548176,0.69317216,0.40548176,0.40548176,0.0,0.0,0.69317216,0.0,0.0,0.40548176,0.40548176,0.0,0.0,0.0,0.40548176,0.0,0.0,0.0,0.0,0.0,1.6094779,0.69317216,0.40548176,0.91632074,0.40548176,0.0,0.40548176,1.0986456,0.40548176,3.2387264,0.40548176,1.945953,0.91632074,0.40548176,0.0,0.0
0.0,0.97924346,0.0,0.0,0.0,0.0,0.60498273,0.97924346,0.0,0.0,0.0,0.34756076,0.0,0.0,0.0,0.34756076,0.0,4.544323,0.34756076,0.8095207,0.0,0.0,0.0,0.97924346,0.0,0.0,0.0,0.0,0.0,2.231326,1.919646,0.0,0.8095207,0.0,0.8095207,0.60498273,0.0,0.34756076,1.3633512,0.97924346,0.0,0.60498273,0.60498273,0.34756076,0.34756076,0.0,1.5561411,0.0,0.0,0.34756076,0.0,0.34756076,0.0,0.34756076,0.0,0.60498273,0.0,0.0,0.34756076,0.34756076,2.6307313,0.0,0.0,2.7959135,0.34756076,0.34756076,0.60498273,1.1242968,0.0,0.0,0.0,0.0,0.34756076,0.97924346,0.34756076,0.34756076,0.8095207,0.34756076,0.34756076,0.34756076,0.60498273,0.97924346,0.97924346,0.34756076,1.3633512,0.34756076,0.34756076,0.97924346,0.60498273,0.34756076,0.60498273,2.3168259,0.0,4.094622,0.0,2.4685967,2.0875802,0.0,0.34756076,0.0
0.0,0.50539196,0.50539196,0.50539196,1.4558614,0.0,0.0,0.0,0.0,0.0,0.0,0.0,0.0,0.0,0.50539196,0.50539196,1.0895398,3.633038,0.0,0.0,0.0,0.0,0.50539196,0.0,0.0,0.0,0.0,0.0,0.0,0.8395264,0.0,0.0,0.8395264,0.0,0.0,0.50539196,0.0,0.0,2.6499057,1.5985409,0.0,0.0,0.0,0.0,0.0,0.0,1.7233818,0.0,0.0,0.50539196,0.0,0.0,0.0,0.0,0.0,1.0895398,0.0,0.0,0.50539196,0.0,2.7804086,0.8395264,0.0,1.0895398,0.0,1.0895398,0.0,0.50539196,0.50539196,0.0,0.0,0.0,0.50539196,0.50539196,0.0,0.50539196,1.0895398,0.50539196,0.0,0.0,0.50539196,0.50539196,0.0,0.0,2.0250318,0.50539196,0.0,0.50539196,0.50539196,0.0,0.0,0.0,0.0,2.9315217,0.0,1.4558614,0.50539196,0.0,0.0,0.0
0.0,0.5057836,0.0,0.0,0.8400872,0.0,0.0,0.0,0.0,0.5057836,0.0,0.0,1.0901948,0.0,0.5057836,0.0,0.5057836,3.6164606,0.0,0.5057836,0.0,0.0,0.0,0.0,0.0,0.0,0.0,0.8400872,0.5057836,1.0901948,1.2900968,0.0,0.0,0.5057836,0.5057836,0.0,0.0,0.8400872,2.5006845,1.0901948,0.0,0.5057836,0.0,0.0,0.0,0.0,1.9350746,0.0,0.0,0.0,0.0,0.0,0.0,0.0,0.0,0.5057836,0.0,0.0,0.0,0.0,2.5006845,0.0,0.0,1.5993284,0.0,1.2900968,0.5057836,0.5057836,0.0,0.0,0.0,0.5057836,0.5057836,0.5057836,0.0,0.8400872,0.0,0.0,0.0,0.0,0.0,0.5057836,0.5057836,0.0,1.8351822,0.0,0.0,0.0,0.0,0.5057836,0.0,0.8400872,0.0,2.8967621,1.0901948,1.2900968,0.8400872,0.0,0.0,0.0
0.4031453,0.68966544,0.0,0.4031453,0.68966544,0.0,0.9121112,0.4031453,0.0,0.4031453,0.0,0.0,0.0,0.0,0.4031453,0.0,0.4031453,3.6438644,0.0,1.0939673,0.0,0.0,0.0,0.0,0.0,0.0,0.0,0.0,0.4031453,0.4031453,0.4031453,0.0,0.4031453,0.0,0.0,0.0,0.0,0.0,1.8659029,0.9121112,0.0,0.0,0.0,0.0,0.0,0.4031453,2.1910264,0.0,0.0,0.4031453,0.68966544,0.0,0.0,0.0,0.0,0.4031453,0.4031453,0.4031453,0.4031453,0.0,2.9378316,0.9121112,0.0,1.3810673,0.4031453,1.4986562,0.68966544,0.0,0.4031453,0.0,0.0,0.4031453,0.9121112,0.68966544,0.4031453,0.4031453,0.4031453,0.0,0.4031453,0.9121112,0.0,0.0,0.0,0.0,1.939934,0.0,0.4031453,0.4031453,0.68966544,0.0,0.0,1.0939673,0.0,2.9111733,0.4031453,1.4986562,0.9121112,0.4031453,0.68966544,0.68966544
0.45359093,0.0,0.0,0.45359093,0.0,0.0,0.45359093,0.0,0.0,0.45359093,0.45359093,0.0,0.0,0.45359093,0.0,0.45359093,0.45359093,3.4474306,0.0,1.0013162,0.0,0.0,0.0,0.0,0.0,0.45359093,0.0,0.0,0.0,1.4914927,0.7644943,0.0,0.0,0.0,0.0,0.0,0.0,0.45359093,2.375577,0.45359093,0.45359093,0.7644943,0.7644943,0.0,0.45359093,0.0,2.3207455,0.45359093,0.0,0.0,0.0,0.0,0.45359093,0.0,0.0,0.45359093,0.0,0.45359093,0.0,0.0,2.8373642,1.0013162,0.0,1.1926538,0.45359093,0.7644943,0.7644943,0.7644943,0.45359093,0.0,0.0,0.7644943,0.0,0.7644943,0.0,0.0,0.45359093,0.0,0.0,0.0,0.0,1.8189831,0.0,0.0,1.7212712,0.45359093,0.45359093,0.45359093,0.0,0.45359093,0.45359093,0.45359093,0.0,3.0211287,0.45359093,1.4914927,0.0,0.45359093,0.45359093,0.0
0.0,0.43714184,0.0,0.0,0.0,0.0,0.0,0.43714184,0.0,0.0,0.0,0.43714184,0.0,0.97260565,0.0,0.0,0.74029374,3.4564252,0.0,1.1609931,0.0,0.0,0.74029374,0.0,0.0,0.74029374,0.0,0.0,0.0,0.74029374,0.43714184,0.43714184,0.0,0.0,0.0,0.0,0.0,0.43714184,2.2218235,0.97260565,0.0,0.0,0.43714184,0.0,0.0,0.43714184,2.4820285,0.0,0.43714184,0.0,0.43714184,0.0,0.0,0.0,0.0,0.0,0.0,0.0,0.0,0.43714184,3.287243,0.0,0.43714184,1.3194541,0.0,1.1609931,0.97260565,0.43714184,0.0,0.0,0.0,0.0,0.43714184,1.3194541,0.0,0.74029374,0.97260565,0.0,0.0,0.43714184,0.0,0.0,0.0,0.0,1.3194541,0.74029374,0.43714184,1.3194541,0.0,0.0,0.0,0.43714184,0.0,2.9776382,0.0,1.4562061,0.43714184,0.43714184,0.43714184,0.43714184
0.5001517,0.0,0.0,0.0,0.0,0.0,0.5001517,0.0,0.0,0.0,0.0,0.5001517,0.0,0.0,0.5001517,0.0,1.0807586,3.6709526,0.0,0.5001517,0.0,0.0,0.5001517,0.0,0.0,0.0,0.5001517,0.5001517,0.5001517,1.2797903,0.0,0.0,0.5001517,0.0,0.0,0.0,0.0,0.5001517,2.7263727,0.5001517,0.0,0.0,0.5001517,0.0,0.5001517,0.0,1.8232212,0.0,0.0,0.0,0.0,0.0,0.0,0.0,0.0,0.0,0.5001517,0.83201426,0.0,0.0,2.6829648,0.5001517,0.0,0.5001517,0.5001517,1.0807586,0.0,0.5001517,0.0,0.0,0.0,0.0,0.5001517,0.5001517,0.0,0.0,0.5001517,0.5001517,0.0,0.5001517,0.0,1.445708,0.0,0.0,1.5879749,0.0,0.0,0.0,0.5001517,0.0,0.0,0.0,0.83201426,3.0189185,0.0,1.8232212,0.0,0.83201426,0.0,0.0
0.0,0.0,0.0,0.0,0.4989796,0.0,0.0,0.0,0.0,0.0,0.0,0.0,0.4989796,0.0,0.0,0.0,0.4989796,3.7005467,0.0,0.4989796,0.0,0.0,0.4989796,0.0,0.0,0.4989796,0.4989796,0.0,0.8303317,0.4989796,0.0,0.0,0.0,0.0,0.0,0.8303317,0.0,0.0,2.680188,0.0,0.0,0.0,0.0,0.0,0.0,0.0,2.0940146,0.0,0.0,0.0,0.0,0.0,0.0,0.0,0.0,0.4989796,0.0,0.0,0.0,0.0,3.0160835,1.2776393,0.4989796,1.2776393,0.4989796,0.4989796,0.4989796,1.0787903,0.0,0.0,0.0,0.0,0.8303317,0.4989796,0.0,0.8303317,1.0787903,0.0,0.0,0.0,0.4989796,0.4989796,0.0,0.0,1.8207223,0.0,0.4989796,1.2776393,0.0,0.0,0.0,0.8303317,0.0,3.0160835,0.0,2.0109482,0.4989796,0.0,0.0,0.0
0.49723196,0.0,0.49723196,0.0,0.49723196,0.0,0.0,0.0,0.0,0.0,0.0,0.0,0.0,0.0,0.0,0.0,0.49723196,4.3012304,0.0,0.49723196,0.0,0.0,0.49723196,0.49723196,0.0,0.0,0.0,0.0,0.49723196,1.0758524,1.0758524,0.49723196,0.49723196,0.0,0.0,0.0,0.49723196,0.0,2.0901098,0.49723196,0.0,0.0,0.0,0.0,0.0,0.0,2.007091,0.0,0.0,0.0,0.49723196,0.0,0.0,0.0,0.49723196,0.49723196,0.0,0.49723196,0.0,0.0,2.946363,0.0,0.0,0.82782125,0.0,0.82782125,0.82782125,0.82782125,0.0,0.0,0.49723196,0.82782125,0.49723196,0.82782125,0.0,0.49723196,0.82782125,0.0,0.0,0.0,0.0,1.0758524,0.0,0.0,1.4400293,0.49723196,0.49723196,0.82782125,0.49723196,0.0,0.49723196,1.0758524,0.0,2.911939,0.0,2.237954,0.0,0.49723196,0.0,0.0
0.0,1.1495341,0.54168874,0.54168874,0.0,0.0,0.0,0.54168874,0.54168874,0.0,0.0,0.0,0.54168874,0.0,0.0,0.54168874,0.0,4.6144085,0.0,1.5248678,0.0,0.0,0.89110196,0.0,0.0,0.0,0.0,0.54168874,0.89110196,0.89110196,0.0,0.0,0.54168874,0.0,0.0,0.0,0.0,0.54168874,2.0109172,1.354708,0.0,0.0,0.54168874,0.0,0.0,0.0,1.7971368,0.54168874,0.0,0.0,0.0,0.0,0.0,0.0,0.0,0.89110196,0.89110196,0.54168874,0.0,0.0,2.6347861,1.1495341,0.0,2.1869476,0.54168874,1.1495341,0.89110196,0.0,0.54168874,0.54168874,0.0,0.0,0.89110196,0.0,0.0,0.0,1.1495341,0.0,0.54168874,0.0,0.54168874,0.89110196,0.0,0.0,0.89110196,0.0,0.54168874,1.1495341,0.54168874,0.0,0.54168874,0.54168874,0.0,3.2642987,0.89110196,2.5818384,0.0,0.54168874,0.54168874,0.0
0.0,0.45432463,0.45432463,0.0,0.0,0.0,1.0025887,0.45432463,0.0,0.0,0.0,0.0,0.0,0.0,0.45432463,0.76556945,0.0,6.003212,0.0,0.76556945,0.0,0.0,0.76556945,0.0,0.0,0.76556945,0.45432463,0.0,0.0,2.1372883,0.45432463,0.0,1.0025887,0.0,0.45432463,0.45432463,0.0,0.0,1.7229227,0.0,0.0,0.45432463,0.0,0.0,0.45432463,0.45432463,1.3546866,0.0,0.0,0.0,0.0,0.0,0.0,0.0,0.76556945,0.0,0.0,0.0,0.0,0.45432463,2.9654531,0.45432463,0.0,1.1940548,0.0,1.1940548,1.4930514,0.76556945,0.0,0.0,0.45432463,0.0,0.45432463,0.76556945,0.0,0.45432463,1.0025887,0.45432463,0.45432463,0.0,0.45432463,0.45432463,0.0,0.0,1.8206681,0.0,0.0,0.76556945,0.45432463,0.76556945,0.76556945,0.45432463,0.76556945,3.6171656,0.0,2.429391,0.45432463,0.45432463,0.76556945,0.0
0.0,0.5605602,0.0,0.0,0.0,0.0,0.0,0.0,0.0,0.0,0.0,0.0,0.0,0.5605602,0.5605602,0.0,0.0,5.24526,0.0,0.91761273,0.5605602,0.0,1.1801803,0.0,0.0,1.1801803,0.0,0.5605602,0.5605602,2.1420097,0.5605602,0.0,0.5605602,0.0,1.1801803,0.0,0.0,0.5605602,1.7065505,0.5605602,0.0,0.0,0.91761273,0.5605602,0.91761273,0.0,1.1801803,0.0,0.0,0.0,0.0,0.0,0.0,0.0,0.0,0.0,0.0,0.5605602,0.0,0.5605602,3.1266708,0.0,0.5605602,1.1801803,0.5605602,1.5598837,0.91761273,0.5605602,0.0,0.0,0.0,0.0,0.5605602,1.3879466,0.0,0.5605602,0.91761273,0.0,0.0,0.0,0.0,0.0,0.0,0.0,1.5598837,0.0,0.5605602,0.91761273,0.91761273,0.91761273,0.5605602,0.91761273,0.5605602,2.9465256,0.0,2.5669825,0.5605602,0.0,0.5605602,0.91761273
0.0,0.0,0.0,0.0,0.0,0.60360885,1.2487892,0.0,0.0,0.0,0.0,0.0,0.0,0.0,0.977353,0.0,0.977353,4.824123,0.60360885,0.0,0.0,0.0,0.0,0.0,0.0,0.977353,0.60360885,0.60360885,0.0,2.2286224,0.60360885,0.0,0.60360885,0.0,0.60360885,0.977353,0.0,0.0,1.9170616,1.7871218,0.0,0.60360885,0.0,0.0,0.0,0.0,1.9170616,0.0,0.0,0.60360885,0.0,0.0,0.0,0.0,0.977353,1.2487892,0.0,0.60360885,0.0,0.60360885,2.8181248,0.0,0.0,1.2487892,0.0,1.4620569,1.4620569,0.977353,0.0,0.0,0.0,0.0,0.0,0.60360885,0.0,0.977353,1.2487892,0.60360885,0.0,0.0,0.60360885,0.0,0.60360885,0.0,1.7871218,0.0,0.0,0.60360885,0.60360885,0.977353,0.60360885,0.60360885,0.60360885,3.115574,0.0,2.392835,0.60360885,0.0,0.0,0.60360885
1.3790631,1.0921872,0.6883322,0.0,0.0,0.6883322,1.0921872,0.0,0.0,0.0,0.0,0.0,0.0,0.0,0.6883322,0.0,0.6883322,5.221507,0.0,1.0921872,0.0,0.0,0.0,0.0,0.0,0.6883322,0.0,0.0,0.0,1.6017227,1.3790631,0.0,0.0,0.0,1.6017227,0.6883322,0.6883322,1.0921872,1.7837216,1.0921872,0.6883322,0.0,0.6883322,0.0,0.0,0.0,1.0921872,0.0,0.0,0.0,0.6883322,0.0,0.0,0.6883322,0.0,0.6883322,0.0,0.6883322,0.0,0.0,2.6990433,0.0,0.0,1.0921872,0.6883322,1.9376416,1.3790631,0.0,0.0,0.0,0.0,0.6883322,0.0,0.0,0.0,0.6883322,1.0921872,0.0,0.0,0.0,1.0921872,0.0,0.6883322,0.0,1.7837216,0.0,0.0,1.0921872,0.0,1.7837216,1.0921872,0.6883322,0.6883322,3.1262627,0.0,2.7635415,0.6883322,0.0,0.0,0.0
0.0,0.0,0.0,0.0,0.0,0.0,0.0,0.0,0.0,0.0,0.0,0.0,0.0,0.0,0.88705117,0.0,0.0,5.536345,1.3496094,0.88705117,0.0,0.0,0.0,0.0,0.0,0.0,0.0,0.0,0.0,1.6646603,0.0,0.0,0.0,0.0,1.3496094,0.0,0.0,0.88705117,1.6646603,0.0,0.88705117,0.0,1.3496094,0.88705117,0.0,0.0,0.88705117,0.88705117,0.0,0.88705117,0.0,0.88705117,0.0,0.0,0.0,0.88705117,0.0,0.88705117,0.0,0.0,2.815861,0.0,0.0,1.3496094,0.0,0.88705117,0.88705117,0.0,0.88705117,0.0,0.0,0.0,0.0,0.0,0.0,0.0,0.0,1.3496094,0.88705117,0.0,0.88705117,0.0,0.0,0.0,1.6646603,0.0,0.88705117,1.3496094,0.0,0.0,0.0,1.6646603,0.0,3.4335725,0.0,2.519604,1.3496094,0.0,0.0,0.0
0.0,1.7822399,0.8045939,0.0,0.0,0.0,0.0,0.8045939,0.0,0.0,0.0,0.0,0.0,0.0,0.0,0.8045939,0.0,6.15663,0.0,0.0,0.0,0.0,0.0,1.2446089,0.0,0.0,0.8045939,0.0,0.0,1.2446089,0.0,0.0,1.5491283,0.0,1.2446089,0.8045939,0.0,0.0,1.7822399,0.0,0.0,0.0,0.8045939,1.2446089,0.0,0.0,0.8045939,0.0,0.8045939,0.0,0.0,0.8045939,0.0,0.0,0.0,1.2446089,0.0,0.0,0.0,1.5491283,2.680588,0.0,0.0,2.3875058,0.0,0.0,1.2446089,0.0,0.0,0.0,0.0,0.0,0.0,0.0,0.8045939,1.2446089,0.0,0.0,0.0,0.0,0.0,0.0,0.8045939,0.0,0.0,0.0,0.0,1.2446089,0.8045939,1.7822399,1.2446089,0.0,1.2446089,3.6714647,0.0,3.2940412,2.129984,1.2446089,1.2446089,0.8045939
0.0,0.9028836,0.9028836,0.0,0.0,0.0,0.0,0.9028836,0.0,0.0,0.0,0.0,0.0,0.0,0.9028836,0.0,0.0,6.3354354,0.0,0.9028836,0.0,1.3695072,0.0,0.0,0.0,0.0,0.9028836,0.0,0.0,0.9028836,0.9028836,0.0,0.0,0.0,0.9028836,0.9028836,0.0,0.0,1.9267015,1.3695072,0.0,0.0,1.3695072,0.9028836,0.9028836,0.0,0.0,0.0,0.0,0.0,0.0,0.0,0.0,0.0,0.0,0.0,0.0,0.0,0.0,0.0,2.841051,0.0,0.0,2.120287,0.0,0.9028836,0.9028836,0.0,0.0,0.0,0.0,0.0,0.0,0.0,0.0,0.0,0.0,0.0,0.0,0.0,0.0,0.9028836,0.9028836,0.0,2.2824063,0.0,0.0,1.6864207,0.9028836,0.9028836,0.9028836,0.9028836,0.0,3.703794,0.0,3.773553,1.9267015,0.0,0.9028836,0.0
0.0,1.5112342,0.0,0.0,0.0,0.0,0.77815,0.0,0.0,0.0,0.0,0.77815,0.0,0.77815,1.2104162,1.5112342,0.0,6.94876,0.0,0.0,0.0,0.77815,0.0,0.77815,0.0,0.0,0.0,0.0,0.0,2.7915776,0.77815,0.0,1.2104162,0.0,0.77815,1.5112342,0.0,0.0,0.77815,0.0,0.0,0.77815,0.77815,0.0,0.77815,0.0,0.77815,0.0,0.77815,0.0,0.77815,0.0,0.0,0.77815,0.0,0.77815,0.77815,0.0,0.0,1.5112342,2.5474434,0.77815,1.2104162,2.343681,0.0,1.2104162,0.0,0.77815,0.0,0.0,0.77815,0.0,0.77815,0.77815,0.0,0.0,0.0,0.0,0.77815,0.0,1.2104162,0.0,0.77815,0.0,1.5112342,0.0,0.77815,0.77815,0.0,0.0,0.0,0.77815,1.5112342,3.5595043,0.0,3.7969553,2.4507432,0.0,1.5112342,0.0
0.0,0.7378647,0.0,0.0,0.0,0.0,1.157802,0.0,0.0,0.0,0.0,0.0,0.0,0.0,1.4526424,1.4526424,0.0,5.7910237,0.0,0.0,0.0,0.0,0.0,0.0,0.0,0.7378647,0.0,0.0,0.0,1.865215,1.157802,0.0,0.0,0.0,0.7378647,0.0,0.0,0.0,1.865215,1.157802,0.0,0.7378647,0.0,0.0,0.0,0.0,2.2753904,0.0,0.0,0.0,0.0,0.0,0.0,0.0,0.0,0.0,0.0,0.0,0.0,0.7378647,3.1280446,0.0,0.0,1.4526424,0.0,0.0,0.0,0.7378647,0.0,0.0,0.0,0.0,0.0,0.7378647,0.0,0.7378647,0.0,0.0,0.0,0.0,0.0,0.7378647,0.7378647,0.0,1.4526424,0.0,0.0,0.7378647,0.0,0.0,0.0,0.0,0.0,3.4167278,0.0,2.8548582,2.021387,0.0,0.0,0.7378647
0.6357797,0.0,0.0,0.0,0.6357797,0.0,1.0213668,1.2989599,0.0,0.0,0.0,0.0,0.6357797,0.0,0.0,0.0,1.0213668,6.3276916,0.0,1.2989599,0.0,1.9767799,0.0,1.0213668,0.0,0.0,0.0,0.0,0.0,2.4563296,1.5160007,0.0,1.0213668,0.0,1.0213668,0.0,0.0,2.2910123,2.1968296,0.0,0.0,1.8454525,0.6357797,0.0,0.0,0.0,0.0,0.0,0.0,0.0,0.0,0.6357797,0.0,0.0,0.0,1.0213668,0.0,0.0,0.0,0.6357797,2.4563296,0.0,0.0,1.0213668,0.0,0.0,0.6357797,0.6357797,0.0,1.2989599,0.6357797,0.0,0.6357797,0.0,0.0,0.6357797,1.2989599,1.8454525,1.694233,0.0,0.0,0.0,0.6357797,0.0,1.2989599,0.0,0.0,0.0,1.5160007,0.0,1.2989599,1.694233,0.0,3.69122,0.0,2.2910123,1.8454525,0.0,0.0,0.0
0.58928394,0.95758396,0.0,0.0,1.4376498,0.0,0.0,0.0,0.0,0.0,0.0,0.0,0.0,0.0,0.0,0.0,1.7606441,5.210645,0.0,0.0,0.0,0.0,0.95758396,0.0,0.0,0.0,0.0,0.0,1.2261523,1.2261523,0.95758396,0.0,0.95758396,0.0,0.58928394,0.58928394,0.0,0.0,2.10709,0.58928394,0.58928394,0.0,0.58928394,0.0,0.0,0.95758396,0.58928394,0.0,0.0,0.0,0.58928394,0.95758396,0.0,0.0,0.0,0.58928394,0.95758396,0.0,0.0,0.58928394,3.1895795,0.95758396,0.0,1.6121314,0.95758396,0.58928394,0.95758396,0.58928394,0.58928394,0.0,0.58928394,0.0,1.6121314,0.58928394,0.0,0.58928394,0.95758396,0.58928394,0.0,0.0,0.0,1.2261523,0.0,0.0,1.4376498,0.58928394,0.0,0.0,1.2261523,0.0,0.58928394,0.0,0.0,3.4500666,0.58928394,3.047728,0.0,0.58928394,0.58928394,0.58928394
0.5803124,0.0,0.0,0.0,1.743895,0.0,0.5803124,0.5803124,0.5803124,0.0,0.0,0.0,0.0,0.5803124,0.0,0.0,1.422237,4.566202,0.0,1.2118782,0.0,0.0,0.5803124,0.0,0.0,0.0,0.5803124,0.0,0.0,1.2118782,0.9451475,0.5803124,0.5803124,0.0,0.0,0.0,0.0,0.5803124,2.0893135,0.5803124,0.0,0.5803124,0.5803124,0.0,0.5803124,0.5803124,1.5959437,0.0,0.0,0.0,0.0,0.0,0.0,0.5803124,0.0,0.5803124,0.0,0.5803124,0.0,0.5803124,3.17016,0.5803124,0.0,2.4182105,0.0,0.5803124,0.5803124,0.5803124,0.0,0.0,0.0,0.0,0.0,0.5803124,0.0,0.9451475,0.0,0.0,0.0,0.5803124,0.5803124,0.0,0.5803124,0.5803124,1.8727517,0.0,0.9451475,0.9451475,0.0,0.5803124,0.0,0.5803124,0.5803124,2.9071808,0.0,1.5959437,0.5803124,0.0,0.0,0.0
0.0,1.2571852,0.0,0.6089523,0.0,0.0,0.0,0.98469985,0.0,0.0,0.0,0.0,0.0,0.0,0.6089523,0.0,0.6089523,4.0462003,0.0,0.98469985,0.0,0.0,0.6089523,0.98469985,0.0,0.0,0.6089523,0.0,0.0,0.0,0.0,0.0,0.6089523,0.0,0.6089523,0.0,0.0,0.0,2.40352,0.6089523,0.0,0.0,0.0,0.0,0.98469985,0.0,2.40352,0.0,0.0,0.0,0.6089523,0.6089523,0.0,0.0,0.0,0.0,0.0,0.6089523,0.0,0.6089523,2.40352,0.0,0.0,1.2571852,0.0,1.9270955,0.6089523,0.98469985,0.6089523,0.0,0.0,0.0,0.98469985,0.0,0.6089523,0.0,0.6089523,0.6089523,0.0,0.0,0.6089523,0.0,0.6089523,0.0,2.042263,0.98469985,0.0,0.98469985,0.0,0.0,0.6089523,0.6089523,0.0,3.264045,0.6089523,1.796917,0.6089523,0.98469985,0.6089523,0.6089523
0.0,1.454233,0.0,0.0,0.7389486,0.0,0.0,0.0,0.0,0.0,0.0,0.0,0.0,1.1592262,0.0,0.0,0.7389486,3.3443916,0.0,0.0,0.7389486,0.0,0.7389486,0.7389486,0.0,1.1592262,0.0,0.7389486,0.7389486,1.1592262,1.6817459,0.0,0.0,0.0,0.0,0.0,0.0,0.7389486,2.2772534,1.1592262,0.0,0.0,0.0,0.0,0.0,0.0,1.6817459,0.0,0.0,0.0,1.1592262,0.0,0.0,0.0,0.0,0.7389486,0.0,0.7389486,0.0,0.0,3.0810347,0.0,0.0,1.6817459,0.0,1.1592262,0.0,1.6817459,1.454233,0.0,0.0,0.7389486,1.454233,0.7389486,0.0,1.1592262,0.0,0.7389486,0.0,0.0,0.0,0.0,0.0,0.0,2.1582677,0.0,1.1592262,0.0,0.0,0.0,0.0,0.7389486,0.0,3.2640731,1.1592262,0.7389486,0.7389486,0.7389486,0.7389486,0.0
0.0,1.8624835,0.0,0.0,0.0,0.0,0.0,0.0,0.0,0.0,0.0,0.0,0.0,0.64533114,0.0,0.64533114,0.0,3.9291556,0.0,0.0,0.0,0.0,0.64533114,0.0,0.0,0.0,0.0,0.0,0.0,1.7107468,1.3136847,0.0,0.0,0.0,1.0343356,0.0,0.64533114,0.0,2.4748075,1.0343356,0.0,0.0,0.0,0.0,0.0,1.0343356,1.0343356,0.64533114,0.0,0.64533114,0.0,0.0,0.0,0.0,0.0,0.0,0.0,0.64533114,0.0,0.0,2.3954196,0.0,0.0,2.548354,0.64533114,0.0,1.8624835,0.0,0.64533114,1.0343356,0.0,0.0,0.0,1.0343356,0.0,1.0343356,0.0,0.0,1.0343356,0.0,0.0,0.0,0.0,0.0,2.2147987,0.0,0.0,1.3136847,0.0,0.0,0.0,1.7107468,0.0,3.6884942,0.64533114,0.64533114,0.64533114,1.3136847,0.0,0.0
0.0,1.0709108,0.823601,0.49429697,0.823601,0.0,0.49429697,0.0,0.0,0.0,0.0,0.49429697,0.49429697,0.49429697,0.0,0.0,1.0709108,3.4559562,0.0,0.49429697,0.0,0.0,1.0709108,1.4343048,0.0,0.0,0.0,0.0,1.2690246,1.5761029,1.8107059,0.0,1.0709108,0.0,0.0,1.0709108,0.0,0.0,2.3599272,0.823601,0.49429697,0.0,0.49429697,0.0,0.0,0.49429697,2.160116,0.0,0.0,0.49429697,0.49429697,0.49429697,0.0,0.0,0.823601,0.823601,0.0,0.49429697,0.0,0.49429697,2.7938786,0.0,0.49429697,2.9725156,0.49429697,0.0,0.823601,0.0,0.49429697,0.0,0.0,0.49429697,0.823601,1.0709108,0.0,0.49429697,0.0,0.0,0.49429697,0.0,0.0,0.0,0.49429697,0.0,1.9101509,0.0,0.49429697,1.0709108,0.49429697,0.49429697,0.0,1.2690246,0.823601,3.9901993,0.0,1.0709108,0.823601,0.0,0.0,0.0
0.0,0.76238394,0.0,0.76238394,0.0,0.0,0.0,0.76238394,0.0,0.0,0.0,0.0,0.0,0.0,0.0,0.0,1.1899022,3.6857474,0.0,0.0,0.0,0.0,0.0,0.76238394,0.0,0.76238394,0.0,0.0,0.76238394,1.1899022,1.4884311,0.0,0.0,0.0,0.0,0.76238394,0.76238394,0.0,2.3171818,1.4884311,0.0,0.76238394,0.0,0.0,0.0,0.76238394,1.9046266,0.76238394,0.0,0.0,0.0,0.76238394,0.0,0.76238394,0.0,0.76238394,0.0,0.0,0.0,0.0,2.4239545,1.1899022,0.0,1.7180266,0.0,1.4884311,0.76238394,0.76238394,0.76238394,0.0,0.0,0.76238394,1.4884311,0.0,0.0,0.76238394,1.1899022,0.76238394,0.0,0.0,0.0,1.1899022,0.76238394,0.0,1.4884311,0.0,0.0,0.76238394,0.0,0.0,0.76238394,0.0,0.0,3.1725216,0.0,1.1899022,0.76238394,0.0,0.76238394,0.76238394
0.82134724,0.82134724,0.0,0.0,0.0,0.0,1.8073447,0.0,0.0,0.0,0.0,0.82134724,0.0,0.0,0.0,0.82134724,0.0,3.7618396,0.0,0.0,0.0,0.0,0.82134724,0.82134724,0.0,0.0,0.82134724,0.0,0.0,1.2661365,2.522688,0.0,0.82134724,0.0,0.0,0.82134724,0.0,0.0,1.9971198,0.0,0.0,0.0,0.82134724,1.2661365,0.0,0.0,1.9971198,0.0,0.82134724,0.82134724,0.0,0.0,0.0,1.2661365,0.82134724,0.82134724,0.0,0.0,0.0,0.0,2.2940414,0.0,0.0,2.1565607,0.0,1.5729156,0.82134724,0.0,0.0,0.0,0.0,0.0,0.0,0.82134724,0.0,1.2661365,0.82134724,0.0,0.82134724,0.0,0.0,0.82134724,0.82134724,0.0,1.8073447,0.0,0.0,1.2661365,0.0,0.0,0.82134724,1.2661365,0.82134724,3.668851,0.0,0.82134724,1.2661365,1.2661365,1.8073447,0.82134724
0.0,0.6655381,0.0,0.0,0.0,0.0,1.0616281,0.0,0.0,0.0,0.0,0.0,0.0,0.0,0.0,0.0,1.0616281,4.0558157,0.0,0.6655381,0.0,0.0,0.0,1.0616281,0.0,0.0,0.0,0.0,0.6655381,1.7453115,2.8375645,0.0,0.6655381,0.0,0.0,1.3445895,0.0,0.0,2.147602,0.0,0.0,0.6655381,0.0,0.0,1.0616281,0.6655381,1.0616281,0.0,0.0,0.0,1.0616281,0.0,0.0,0.0,0.0,0.0,0.6655381,0.0,0.0,0.6655381,2.6558807,0.0,0.6655381,2.433693,0.6655381,1.0616281,1.5648899,1.0616281,0.6655381,0.0,0.0,0.6655381,1.0616281,0.0,0.0,1.5648899,0.0,0.0,1.0616281,0.0,1.0616281,0.0,0.0,0.0,2.0306137,0.6655381,0.0,1.0616281,0.6655381,0.0,1.3445895,1.0616281,0.0,3.915376,1.0616281,0.6655381,1.7453115,0.0,0.6655381,1.0616281
0.53521436,1.7841809,0.0,0.0,0.53521436,0.0,1.1389359,0.0,0.0,0.0,0.0,0.0,0.53521436,0.0,0.0,0.0,0.53521436,4.2230654,0.0,1.1389359,0.0,0.0,0.53521436,0.53521436,0.53521436,0.53521436,0.53521436,0.0,1.3431929,1.6576347,1.6576347,0.0,0.88195956,0.0,0.0,0.0,0.53521436,0.0,2.6705885,0.88195956,0.0,0.53521436,0.0,0.0,0.0,0.0,1.8964969,0.0,0.0,0.53521436,0.0,0.0,0.0,0.0,0.0,0.88195956,0.0,0.88195956,0.53521436,0.0,2.3896248,0.0,0.0,2.5674725,0.0,0.0,0.0,0.0,0.53521436,0.0,0.0,0.88195956,0.0,0.53521436,0.0,0.0,1.3431929,0.0,0.0,0.0,0.53521436,0.53521436,0.53521436,0.0,2.0891619,0.0,0.0,0.53521436,0.88195956,0.0,0.0,1.5127225,0.0,3.9368095,0.0,2.0891619,0.0,0.0,0.0,0.0
1.3603894,0.67595196,0.0,0.0,0.0,0.0,1.5817819,0.67595196,0.0,0.67595196,0.0,0.0,1.3603894,0.0,0.67595196,1.075619,0.67595196,3.6550703,0.0,0.67595196,0.0,1.5817819,0.67595196,0.0,0.0,0.0,0.0,0.0,0.0,2.8005965,2.1664479,0.0,2.1664479,0.0,0.0,1.3603894,0.0,0.0,1.916249,0.0,0.67595196,0.0,0.67595196,0.0,0.0,0.67595196,1.3603894,0.0,0.0,0.0,1.5817819,1.075619,0.0,1.3603894,1.075619,0.0,1.075619,0.0,0.0,2.049153,2.1664479,0.67595196,0.0,3.1023366,0.0,0.0,0.67595196,0.0,0.67595196,0.67595196,0.67595196,0.0,0.0,0.0,0.0,1.3603894,0.67595196,0.67595196,1.3603894,0.0,0.67595196,0.0,0.67595196,0.0,1.5817819,0.0,0.67595196,1.3603894,1.7629343,0.0,0.67595196,0.0,0.0,3.5498078,0.67595196,1.3603894,0.67595196,0.67595196,0.67595196,0.67595196
0.0,0.0,0.0,0.0,0.0,0.0,0.0,0.0,0.0,0.0,0.0,0.0,0.0,0.0,0.0,0.0,0.0,3.9693112,0.0,0.0,0.0,0.0,0.0,0.0,0.0,0.0,0.0,0.0,0.0,0.0,0.0,0.0,0.0,0.0,0.0,0.0,0.0,0.0,0.0,0.0,0.0,0.0,0.0,0.0,0.0,0.0,0.0,0.0,2.6381292,0.0,0.0,0.0,0.0,0.0,0.0,0.0,0.0,0.0,0.0,0.0,3.2948744,0.0,0.0,0.0,0.0,2.6381292,0.0,0.0,0.0,0.0,0.0,0.0,0.0,0.0,0.0,0.0,0.0,0.0,0.0,0.0,0.0,0.0,0.0,0.0,0.0,0.0,0.0,0.0,0.0,0.0,0.0,0.0,0.0,0.0,0.0,0.0,0.0,0.0,0.0,0.0
0.0,0.0,0.0,0.0,0.0,0.0,0.0,0.0,0.0,0.0,0.0,0.0,0.0,0.0,0.0,0.0,0.0,3.634961,0.0,0.0,0.0,0.0,0.0,0.0,0.0,0.0,0.0,0.0,0.0,2.5877733,2.5877733,0.0,0.0,0.0,0.0,0.0,0.0,0.0,0.0,0.0,0.0,0.0,0.0,0.0,0.0,0.0,0.0,0.0,0.0,0.0,0.0,0.0,0.0,0.0,0.0,0.0,0.0,0.0,0.0,0.0,0.0,0.0,0.0,0.0,0.0,0.0,0.0,0.0,0.0,0.0,0.0,0.0,0.0,0.0,0.0,0.0,0.0,0.0,0.0,0.0,0.0,0.0,0.0,0.0,0.0,0.0,0.0,0.0,0.0,0.0,0.0,0.0,0.0,3.2426019,0.0,0.0,0.0,0.0,0.0,0.0
0.0,0.0,0.0,0.7258269,0.0,0.0,0.7258269,0.7258269,0.0,0.7258269,0.0,0.0,0.7258269,0.0,0.0,0.0,0.0,3.197107,0.0,1.1419522,0.0,0.0,0.7258269,0.0,0.0,0.0,0.0,0.0,0.0,0.7258269,0.7258269,0.0,0.0,0.0,0.7258269,0.0,0.0,0.0,2.1359487,0.7258269,0.0,0.0,0.0,0.0,0.0,0.7258269,2.4565408,0.0,0.7258269,0.0,0.7258269,0.0,0.0,0.0,0.0,0.7258269,0.0,0.7258269,0.0,0.0,2.4565408,0.0,0.0,1.1419522,0.0,0.7258269,0.0,1.1419522,0.0,0.0,0.0,0.7258269,0.0,0.0,0.0,0.7258269,0.0,0.7258269,0.0,0.0,0.0,0.0,0.0,0.0,1.434922,0.7258269,0.0,0.7258269,0.0,0.0,0.0,0.0,0.7258269,3.1525319,0.0,1.1419522,0.7258269,0.0,0.0,1.1419522
0.0,0.0,0.0,0.0,0.67647445,0.0,0.0,0.0,0.67647445,0.67647445,0.67647445,0.0,0.0,0.0,0.0,0.0,0.0,3.1458497,0.0,1.0763197,0.0,0.0,0.0,0.0,0.0,0.0,0.0,0.0,0.0,1.0763197,0.0,0.0,0.67647445,0.0,0.0,0.0,0.0,0.0,2.6766994,1.3611798,0.0,0.0,0.0,0.0,0.0,0.0,2.5339484,0.0,0.0,0.0,0.0,0.0,0.0,0.0,0.67647445,0.0,0.0,0.0,0.0,0.0,2.6078691,1.0763197,0.0,2.050079,0.67647445,0.0,1.0763197,0.0,0.0,0.0,0.0,0.0,0.67647445,1.3611798,0.0,0.67647445,1.0763197,0.67647445,0.0,0.0,0.0,1.0763197,0.0,0.67647445,1.5826265,0.0,0.67647445,1.0763197,0.0,0.67647445,0.67647445,0.0,0.0,3.1033518,0.0,1.5826265,0.0,0.67647445,0.0,0.67647445
0.0,0.4800189,0.0,0.0,0.0,0.0,0.8029921,0.8029921,0.0,0.4800189,0.0,0.0,0.0,0.4800189,0.0,0.0,0.4800189,3.497642,0.0,0.4800189,0.0,0.0,0.4800189,0.0,0.0,0.0,0.4800189,0.0,0.4800189,0.8029921,0.0,0.0,0.4800189,0.0,0.0,0.4800189,0.0,0.0,2.4923697,0.0,0.0,0.0,0.0,0.0,0.0,0.0,2.3264554,0.0,0.0,0.4800189,0.4800189,0.0,0.0,0.0,0.0,0.0,0.0,0.0,0.4800189,0.8029921,2.5894244,0.0,0.0,0.8029921,0.0,0.4800189,0.8029921,0.4800189,0.0,0.0,0.0,0.0,0.0,0.4800189,0.4800189,0.0,0.0,0.4800189,0.0,0.0,0.0,0.0,0.4800189,0.4800189,1.7798285,0.0,0.0,0.4800189,0.4800189,0.0,0.0,0.4800189,0.0,2.7591565,0.0,0.8029921,0.4800189,0.0,0.0,0.0
0.0,0.0,0.0,0.0,0.0,0.8301858,0.0,0.0,0.0,0.0,0.0,0.0,0.0,0.0,0.49887797,0.49887797,0.49887797,3.3831143,0.0,1.0786195,0.0,0.0,0.49887797,0.0,0.0,0.0,0.0,0.49887797,0.0,0.0,0.49887797,0.0,0.49887797,0.49887797,0.49887797,0.0,0.0,0.0,2.2417028,0.8301858,0.0,0.0,0.0,0.0,0.0,0.49887797,2.3081906,0.0,0.0,0.0,0.0,0.49887797,0.0,0.0,0.0,0.0,0.0,0.0,0.0,0.49887797,2.7649386,0.0,0.0,0.49887797,0.0,0.49887797,0.8301858,0.0,0.0,0.0,0.0,0.8301858,0.0,0.8301858,0.0,0.8301858,0.8301858,0.0,0.0,0.0,0.0,0.0,0.0,0.0,0.8301858,0.8301858,0.49887797,0.8301858,0.0,0.0,0.0,0.49887797,0.0,2.4846425,0.49887797,1.2774527,0.49887797,0.0,0.0,0.0
0.0,0.0,0.0,0.0,0.8324911,0.0,0.500484,0.0,0.0,0.0,0.0,0.0,0.500484,0.500484,0.0,0.0,1.2803997,3.5108278,0.0,1.2803997,0.0,0.0,0.0,0.500484,0.0,0.0,0.0,0.0,0.500484,0.0,0.500484,0.0,0.500484,0.0,0.0,0.0,0.0,0.0,2.014262,0.8324911,0.0,0.0,0.0,0.0,0.500484,0.0,1.9236169,0.0,0.0,0.0,0.0,0.0,0.0,0.0,0.0,0.0,0.0,0.0,0.0,0.8324911,2.4329386,2.311869,0.500484,0.8324911,0.0,0.0,1.5886465,0.0,0.0,0.500484,0.0,0.500484,0.500484,0.0,0.0,0.0,0.500484,0.8324911,0.0,0.0,0.0,0.500484,0.500484,0.8324911,2.097369,0.500484,0.0,1.0813162,0.0,0.0,0.0,0.500484,0.500484,2.8471153,0.0,1.5886465,0.500484,0.500484,0.500484,0.0
0.4594648,0.0,0.0,0.4594648,1.5039349,0.0,0.4594648,0.0,0.0,0.4594648,0.0,0.0,0.0,0.4594648,0.0,0.0,0.77309114,3.2385023,0.0,1.2038444,0.0,0.4594648,0.77309114,0.0,0.0,0.0,0.0,0.0,0.4594648,0.4594648,0.4594648,0.0,0.4594648,0.0,0.0,0.77309114,0.0,0.77309114,2.390124,1.0114843,0.0,0.0,0.0,0.0,0.0,0.4594648,1.7344501,0.0,0.0,0.4594648,0.4594648,0.0,0.0,0.0,0.0,0.4594648,0.77309114,0.0,0.0,0.0,3.0079806,1.2038444,0.4594648,1.3651044,0.0,0.4594648,0.0,0.0,0.0,0.0,0.0,0.77309114,0.0,0.77309114,0.0,0.0,0.77309114,0.0,0.0,0.4594648,0.0,0.0,0.4594648,0.0,1.6258199,0.4594648,0.0,0.77309114,0.4594648,0.0,0.0,0.77309114,0.4594648,2.9486418,0.4594648,1.5039349,0.4594648,0.0,0.0,0.4594648
0.49154496,0.0,0.49154496,0.0,0.49154496,0.0,0.0,0.49154496,0.0,0.0,0.0,0.49154496,0.0,0.0,0.0,0.49154496,0.81963885,3.428731,0.0,0.49154496,0.0,0.0,0.0,0.0,0.0,0.0,0.0,0.0,0.0,0.0,0.49154496,0.0,0.0,0.0,0.49154496,0.0,0.0,0.49154496,2.224939,1.0662682,0.0,0.0,1.2639459,0.0,0.0,0.49154496,2.1538622,0.0,0.0,0.0,0.0,0.0,0.0,0.0,0.0,0.49154496,0.0,0.0,0.0,0.0,2.787241,0.0,0.0,1.2639459,0.49154496,0.81963885,0.49154496,0.49154496,0.0,0.0,0.0,1.0662682,0.0,0.0,0.49154496,0.0,0.81963885,0.0,0.0,0.81963885,0.0,0.49154496,0.0,0.0,1.6944921,0.49154496,0.0,0.0,0.81963885,0.0,0.0,0.49154496,0.0,2.6624696,0.81963885,1.2639459,0.49154496,0.0,0.0,0.81963885
0.0,0.5385802,0.0,0.0,0.0,0.0,0.0,0.0,0.0,0.0,0.0,0.0,0.0,0.5385802,0.0,0.0,0.0,3.3106222,0.0,0.8867154,0.0,0.0,0.8867154,0.5385802,0.0,0.0,0.0,0.0,0.5385802,1.3491864,0.8867154,0.0,0.0,0.0,0.0,0.0,0.0,0.0,1.6641974,1.1444509,0.0,0.0,0.0,0.8867154,0.5385802,0.8867154,2.3298538,0.0,0.0,0.0,0.0,0.0,0.0,0.0,0.0,0.5385802,0.5385802,0.8867154,0.0,0.0,3.4780712,0.0,0.0,0.8867154,0.0,0.5385802,0.8867154,0.0,0.0,0.0,0.0,0.0,0.0,0.0,0.0,0.0,0.5385802,0.0,0.0,0.0,0.0,0.0,0.0,0.0,1.6641974,0.0,0.5385802,0.0,0.0,0.0,0.0,0.0,0.0,2.8571687,0.0,1.6641974,1.3491864,0.0,0.0,0.0
0.0,0.63517416,0.0,0.63517416,1.1688772,0.0,0.3671922,0.0,0.0,0.3671922,0.0,0.63517416,0.0,0.0,0.0,0.0,1.1688772,3.3656237,0.0,0.3671922,0.0,0.0,1.4123831,0.3671922,0.0,0.3671922,0.0,0.0,0.0,0.63517416,0.3671922,0.0,0.0,0.0,0.0,0.0,0.3671922,0.0,2.4925346,1.1688772,0.0,0.0,0.0,0.0,0.0,0.0,1.9756708,0.0,0.0,0.0,0.0,0.0,0.0,0.0,0.63517416,0.3671922,0.0,0.0,0.0,0.0,2.9544253,1.6080527,0.0,0.8463086,0.3671922,0.3671922,0.63517416,0.3671922,0.0,0.0,0.0,0.3671922,1.0205432,0.8463086,0.3671922,0.3671922,0.63517416,0.0,0.0,0.3671922,0.0,0.63517416,0.3671922,0.0,1.6931822,0.0,0.0,0.3671922,0.3671922,0.0,0.0,0.0,0.0,2.629482,0.0,1.7716298,0.63517416,0.63517416,0.0,0.3671922
0.39961848,0.6843644,0.0,1.2401924,1.2401924,0.0,0.6843644,0.39961848,0.39961848,0.0,0.0,0.39961848,0.0,0.6843644,0.0,0.39961848,1.2401924,3.2411375,0.0,0.0,0.0,0.0,0.0,0.0,0.0,0.0,0.0,0.0,0.39961848,0.0,0.90574205,0.0,0.39961848,0.0,0.0,0.0,0.39961848,0.39961848,1.9996301,1.373091,0.0,0.0,0.0,0.39961848,0.0,1.0868846,2.2355204,0.39961848,0.39961848,0.0,0.0,0.0,0.0,0.0,0.0,0.39961848,0.0,0.39961848,0.0,0.0,2.6226845,1.5953481,0.0,1.0868846,0.0,0.0,1.0868846,0.39961848,0.0,0.0,0.0,0.90574205,0.39961848,0.39961848,0.0,0.39961848,0.6843644,0.90574205,0.0,0.0,0.39961848,0.6843644,0.0,0.39961848,2.181557,0.39961848,0.39961848,0.6843644,0.39961848,0.0,0.39961848,0.6843644,0.0,2.6915927,0.0,1.4903817,0.0,0.0,0.39961848,0.39961848
0.7898892,1.0313067,0.0,0.0,0.0,0.47098824,0.0,0.0,0.0,0.0,0.0,0.47098824,0.47098824,0.7898892,0.7898892,0.0,0.0,3.5464015,0.0,1.52811,0.0,0.0,0.47098824,0.0,0.0,0.0,0.0,0.47098824,0.0,0.47098824,1.0313067,0.0,0.0,0.0,0.0,0.0,0.0,0.0,2.655681,0.0,0.0,0.0,0.0,0.0,0.0,0.0,2.4183033,0.0,0.0,0.0,0.0,0.0,0.0,0.47098824,0.0,0.47098824,0.47098824,0.0,0.0,0.0,2.7368207,0.0,0.0,1.8585119,0.0,0.7898892,0.0,0.47098824,0.47098824,0.0,1.0313067,1.0313067,0.47098824,1.225628,0.47098824,0.0,1.0313067,0.0,0.0,0.47098824,0.0,0.0,0.0,0.0,1.9481592,0.0,0.47098824,0.47098824,0.7898892,0.0,0.0,1.3882626,0.0,3.0935469,0.0,1.0313067,0.47098824,0.47098824,0.47098824,0.47098824
0.7500325,0.98417485,0.44374588,0.44374588,0.0,0.0,0.7500325,0.0,0.0,0.0,0.0,0.0,0.0,0.0,0.0,0.44374588,0.0,4.0977497,0.0,0.0,0.0,0.7500325,0.7500325,1.5912212,0.0,0.44374588,0.0,0.44374588,0.7500325,2.176963,1.6989632,0.0,0.44374588,0.44374588,0.98417485,0.0,0.0,0.0,2.176963,0.7500325,0.0,0.0,0.44374588,0.0,0.0,0.44374588,1.7962178,0.0,0.0,0.0,0.0,0.0,0.44374588,0.44374588,0.0,0.0,0.0,0.0,0.0,0.44374588,2.9669025,1.1737623,0.44374588,2.5439003,0.0,0.44374588,0.44374588,0.0,0.0,0.44374588,0.44374588,0.0,1.1737623,0.44374588,0.0,0.7500325,0.0,0.0,0.44374588,0.0,0.44374588,0.7500325,0.44374588,0.0,1.4704531,0.44374588,0.98417485,0.0,0.0,0.44374588,0.98417485,1.7962178,0.0,3.705145,0.0,1.8848466,1.3330708,0.44374588,0.98417485,0.44374588
0.70032364,0.70032364,0.70032364,0.0,1.1081696,0.0,1.6208956,1.6208956,0.0,0.0,0.0,0.0,1.1081696,0.0,0.0,0.70032364,0.0,4.3316007,0.0,0.0,0.0,0.70032364,0.0,1.1081696,0.0,0.0,0.0,1.1081696,0.70032364,1.6208956,1.9581813,0.0,0.70032364,0.0,0.0,0.0,1.3970398,1.3970398,2.0919669,0.70032364,0.0,0.0,0.0,0.0,0.0,0.0,1.1081696,0.0,0.0,1.3970398,0.0,0.0,0.0,0.0,0.70032364,1.1081696,1.1081696,0.0,0.0,0.0,2.8466794,1.1081696,0.0,2.9038844,0.70032364,0.0,0.0,1.1081696,0.70032364,0.0,0.0,0.0,0.70032364,0.0,0.0,0.70032364,0.70032364,0.0,0.0,0.70032364,0.0,0.0,0.0,0.0,2.0919669,0.0,0.0,0.70032364,0.0,0.0,0.70032364,2.7214048,0.0,4.262594,0.0,2.5781581,0.70032364,0.0,1.6208956,0.0
0.50168896,1.2826083,0.50168896,0.0,0.83421975,0.0,0.50168896,1.4486918,0.50168896,0.0,0.0,0.50168896,0.50168896,0.0,0.0,1.0833378,0.50168896,5.0626802,0.83421975,0.0,0.0,0.83421975,0.0,0.83421975,0.0,0.50168896,0.0,0.83421975,0.0,1.9262283,2.3770082,0.83421975,0.50168896,0.0,1.0833378,0.50168896,0.0,0.0,1.0833378,0.50168896,0.0,0.0,0.0,0.50168896,0.50168896,0.0,1.0833378,0.83421975,0.50168896,1.0833378,0.50168896,0.0,0.0,0.0,0.0,1.2826083,0.50168896,0.0,0.0,0.50168896,2.2480874,0.0,0.0,3.7231243,0.0,0.0,0.0,0.50168896,0.0,0.50168896,0.83421975,0.0,0.83421975,0.50168896,0.0,0.0,1.0833378,0.50168896,0.0,0.0,0.0,0.0,1.2826083,0.50168896,1.8264935,0.0,1.7156985,1.2826083,0.50168896,0.50168896,1.2826083,3.3678079,0.50168896,4.963046,0.50168896,2.5437374,1.2826083,0.50168896,1.2826083,0.0
0.645008,1.7101898,0.645008,0.37363118,0.37363118,0.0,0.645008,0.645008,0.37363118,0.0,0.0,0.645008,0.0,0.0,0.0,0.645008,0.37363118,4.814704,0.0,0.645008,0.645008,0.0,0.645008,0.85823923,0.0,0.0,0.0,0.645008,0.0,1.8619094,1.3131877,0.37363118,0.645008,0.0,0.37363118,0.37363118,0.37363118,0.645008,1.5312622,0.37363118,0.0,0.0,0.0,0.37363118,0.37363118,0.0,1.6247225,0.37363118,0.37363118,0.37363118,0.37363118,0.0,0.0,0.0,0.0,0.645008,0.85823923,0.0,0.0,0.85823923,2.6487978,0.37363118,0.0,3.0194023,0.0,0.645008,0.37363118,0.0,0.0,0.0,0.645008,0.37363118,0.0,0.645008,0.0,0.85823923,0.37363118,0.0,0.0,0.37363118,0.0,0.0,1.3131877,0.37363118,2.0534847,0.37363118,0.37363118,0.85823923,0.37363118,0.85823923,0.85823923,2.8246498,0.37363118,4.278348,0.645008,2.7974057,2.2624943,0.0,1.0338976,0.0
0.44324607,0.44324607,0.0,0.0,0.0,0.0,0.9833012,0.0,0.0,0.0,0.0,0.0,0.0,0.0,0.44324607,0.9833012,0.44324607,6.929216,0.0,0.0,0.0,0.0,0.7492965,0.44324607,0.0,0.0,0.44324607,0.0,0.44324607,1.7950541,0.9833012,0.0,0.9833012,0.0,0.7492965,0.44324607,0.7492965,0.0,1.5901102,0.44324607,0.0,0.7492965,0.0,0.44324607,0.0,0.44324607,1.6978233,0.0,0.7492965,0.0,0.44324607,0.44324607,0.0,0.0,0.44324607,1.4693786,0.0,0.0,0.0,0.0,2.6662648,0.0,0.0,2.8104358,0.44324607,1.3320435,0.7492965,0.0,0.0,0.0,0.0,0.0,0.0,0.7492965,0.0,1.4693786,0.7492965,0.0,0.0,0.44324607,0.44324607,0.0,0.44324607,0.0,1.8836633,0.0,0.0,0.7492965,0.44324607,0.44324607,0.44324607,2.2371218,0.0,3.8796904,0.0,3.9887393,0.7492965,0.44324607,0.44324607,0.0
0.44770467,0.0,0.0,0.44770467,0.99108255,0.0,0.0,0.44770467,0.0,0.0,0.0,0.0,0.44770467,0.0,0.0,0.0,0.75585574,3.6737843,0.0,0.99108255,0.0,0.0,0.44770467,0.44770467,0.0,0.0,0.0,0.0,0.44770467,0.99108255,0.44770467,0.0,0.0,0.44770467,0.0,0.0,0.0,0.0,2.5540476,0.99108255,0.0,0.0,0.0,0.0,0.44770467,0.0,2.1212208,0.0,0.44770467,0.0,0.0,0.0,0.0,0.0,0.0,0.0,0.0,0.44770467,0.0,0.44770467,2.6382341,0.99108255,0.0,1.5999966,0.0,0.99108255,0.0,0.0,0.0,0.44770467,0.0,0.0,1.3411878,0.44770467,0.44770467,0.0,0.75585574,0.0,0.0,0.44770467,0.44770467,0.44770467,0.0,0.75585574,1.8054073,0.44770467,0.0,1.3411878,0.44770467,0.0,0.44770467,0.99108255,0.0,2.9181066,0.0,1.7079669,0.99108255,0.44770467,0.0,0.0
0.0,1.1529961,0.43302667,1.1529961,1.1529961,0.0,0.0,0.0,0.0,0.0,0.0,0.43302667,0.0,0.0,0.0,0.0,1.1529961,3.5280344,0.0,0.7342098,0.0,0.0,1.3109205,0.0,0.0,0.0,0.0,0.43302667,0.9653673,0.9653673,0.0,0.0,0.0,0.0,0.0,0.43302667,0.0,0.43302667,2.3753254,0.43302667,0.0,0.0,0.43302667,0.0,0.0,0.43302667,1.6743524,0.0,0.0,0.0,0.0,0.43302667,0.0,0.0,0.43302667,0.43302667,0.0,0.0,0.43302667,0.0,2.6394868,1.77109,0.0,1.6743524,0.0,0.7342098,0.43302667,0.7342098,0.0,0.0,0.0,0.43302667,2.0153039,0.9653673,0.0,0.0,0.43302667,0.0,0.0,0.7342098,0.43302667,0.0,0.0,0.0,1.4472728,0.43302667,0.43302667,0.43302667,0.0,0.0,0.43302667,0.0,0.0,3.2760162,0.43302667,1.77109,0.0,0.43302667,0.0,0.0
0.0,1.055523,0.8104791,0.8104791,1.7910826,0.0,1.055523,0.0,0.48519552,0.0,0.0,0.48519552,0.0,0.0,0.0,0.48519552,1.5575035,4.6685133,0.0,0.0,0.0,0.0,1.055523,1.4164507,0.0,0.48519552,0.8104791,0.48519552,1.055523,2.690486,1.4164507,0.0,0.8104791,0.0,0.0,0.0,0.0,0.0,1.9803014,0.48519552,0.0,1.055523,1.252183,0.0,0.0,0.8104791,2.2765384,0.0,0.48519552,0.0,0.0,0.8104791,0.0,0.0,0.0,0.48519552,0.0,0.0,0.0,1.055523,2.7319834,1.5575035,0.48519552,0.48519552,0.0,0.48519552,0.8104791,0.0,0.0,0.48519552,0.48519552,0.0,1.9803014,0.0,0.0,0.0,0.48519552,0.48519552,0.0,0.48519552,0.0,0.48519552,0.0,0.0,2.0629842,0.0,0.48519552,0.48519552,1.4164507,0.48519552,0.0,0.48519552,0.8104791,3.4531615,0.0,1.6810975,1.055523,1.252183,0.0,0.0
0.0,0.0,0.46255815,1.0168216,0.46255815,0.0,0.0,0.0,0.0,0.0,0.0,0.0,0.0,0.0,0.0,0.0,1.0168216,3.54164,0.46255815,0.0,0.0,0.0,0.46255815,1.0168216,0.0,0.0,1.209714,0.0,0.46255815,1.5104545,0.46255815,0.0,0.46255815,0.0,0.0,0.46255815,0.0,0.0,2.284622,0.0,0.0,0.0,0.0,0.0,0.46255815,0.0,1.839467,0.0,0.0,0.0,0.0,0.0,0.0,0.46255815,0.0,0.0,0.0,0.0,0.0,0.46255815,2.9255214,0.77760917,0.0,1.3713477,0.0,0.46255815,0.0,0.0,0.0,0.0,0.0,0.77760917,0.46255815,1.3713477,0.46255815,0.0,0.77760917,1.0168216,0.0,0.0,0.46255815,0.0,0.46255815,0.0,1.6325527,0.0,0.0,1.0168216,0.46255815,0.46255815,0.0,1.0168216,0.0,2.826103,0.0,1.6325527,0.77760917,0.46255815,0.0,0.0
0.0,0.0,0.0,0.0,0.0,0.0,0.4828069,0.0,0.0,0.0,0.0,0.0,0.0,1.0514685,0.0,0.0,0.0,3.6757498,0.0,1.2477411,0.0,0.0,0.0,0.0,0.0,0.4828069,0.0,0.4828069,0.8070265,0.4828069,0.4828069,0.0,1.0514685,0.0,0.0,0.0,0.0,0.4828069,2.596175,0.4828069,0.0,0.0,0.4828069,0.0,0.0,0.4828069,2.548798,0.0,0.0,0.0,0.0,0.0,0.0,0.0,0.0,0.4828069,0.0,0.0,0.0,0.0,2.9764733,0.4828069,0.0,1.2477411,0.4828069,0.8070265,0.8070265,0.4828069,0.0,0.0,0.0,0.4828069,0.0,0.8070265,0.0,0.4828069,1.5525928,0.0,0.0,0.0,0.0,0.8070265,0.4828069,0.0,1.8848782,0.0,0.4828069,0.8070265,0.0,0.0,0.0,0.0,0.0,2.9443278,0.0,0.4828069,0.4828069,0.0,0.4828069,0.0
0.31494096,0.0,0.0,0.5540902,1.3766044,0.0,0.31494096,0.0,0.0,0.0,0.0,0.0,0.0,0.31494096,0.0,0.0,0.0,4.256939,0.0,0.31494096,0.0,0.0,0.5540902,0.0,0.0,0.0,0.0,0.5540902,0.31494096,1.3766044,0.74694157,0.0,0.0,0.0,0.0,0.31494096,0.31494096,0.31494096,2.4305382,0.9085463,0.31494096,0.0,0.0,0.0,0.0,0.31494096,2.0364313,0.31494096,0.31494096,0.0,0.31494096,0.31494096,0.74694157,0.0,0.0,0.0,0.0,0.5540902,0.0,0.31494096,3.0615113,1.7599797,0.31494096,1.3766044,0.0,0.74694157,1.047632,1.1697137,0.0,0.0,0.0,0.5540902,1.4659383,0.5540902,0.0,0.31494096,0.9085463,0.0,0.0,0.0,0.0,0.31494096,0.0,0.0,1.9869195,0.5540902,0.0,0.31494096,0.0,0.5540902,0.0,0.74694157,0.5540902,3.1285365,0.0,1.6237279,1.047632,0.31494096,0.31494096,0.0
0.29316878,0.51959,0.29316878,0.0,0.51959,0.0,0.29316878,0.7040907,0.0,0.29316878,0.0,0.0,0.0,0.0,0.29316878,0.0,0.51959,4.0702753,0.29316878,0.51959,0.0,0.0,0.0,0.29316878,0.0,0.0,0.0,0.0,0.51959,0.99449,0.51959,0.0,0.29316878,0.0,0.0,0.29316878,0.29316878,0.0,2.0558379,0.859795,0.29316878,0.0,0.0,0.0,0.0,0.29316878,1.8099327,0.0,0.29316878,0.0,0.29316878,0.0,0.0,0.0,0.0,0.29316878,0.0,0.29316878,0.0,0.29316878,2.8136573,0.29316878,0.0,1.1131772,0.29316878,0.859795,1.1131772,0.0,0.0,0.0,0.51959,0.29316878,0.51959,0.7040907,0.0,0.29316878,0.7040907,0.51959,0.0,0.0,0.0,0.51959,0.29316878,0.29316878,1.6916993,0.0,0.0,1.3151615,0.51959,0.29316878,0.29316878,0.99449,0.29316878,3.0965493,0.29316878,1.483124,0.51959,0.51959,0.0,0.29316878
0.47089785,1.0311519,0.47089785,0.0,0.0,0.0,0.47089785,0.47089785,0.0,0.0,0.0,0.0,0.47089785,0.0,0.0,0.0,0.47089785,4.945436,0.47089785,0.78975785,0.0,0.0,0.0,0.78975785,0.0,0.0,0.47089785,0.47089785,0.78975785,1.6505837,0.0,0.0,0.0,0.0,0.47089785,0.0,0.0,0.47089785,2.2428393,0.78975785,0.0,1.0311519,0.47089785,0.0,0.0,0.0,0.78975785,0.0,0.0,0.0,0.0,0.0,0.0,0.0,0.0,0.47089785,0.47089785,0.47089785,0.0,0.0,2.696849,0.0,0.0,0.78975785,0.78975785,0.47089785,1.7598304,0.0,0.0,0.0,0.47089785,0.78975785,0.47089785,0.47089785,0.0,0.0,0.78975785,0.0,0.0,0.0,0.0,0.0,0.0,0.0,0.78975785,0.0,0.0,0.0,0.47089785,1.388082,1.0311519,1.225458,0.0,3.7207634,0.0,2.1062267,1.225458,0.78975785,0.47089785,0.47089785
0.0,0.55095893,0.0,0.0,0.0,0.0,0.0,0.55095893,0.0,0.0,0.0,0.0,0.0,0.0,0.0,0.0,0.0,5.9426723,0.55095893,0.55095893,0.0,0.55095893,0.0,0.55095893,0.0,0.90415,0.0,0.55095893,0.55095893,1.8155429,0.55095893,0.0,0.0,0.0,1.1646333,0.0,0.0,0.55095893,1.5421392,0.90415,0.0,0.0,0.90415,0.0,0.0,0.0,0.90415,0.0,0.0,0.0,0.0,0.55095893,0.0,0.0,0.0,1.3710953,0.0,1.5421392,0.55095893,0.55095893,3.1689453,0.0,0.0,0.55095893,0.0,0.55095893,0.55095893,0.55095893,0.0,0.0,0.0,0.55095893,0.0,0.90415,0.0,0.55095893,0.0,0.90415,0.0,0.55095893,0.0,1.3710953,0.55095893,0.0,1.6881557,0.0,0.0,0.0,0.0,1.6881557,0.55095893,0.90415,0.0,3.3126202,0.0,1.5421392,0.55095893,0.55095893,0.0,0.0
0.0,1.0168405,0.6324536,0.0,0.0,0.0,0.0,1.0168405,0.0,0.6324536,0.0,0.0,0.0,0.0,0.6324536,1.2938143,0.0,5.841179,0.0,0.6324536,0.0,0.0,1.0168405,0.6324536,0.0,0.0,0.0,0.0,0.0,1.6884553,0.0,0.0,0.0,0.0,1.2938143,1.2938143,0.6324536,0.6324536,2.5232377,0.0,0.0,0.0,0.6324536,1.0168405,0.0,0.0,1.6884553,0.0,0.0,1.0168405,0.0,0.0,0.0,0.6324536,0.6324536,0.0,0.0,0.6324536,0.6324536,1.0168405,3.0582907,0.0,0.0,1.2938143,0.0,0.6324536,0.0,0.6324536,0.6324536,0.0,0.0,0.0,0.0,1.0168405,0.0,1.0168405,0.0,0.0,0.0,0.0,0.6324536,0.6324536,0.0,0.0,2.1905365,0.0,1.0168405,1.0168405,0.0,1.2938143,0.0,1.5104775,0.0,3.4619102,0.0,2.6555877,1.5104775,0.6324536,1.2938143,0.0
0.0,0.7363301,0.0,0.0,0.0,0.0,1.1557848,0.7363301,0.0,0.0,0.0,0.0,0.0,0.0,0.0,0.7363301,0.7363301,5.548066,0.0,0.7363301,0.0,0.0,0.7363301,0.0,0.0,0.0,0.7363301,0.0,0.7363301,0.7363301,0.0,0.0,0.7363301,0.0,1.1557848,0.0,0.0,0.0,1.8627286,0.0,0.0,0.0,0.7363301,0.0,0.0,0.0,1.450389,0.7363301,0.0,0.0,0.0,0.0,0.0,0.0,0.0,0.0,0.0,0.0,0.0,0.7363301,2.1538303,0.0,0.0,1.6776628,0.0,0.0,0.7363301,0.7363301,0.0,0.0,0.0,0.7363301,0.0,1.1557848,0.0,0.7363301,0.0,0.0,0.0,0.0,0.0,1.6776628,0.0,0.0,2.1538303,0.0,0.0,0.7363301,0.0,1.450389,0.0,1.1557848,0.0,3.3002045,0.7363301,2.2727506,1.1557848,0.0,0.7363301,0.0
0.0,0.66297495,0.0,0.0,0.66297495,0.0,0.66297495,0.0,0.66297495,0.0,0.0,0.0,0.0,0.0,0.0,0.66297495,0.0,5.1860733,0.0,1.3406876,0.0,0.0,0.66297495,0.0,0.0,0.0,0.66297495,0.0,0.66297495,1.0581769,0.66297495,0.0,0.66297495,0.0,0.66297495,0.66297495,0.0,0.0,1.5607154,0.0,0.0,0.0,1.0581769,0.0,0.0,0.0,1.893615,0.66297495,0.0,0.0,0.0,0.0,0.0,0.0,0.0,0.0,0.0,1.7409545,0.0,0.0,2.8864765,0.66297495,0.0,2.0260272,0.66297495,0.66297495,0.66297495,0.66297495,0.0,0.0,0.0,0.0,1.0581769,0.66297495,0.0,0.0,1.3406876,1.3406876,0.0,0.0,0.0,0.0,1.0581769,0.0,1.7409545,0.0,0.0,0.66297495,0.0,1.3406876,0.0,1.3406876,0.66297495,4.0506263,0.0,3.7467828,0.66297495,0.0,1.0581769,0.0
0.0,0.81490904,1.2578757,0.81490904,0.81490904,0.0,0.0,0.0,0.81490904,0.0,0.0,0.0,0.81490904,0.0,0.0,0.81490904,0.81490904,5.460302,0.0,0.0,0.0,0.0,0.0,0.0,0.0,0.0,1.2578757,0.0,0.81490904,1.563794,0.0,0.0,0.0,0.0,0.81490904,0.81490904,1.2578757,0.0,1.9871688,0.0,0.0,0.0,0.0,0.81490904,0.0,0.0,0.81490904,0.0,0.0,0.0,0.0,0.0,0.0,0.0,0.0,1.563794,0.81490904,0.81490904,0.0,0.0,2.6979103,0.0,0.0,1.2578757,0.0,0.81490904,1.563794,0.0,0.0,0.0,0.81490904,0.0,0.0,0.0,0.0,1.2578757,0.0,0.0,0.0,0.0,1.2578757,0.0,0.0,0.0,1.563794,0.81490904,0.0,1.2578757,0.0,0.81490904,0.0,0.81490904,0.81490904,3.8885674,0.81490904,2.7792938,1.2578757,0.0,0.0,0.81490904
0.3712039,1.4222285,0.0,0.0,0.0,0.0,0.0,0.3712039,0.0,0.3712039,0.0,0.3712039,0.0,0.6413049,0.0,0.0,0.6413049,4.150686,0.0,0.6413049,0.0,0.0,0.3712039,0.6413049,0.0,0.0,0.0,0.0,0.0,1.3074869,1.1778525,0.0,0.3712039,0.0,0.0,0.0,0.0,0.0,2.2072425,0.85374945,0.0,0.0,0.0,0.0,0.0,0.3712039,1.7824268,0.3712039,0.3712039,0.0,0.3712039,0.0,0.0,0.3712039,0.6413049,0.3712039,0.3712039,0.0,0.0,0.0,2.8696423,0.6413049,0.3712039,1.7824268,0.0,0.0,0.0,0.3712039,0.3712039,0.0,0.6413049,0.0,0.3712039,0.6413049,0.3712039,0.3712039,0.6413049,0.0,0.0,0.0,0.0,0.3712039,0.85374945,0.0,1.7037997,0.85374945,0.3712039,0.6413049,0.0,0.3712039,0.0,0.85374945,0.0,3.657291,0.0,1.7037997,0.6413049,0.3712039,0.0,0.0
0.53977144,0.53977144,0.0,1.1464001,2.0987718,0.0,0.0,0.0,0.0,0.0,0.0,0.0,0.8883971,0.0,0.53977144,0.0,0.53977144,4.9854527,0.0,1.5212783,0.0,0.53977144,0.8883971,1.1464001,0.0,0.0,0.0,0.0,0.0,1.7933087,0.8883971,0.0,0.0,0.0,0.53977144,0.0,0.0,0.0,1.9058197,0.8883971,0.0,0.53977144,1.1464001,0.0,0.0,0.0,1.1464001,0.0,0.0,0.0,0.0,0.0,0.53977144,0.53977144,0.0,0.0,0.0,0.8883971,0.0,0.0,2.6305256,2.0069423,0.0,1.5212783,0.0,0.8883971,0.0,0.0,0.0,0.0,0.53977144,0.0,1.351304,0.0,0.0,0.0,0.8883971,0.53977144,0.53977144,0.0,0.0,0.53977144,0.0,0.0,1.7933087,0.0,0.53977144,0.53977144,0.0,0.53977144,0.53977144,1.351304,0.53977144,3.232025,0.0,2.577596,1.1464001,0.53977144,0.53977144,0.0
0.0,0.8914979,0.0,0.0,0.39176726,0.0,0.8914979,0.39176726,0.39176726,0.0,0.0,0.0,0.0,0.0,0.0,0.0,0.6725294,3.9573114,0.0,0.0,0.39176726,0.0,0.39176726,1.2231772,0.0,0.0,0.39176726,0.39176726,0.39176726,0.8914979,0.8914979,0.0,0.8914979,0.0,0.0,0.0,0.39176726,0.0,2.2651615,0.8914979,0.0,0.39176726,0.8914979,0.0,0.0,0.39176726,1.5762422,0.39176726,0.39176726,0.39176726,0.8914979,0.0,0.0,0.39176726,0.0,0.39176726,0.0,0.0,0.0,0.8914979,2.564167,0.8914979,0.0,1.9788907,0.0,0.39176726,0.6725294,0.6725294,0.6725294,0.0,0.6725294,0.0,0.39176726,0.8914979,0.0,0.0,0.6725294,0.39176726,0.0,0.0,0.39176726,0.6725294,0.8914979,0.0,1.9103007,0.39176726,0.0,0.39176726,0.39176726,0.39176726,0.0,0.8914979,0.0,3.5005224,0.39176726,1.4718189,0.39176726,1.355206,0.39176726,0.39176726
0.0,0.4263155,0.4263155,0.0,0.0,0.4263155,0.4263155,0.0,0.0,0.0,0.0,0.0,0.0,0.0,0.4263155,0.0,0.4263155,5.5333114,0.0,0.95351386,0.0,0.0,0.4263155,0.95351386,0.0,0.0,0.4263155,0.0,0.72426194,1.9986715,0.72426194,0.0,0.4263155,0.0,0.72426194,0.0,0.0,0.0,1.9239044,0.4263155,0.0,1.1398871,0.4263155,0.72426194,0.4263155,0.0,1.5520687,0.72426194,0.4263155,0.0,0.0,0.0,0.0,0.0,0.4263155,0.0,0.72426194,0.4263155,0.0,0.95351386,2.8910007,0.4263155,0.72426194,1.9986715,0.0,0.72426194,0.4263155,0.0,0.0,0.0,0.0,0.72426194,0.72426194,0.72426194,0.0,0.0,0.95351386,0.4263155,0.4263155,0.0,0.0,0.72426194,0.0,0.0,1.9239044,0.0,0.0,0.72426194,0.95351386,0.0,0.4263155,0.4263155,0.0,3.6149385,0.0,1.1398871,0.4263155,0.72426194,0.0,0.72426194
0.0,0.6864893,0.0,1.3762909,1.4937015,0.0,0.6864893,0.6864893,0.0,0.0,0.0,0.40103146,0.0,0.0,0.0,0.0,1.0897253,4.21367,0.0,0.908296,0.0,0.0,0.0,0.40103146,0.0,0.0,0.0,0.0,0.908296,1.4937015,0.0,0.40103146,0.40103146,0.0,0.0,0.0,0.0,0.40103146,2.385757,0.40103146,0.0,0.0,0.6864893,0.0,0.0,0.40103146,2.067761,0.0,0.0,0.0,0.0,0.0,0.0,0.0,0.0,0.40103146,0.40103146,0.0,0.0,0.6864893,2.820644,1.598764,0.0,1.4937015,0.40103146,0.40103146,1.0897253,0.0,0.6864893,0.0,0.0,0.6864893,1.4937015,0.0,0.0,0.40103146,0.40103146,0.6864893,0.0,0.0,0.0,0.40103146,0.40103146,0.0,2.067761,0.908296,0.908296,1.2432381,0.0,0.0,0.40103146,0.40103146,0.0,3.2829745,0.0,0.908296,0.0,1.0897253,0.0,0.6864893
0.0,0.0,0.0,0.0,0.4579445,0.0,0.77086836,0.4579445,0.0,0.0,0.0,0.4579445,0.0,0.0,0.0,0.0,0.0,4.2418575,0.0,0.4579445,0.0,0.0,0.0,0.77086836,0.0,0.0,0.0,0.0,0.0,1.0088568,1.0088568,0.0,0.0,0.0,0.0,0.0,0.0,0.4579445,1.8289576,0.0,0.0,0.4579445,0.0,0.4579445,0.4579445,0.77086836,1.999997,0.0,1.2009537,0.4579445,0.0,0.0,0.0,0.0,0.0,0.4579445,0.0,0.4579445,0.0,0.77086836,2.4878693,0.0,0.0,1.2009537,0.0,1.0088568,0.4579445,0.77086836,0.0,0.0,0.0,0.0,0.0,1.2009537,0.0,0.4579445,1.2009537,1.0088568,0.4579445,0.0,0.0,1.0088568,0.0,0.0,1.999997,0.4579445,0.4579445,0.77086836,0.0,0.4579445,0.0,1.2009537,0.0,3.421715,0.0,2.1460104,0.0,1.0088568,0.0,0.77086836
0.0,1.2035588,0.77287143,0.0,0.0,0.0,0.45931444,0.0,0.0,0.0,0.0,0.0,0.0,0.45931444,0.0,0.45931444,0.45931444,4.1852775,0.0,0.0,0.0,0.0,0.77287143,0.0,0.0,0.0,0.45931444,0.0,0.45931444,1.0112245,1.0112245,0.0,0.0,0.0,0.45931444,0.0,0.45931444,0.0,2.1492999,0.45931444,0.0,0.0,0.0,0.45931444,0.45931444,0.0,1.7341139,0.45931444,0.0,0.0,0.77287143,0.0,0.0,0.0,0.0,0.0,0.0,0.77287143,0.45931444,0.0,2.8851728,0.0,0.0,2.1492999,0.45931444,0.45931444,0.45931444,0.0,0.77287143,0.0,0.0,0.0,0.45931444,1.2035588,0.0,0.0,0.77287143,0.45931444,0.0,0.0,0.0,0.0,0.45931444,0.0,1.8320847,0.0,0.0,0.45931444,0.0,0.45931444,0.45931444,0.45931444,0.45931444,3.3667247,0.45931444,1.0112245,0.45931444,0.0,0.0,0.0
0.0,1.4869279,0.0,0.99759144,0.0,0.0,0.0,0.0,0.0,0.61835426,0.0,0.0,0.0,0.61835426,0.0,0.0,1.271897,3.698089,0.0,0.61835426,0.0,0.0,0.99759144,0.0,0.0,0.0,0.0,0.0,0.61835426,1.4869279,0.0,0.0,0.0,0.0,0.0,0.0,0.0,0.0,2.3432071,0.61835426,0.61835426,0.0,0.61835426,0.0,0.0,0.99759144,1.8140472,0.61835426,0.0,0.0,0.0,0.0,0.0,0.0,0.0,0.0,0.0,0.0,0.0,0.0,2.563579,0.61835426,0.61835426,1.9446378,0.61835426,0.61835426,0.99759144,0.61835426,0.0,0.61835426,0.61835426,0.0,0.61835426,0.99759144,0.0,0.61835426,0.99759144,0.61835426,0.0,0.61835426,0.0,0.61835426,0.0,0.0,0.99759144,0.61835426,0.0,0.99759144,0.61835426,0.0,0.61835426,1.9446378,0.0,3.4325504,0.0,1.271897,0.99759144,0.61835426,0.0,0.61835426
0.0,1.0843732,0.5023066,0.0,0.8351054,0.0,0.8351054,0.0,0.0,0.0,0.5023066,0.0,0.5023066,0.5023066,0.5023066,0.0,1.2837393,3.5718966,0.5023066,0.8351054,0.0,0.0,0.0,0.8351054,0.0,0.0,0.5023066,0.0,0.8351054,0.8351054,1.5923266,0.5023066,0.5023066,0.0,0.0,0.5023066,0.5023066,0.0,2.3784277,0.5023066,0.5023066,0.0,0.0,0.0,0.0,0.0,1.9275653,0.8351054,0.0,0.5023066,0.0,0.0,0.0,0.0,0.0,0.5023066,0.0,0.0,0.0,0.5023066,2.4926255,0.8351054,0.0,2.3784277,0.5023066,0.0,0.5023066,1.0843732,0.0,0.0,0.0,0.0,0.8351054,0.0,0.5023066,0.5023066,1.4498893,1.0843732,0.0,0.0,0.5023066,0.5023066,0.5023066,0.0,1.0843732,0.5023066,0.8351054,0.5023066,0.0,0.0,0.0,1.4498893,0.0,3.590068,0.5023066,1.4498893,0.8351054,0.0,0.0,0.8351054
0.0,0.516489,0.516489,0.8553787,1.3095564,0.516489,0.516489,0.0,0.0,0.0,0.0,0.0,0.0,0.0,0.0,0.0,1.3095564,3.4897645,0.0,0.516489,0.0,0.0,0.0,0.516489,0.0,0.0,0.516489,0.0,0.516489,0.516489,0.8553787,0.0,0.8553787,0.0,0.0,0.0,0.516489,0.0,1.9580071,1.3095564,0.0,0.516489,0.516489,0.0,0.0,0.0,1.4772,0.0,0.0,0.0,0.0,0.516489,0.0,0.0,0.0,0.8553787,0.0,0.516489,0.0,0.516489,2.7212152,0.8553787,0.0,1.7462263,0.0,0.516489,0.8553787,0.0,1.1080337,0.516489,0.0,1.1080337,1.3095564,0.8553787,0.0,0.516489,1.3095564,0.8553787,0.0,0.0,0.516489,0.516489,0.516489,0.0,1.3095564,0.0,0.8553787,0.516489,0.516489,0.516489,0.0,1.1080337,0.0,3.3094172,0.0,1.3095564,0.516489,0.516489,1.1080337,0.516489
0.0,1.5769655,0.5698768,0.0,0.0,0.0,0.9306268,0.0,0.0,0.9306268,0.0,0.0,0.0,0.5698768,0.0,0.9306268,0.0,4.6135983,0.0,0.5698768,0.0,0.0,0.0,1.1951785,0.0,0.0,0.0,0.0,0.0,1.5769655,1.5769655,0.0,1.1951785,0.0,0.5698768,0.5698768,0.0,0.0,2.3240128,0.5698768,0.0,0.0,0.0,0.0,0.0,0.0,2.0684364,0.0,0.0,0.0,0.0,0.0,0.0,0.0,0.0,0.0,0.5698768,0.0,0.0,0.9306268,2.3964977,0.0,0.5698768,2.1610782,0.0,1.1951785,0.5698768,0.0,1.1951785,0.0,0.0,0.0,0.0,0.5698768,0.0,0.9306268,0.9306268,1.852595,0.0,0.0,0.5698768,0.0,0.0,0.9306268,2.2458603,0.0,0.0,1.1951785,0.5698768,0.0,0.0,1.5769655,0.0,3.4324996,0.9306268,2.3964977,1.1951785,0.5698768,0.5698768,0.0
0.75732636,1.3432348,0.44870558,0.0,0.44870558,0.0,0.0,0.99282587,0.75732636,0.0,0.44870558,0.0,0.0,0.75732636,0.0,0.99282587,0.0,4.56576,0.0,0.44870558,0.0,0.0,0.0,0.0,0.44870558,0.0,0.44870558,0.44870558,0.0,1.6022087,1.6022087,0.0,1.1833007,0.0,0.0,0.44870558,0.44870558,0.44870558,1.6022087,0.99282587,0.0,0.0,0.44870558,0.0,0.0,0.0,1.896545,0.99282587,0.0,0.99282587,0.75732636,0.0,0.0,0.75732636,0.0,0.99282587,0.0,0.0,0.0,0.0,2.3086205,0.75732636,0.0,2.5995913,0.0,0.44870558,0.0,1.1833007,0.99282587,0.0,0.0,0.0,0.0,1.3432348,0.0,0.75732636,0.44870558,0.44870558,0.99282587,0.44870558,0.0,0.0,0.75732636,0.0,1.896545,0.0,0.44870558,0.75732636,0.99282587,0.44870558,0.75732636,0.75732636,0.75732636,3.9932463,0.75732636,0.99282587,0.99282587,0.75732636,0.99282587,0.44870558
0.0,1.0349789,0.37415448,0.859206,0.37415448,0.37415448,1.0349789,0.37415448,0.6458057,0.0,0.37415448,0.0,0.0,0.0,0.0,0.859206,1.0349789,4.9307966,0.0,0.37415448,0.0,0.0,0.0,1.532577,0.0,0.0,0.0,0.37415448,0.37415448,1.9950626,1.7903215,0.0,0.859206,0.0,0.0,0.859206,0.37415448,0.0,2.164925,0.859206,0.37415448,0.859206,0.6458057,0.0,0.0,0.37415448,2.0549471,0.0,0.0,0.859206,0.6458057,0.0,0.0,0.37415448,0.0,0.6458057,0.0,0.37415448,0.37415448,0.6458057,2.8527517,0.859206,0.6458057,1.9313623,0.0,0.6458057,0.6458057,0.859206,0.37415448,0.0,0.37415448,0.0,0.859206,1.1844255,0.0,0.6458057,0.6458057,0.37415448,0.37415448,0.0,0.6458057,0.37415448,0.859206,0.0,2.1114473,0.0,0.859206,1.1844255,0.6458057,0.37415448,0.0,1.3144144,0.0,3.6780648,0.6458057,2.354133,0.0,1.3144144,0.6458057,0.0
0.0,0.0,0.0,0.0,0.46536326,0.0,1.0216513,0.46536326,0.0,0.0,0.0,0.7817006,0.0,0.0,0.7817006,0.0,0.0,4.831863,0.46536326,0.0,0.46536326,0.0,0.46536326,1.7475883,0.0,0.0,0.46536326,0.0,0.46536326,2.0932348,1.5163475,0.0,0.7817006,0.0,0.46536326,0.46536326,0.0,0.0,2.2914119,0.0,0.0,0.46536326,0.0,0.0,0.0,0.46536326,1.2150227,0.46536326,0.0,0.0,1.0216513,0.46536326,0.0,0.0,0.0,0.46536326,0.0,0.0,0.0,0.0,2.4046068,0.46536326,0.0,2.34961,0.0,0.7817006,0.0,0.7817006,1.0216513,0.46536326,0.0,0.46536326,0.0,0.46536326,0.0,0.7817006,1.0216513,0.0,0.46536326,0.46536326,0.46536326,0.7817006,0.7817006,0.0,1.6386371,0.0,0.46536326,1.0216513,0.0,0.0,0.46536326,1.2150227,0.0,3.776585,0.46536326,0.46536326,0.0,1.6386371,0.0,0.0
0.8534399,1.8548651,0.515129,0.0,0.515129,0.0,0.515129,0.0,0.515129,0.0,0.0,0.515129,0.515129,0.0,0.0,0.515129,0.0,4.363013,0.0,0.8534399,0.0,0.515129,0.515129,1.7434409,0.0,0.8534399,0.0,1.1057744,0.515129,2.8032787,1.4745965,0.0,1.6180263,0.0,1.1057744,0.515129,0.0,0.8534399,2.1297066,0.515129,0.8534399,0.515129,1.1057744,0.0,0.515129,0.0,0.8534399,0.0,1.1057744,0.8534399,1.1057744,0.515129,0.0,1.1057744,0.8534399,1.1057744,0.8534399,0.0,0.0,1.3070936,2.8817997,0.515129,1.1057744,3.3061657,0.0,0.515129,1.6180263,0.0,0.0,1.1057744,0.0,0.0,0.515129,0.515129,0.0,1.3070936,1.3070936,0.0,0.515129,0.0,1.1057744,0.0,1.3070936,0.515129,1.7434409,0.515129,0.8534399,1.9551091,1.4745965,0.0,0.515129,2.0462136,1.3070936,4.254293,0.515129,0.8534399,1.3070936,0.0,0.0,0.0
1.4040087,1.4040087,0.0,0.0,0.0,0.0,0.56977665,0.56977665,0.0,0.0,0.56977665,0.56977665,0.0,0.0,0.0,0.0,0.9304873,3.592427,0.56977665,1.4040087,0.0,0.0,0.56977665,1.4040087,0.0,0.0,0.0,0.56977665,0.0,2.0682352,0.56977665,0.0,0.0,0.0,0.56977665,0.0,0.0,0.0,1.9661298,0.9304873,0.0,0.9304873,0.0,0.0,0.56977665,0.0,2.0682352,0.0,0.9304873,0.0,0.0,0.9304873,0.0,0.0,0.0,0.56977665,0.0,0.56977665,0.0,0.56977665,2.7466023,0.56977665,0.0,2.9667635,0.0,0.9304873,0.0,0.0,0.0,0.9304873,0.0,0.0,0.56977665,0.0,0.0,0.9304873,0.56977665,0.0,0.0,0.0,0.56977665,0.56977665,0.56977665,0.56977665,2.0682352,0.56977665,0.0,0.56977665,0.9304873,0.0,0.9304873,1.4040087,0.9304873,3.4807096,0.9304873,1.4040087,0.56977665,0.56977665,0.0,0.9304873
0.0,1.6639082,0.0,0.0,0.0,0.0,1.8484362,0.0,0.0,0.7275372,0.7275372,0.7275372,0.0,0.7275372,0.0,0.7275372,0.7275372,4.300795,0.0,0.7275372,1.1442078,0.0,0.0,0.7275372,0.0,1.1442078,1.1442078,0.7275372,0.7275372,2.8361294,1.1442078,0.7275372,0.7275372,0.0,1.1442078,0.7275372,0.0,0.0,1.1442078,0.0,0.7275372,0.7275372,0.7275372,1.1442078,0.7275372,0.0,1.8484362,0.0,1.4374459,0.0,0.7275372,1.6639082,0.0,0.0,1.6639082,0.7275372,1.1442078,1.1442078,0.0,0.7275372,2.9543686,0.0,0.7275372,2.7713172,0.0,1.4374459,1.8484362,0.0,0.7275372,0.0,0.0,0.0,0.0,0.0,0.0,1.4374459,0.0,0.0,0.0,0.0,0.7275372,0.0,1.1442078,0.0,2.2575681,1.1442078,0.0,1.6639082,0.0,0.0,0.7275372,1.4374459,0.0,3.6767855,0.7275372,2.4595687,1.6639082,0.7275372,1.1442078,0.7275372
0.0,0.0,0.0,0.0,0.0,0.0,0.0,0.0,0.0,0.0,0.0,0.0,0.0,0.0,0.0,0.0,0.0,2.7336197,0.0,0.0,0.0,0.0,0.0,0.0,0.0,0.0,0.0,0.0,0.0,0.0,0.0,0.0,0.0,0.0,0.0,0.0,0.0,0.0,3.3937354,0.0,0.0,0.0,0.0,0.0,0.0,0.0,0.0,0.0,0.0,0.0,0.0,0.0,0.0,0.0,0.0,0.0,0.0,0.0,0.0,0.0,2.7336197,0.0,0.0,0.0,0.0,0.0,2.7336197,0.0,0.0,0.0,0.0,0.0,0.0,0.0,0.0,0.0,0.0,0.0,0.0,0.0,0.0,0.0,0.0,0.0,0.0,0.0,0.0,0.0,0.0,0.0,0.0,0.0,0.0,0.0,0.0,0.0,2.7336197,0.0,0.0,0.0
0.0,0.0,0.0,0.0,0.0,0.0,0.0,0.0,0.0,0.0,0.0,0.0,0.0,0.0,0.0,0.0,0.0,3.4188204,0.0,0.0,0.0,0.0,0.0,0.0,0.0,0.0,0.0,0.0,0.0,1.9324882,0.0,0.0,0.0,0.0,0.0,0.0,0.0,0.0,0.0,0.0,0.0,0.0,0.0,0.0,0.0,0.0,1.9324882,0.0,0.0,0.0,0.0,0.0,0.0,0.0,0.0,0.0,0.0,0.0,0.0,0.0,1.9324882,0.0,0.0,0.0,0.0,0.0,0.0,1.9324882,0.0,0.0,0.0,0.0,0.0,1.9324882,0.0,0.0,0.0,0.0,0.0,1.9324882,0.0,0.0,0.0,0.0,0.0,0.0,0.0,1.9324882,0.0,0.0,0.0,0.0,0.0,2.9295938,0.0,0.0,0.0,0.0,0.0,0.0
1.8494285,0.0,0.0,0.0,0.0,0.0,0.0,0.0,0.0,2.4606457,1.8494285,0.0,0.0,0.0,0.0,0.0,0.0,4.092978,0.0,0.0,0.0,0.0,0.0,0.0,0.0,0.0,0.0,0.0,0.0,0.0,0.0,0.0,0.0,0.0,0.0,0.0,0.0,0.0,2.4606457,0.0,0.0,0.0,0.0,0.0,1.8494285,0.0,2.837238,0.0,0.0,0.0,0.0,0.0,0.0,0.0,0.0,0.0,0.0,0.0,0.0,0.0,2.4606457,0.0,0.0,0.0,0.0,0.0,0.0,0.0,0.0,0.0,0.0,1.8494285,0.0,0.0,1.8494285,0.0,0.0,0.0,0.0,0.0,1.8494285,0.0,0.0,0.0,0.0,0.0,0.0,0.0,2.4606457,0.0,0.0,0.0,0.0,3.110165,0.0,1.8494285,0.0,0.0,0.0,0.0
0.0,0.0,1.9174857,0.0,0.0,0.0,0.0,0.0,0.0,0.0,1.9174857,0.0,0.0,0.0,0.0,0.0,0.0,3.1869855,0.0,0.0,0.0,0.0,0.0,0.0,0.0,0.0,0.0,0.0,0.0,1.9174857,0.0,0.0,1.9174857,0.0,0.0,0.0,0.0,0.0,0.0,1.9174857,0.0,0.0,0.0,0.0,0.0,0.0,2.912975,0.0,0.0,0.0,0.0,0.0,0.0,0.0,0.0,0.0,0.0,0.0,0.0,0.0,2.912975,0.0,0.0,0.0,0.0,0.0,0.0,0.0,0.0,0.0,0.0,1.9174857,0.0,0.0,0.0,0.0,0.0,0.0,0.0,0.0,0.0,0.0,0.0,0.0,0.0,0.0,1.9174857,0.0,0.0,1.9174857,0.0,0.0,0.0,0.0,0.0,0.0,0.0,0.0,0.0,0.0
0.0,0.0,0.0,0.0,0.0,0.0,0.0,0.0,0.0,0.0,0.5183506,0.0,0.0,0.0,0.0,0.0,0.0,3.2368414,0.0,0.0,0.0,0.0,0.0,0.5183506,0.0,0.0,0.0,0.0,0.0,0.85803056,0.85803056,0.5183506,0.0,0.0,0.0,0.0,0.0,0.0,2.352287,1.1111226,0.0,0.0,0.0,0.0,0.0,0.5183506,1.4807582,0.0,0.0,0.0,0.5183506,0.0,0.0,0.0,0.0,0.0,0.0,0.5183506,0.5183506,0.5183506,3.1819913,1.6244316,0.0,0.85803056,0.5183506,0.0,0.85803056,0.0,0.5183506,0.0,0.0,0.5183506,0.0,0.85803056,0.0,0.0,0.85803056,0.5183506,0.0,0.0,0.0,0.0,0.5183506,0.5183506,1.3129228,0.0,0.5183506,0.85803056,0.0,0.0,0.0,0.85803056,0.0,2.529509,0.0,1.3129228,0.5183506,0.5183506,0.0,0.0
0.0,0.0,0.0,0.0,0.0,0.0,0.0,0.0,0.0,0.7874986,0.0,0.0,0.0,0.7874986,0.0,0.0,0.0,3.2640681,0.0,0.0,0.0,0.0,0.0,0.0,0.0,0.0,0.0,0.0,0.0,0.7874986,0.0,0.0,0.0,0.0,0.0,0.0,0.0,0.0,2.3592615,0.7874986,0.0,0.0,0.0,0.0,0.0,0.0,2.2391384,0.0,0.0,0.0,0.0,0.0,0.0,0.0,0.0,0.7874986,0.0,0.0,0.0,0.7874986,2.7327232,0.0,0.0,0.7874986,0.7874986,0.7874986,0.7874986,0.7874986,0.0,0.0,0.0,0.0,0.0,0.7874986,0.0,0.0,0.0,0.0,0.0,0.0,0.0,0.7874986,0.0,0.0,1.5246804,0.0,0.0,0.0,0.0,0.0,0.0,0.7874986,0.0,2.877539,0.0,0.0,0.7874986,0.7874986,0.0,0.0
0.0,0.40279967,0.0,0.0,0.0,0.0,0.0,0.0,0.0,0.0,0.0,0.0,0.0,0.40279967,0.0,0.0,0.40279967,3.21118,0.0,0.68914634,0.0,0.0,0.0,0.40279967,0.0,0.0,0.68914634,0.40279967,0.68914634,0.40279967,0.40279967,0.0,0.40279967,0.0,0.0,0.0,0.0,0.0,2.4775596,0.68914634,0.0,0.0,0.68914634,0.0,0.0,0.91148776,2.390609,0.0,0.0,0.0,0.0,0.0,0.0,0.0,0.0,0.40279967,0.0,0.0,0.40279967,0.0,3.4579697,0.0,0.0,0.0,0.40279967,0.40279967,0.68914634,0.40279967,0.0,0.0,0.0,0.68914634,0.0,0.68914634,0.0,0.0,0.40279967,0.0,0.0,0.40279967,0.40279967,0.91148776,0.40279967,0.40279967,1.497847,0.40279967,0.40279967,0.0,0.0,0.0,0.0,0.40279967,0.0,2.988117,0.0,1.0932742,0.40279967,0.40279967,0.0,0.40279967
0.84184945,0.0,0.5070149,0.0,0.0,0.0,0.5070149,0.0,0.0,0.0,0.0,0.5070149,0.0,0.0,0.5070149,0.0,0.0,3.2866383,0.0,0.84184945,0.0,0.0,0.5070149,0.0,0.5070149,0.0,0.0,0.5070149,0.0,1.2923435,0.0,0.0,0.5070149,0.0,0.5070149,0.0,0.0,0.5070149,2.5561333,0.5070149,0.0,0.0,0.5070149,0.0,0.0,0.5070149,2.260122,0.0,0.0,0.0,0.0,0.0,0.0,0.0,0.0,0.0,0.0,0.84184945,0.0,0.0,2.260122,0.5070149,0.0,1.4589958,0.0,0.5070149,0.84184945,0.0,0.0,0.0,0.0,1.092253,0.0,0.84184945,0.0,0.5070149,1.2923435,0.0,0.0,0.5070149,0.0,0.84184945,0.5070149,0.0,1.4589958,0.0,0.0,0.0,1.092253,0.0,0.0,0.5070149,0.0,2.6991358,0.0,1.4589958,0.0,0.0,0.0,0.0
0.46032584,0.46032584,0.0,0.0,0.0,0.0,0.0,0.46032584,0.0,0.0,0.0,0.46032584,0.0,0.46032584,0.0,0.0,0.7743494,3.369374,0.0,0.46032584,0.0,0.0,0.46032584,0.46032584,0.0,0.0,0.0,0.0,0.0,0.7743494,0.7743494,0.0,0.7743494,0.0,0.0,0.0,0.0,0.7743494,2.151724,1.2054799,0.0,0.0,0.0,0.0,0.0,0.46032584,2.4443123,0.46032584,0.46032584,0.0,0.0,0.0,0.0,0.0,0.0,0.46032584,0.0,1.0129712,0.0,0.46032584,3.093097,0.0,1.0129712,1.0129712,0.46032584,0.46032584,1.0129712,1.0129712,0.0,0.0,0.0,0.0,0.0,0.7743494,0.0,0.0,0.46032584,0.0,0.0,0.0,0.0,0.46032584,0.46032584,1.0129712,1.5057518,0.46032584,0.0,0.46032584,0.46032584,0.0,0.46032584,0.46032584,0.0,3.010201,0.7743494,1.9236503,0.46032584,0.0,0.46032584,0.0
0.41727033,0.71080315,0.0,0.0,0.0,0.0,0.41727033,0.0,0.0,0.0,0.0,0.0,0.0,0.0,0.0,0.0,0.9374408,3.211625,0.0,0.0,0.0,0.0,0.0,0.0,0.41727033,0.0,0.41727033,0.0,0.0,1.6375399,0.9374408,0.0,0.41727033,0.0,0.41727033,0.41727033,0.0,0.71080315,2.2284007,0.41727033,0.0,0.0,1.1220851,0.0,0.41727033,0.0,2.2284007,0.0,0.0,0.0,0.41727033,0.0,0.0,0.41727033,0.0,0.0,0.0,0.0,0.41727033,0.0,2.2826698,0.0,0.0,1.4126627,0.0,0.0,0.41727033,0.41727033,0.41727033,0.0,0.0,0.41727033,0.41727033,0.41727033,0.0,0.0,0.71080315,0.0,0.0,0.0,0.41727033,0.71080315,0.41727033,0.41727033,1.2778914,0.0,0.0,0.9374408,0.0,0.71080315,0.0,0.41727033,0.0,3.211625,0.41727033,1.1220851,0.41727033,0.0,0.0,0.71080315
0.37005067,0.37005067,0.8516131,0.0,0.0,0.0,1.175277,0.0,0.37005067,0.0,0.37005067,0.37005067,0.37005067,0.0,0.0,0.8516131,0.0,3.1712897,0.0,0.8516131,0.0,0.0,0.63954383,1.175277,0.0,0.37005067,0.0,0.0,0.0,1.7007546,0.37005067,0.0,1.175277,0.0,0.63954383,0.0,0.37005067,0.37005067,1.7007546,0.8516131,0.0,0.8516131,0.37005067,0.0,0.37005067,0.37005067,2.2981913,0.0,0.37005067,0.0,0.37005067,0.0,0.0,0.0,0.37005067,0.0,0.37005067,0.0,0.0,1.175277,3.2261147,0.0,0.37005067,1.3047719,0.63954383,0.37005067,0.63954383,0.8516131,0.37005067,0.0,0.37005067,0.0,0.0,0.8516131,0.63954383,1.026483,0.63954383,0.0,0.0,0.0,1.026483,0.37005067,0.37005067,0.37005067,1.7007546,0.0,0.37005067,0.8516131,1.3047719,0.37005067,0.37005067,0.8516131,0.37005067,3.2081716,0.0,1.5222368,0.0,0.8516131,0.63954383,0.0
0.0,0.47087526,0.0,0.0,0.0,0.0,0.0,0.0,0.0,0.0,0.0,0.0,0.0,0.47087526,0.47087526,0.47087526,0.47087526,3.312781,0.0,0.47087526,0.0,0.0,0.47087526,0.0,0.0,0.0,0.0,0.0,0.78972495,0.47087526,0.0,0.0,0.0,0.0,0.47087526,0.0,0.0,0.47087526,2.5670936,0.0,0.0,0.47087526,0.47087526,0.47087526,0.0,1.0311131,2.1768107,0.0,0.0,0.0,0.0,0.0,0.47087526,0.0,0.0,0.0,0.0,0.47087526,0.0,0.0,3.290638,0.47087526,0.0,0.78972495,0.0,0.78972495,0.78972495,0.0,0.47087526,0.0,0.0,0.47087526,0.78972495,0.47087526,0.0,0.0,0.0,0.0,0.0,0.47087526,0.0,0.0,0.0,0.0,1.0311131,0.0,0.78972495,0.47087526,0.0,0.0,0.0,0.47087526,0.0,3.0371642,0.0,1.5278746,0.47087526,0.47087526,0.0,0.0
0.0,1.3595283,0.0,0.0,0.0,0.0,0.0,0.0,0.0,0.0,0.0,0.0,0.0,0.0,0.0,0.0,0.0,3.5090582,0.0,0.76906246,0.0,0.0,0.0,0.45671016,0.0,0.0,0.0,0.0,0.0,0.76906246,0.76906246,0.45671016,0.0,0.45671016,0.45671016,0.0,0.0,0.76906246,2.5769002,1.0067213,0.0,0.0,0.0,0.0,0.0,0.0,1.4981102,0.0,0.45671016,0.0,0.0,0.45671016,0.0,0.0,0.0,0.45671016,0.0,0.0,0.0,0.0,3.1353683,0.0,0.0,1.8261353,0.0,0.0,0.76906246,0.76906246,0.0,0.0,0.45671016,0.45671016,0.45671016,0.0,0.0,0.45671016,0.76906246,0.0,0.0,0.45671016,0.76906246,0.45671016,0.0,0.0,1.3595283,0.0,0.45671016,0.76906246,0.45671016,0.0,0.45671016,1.7282816,0.76906246,3.1098747,0.0,0.76906246,1.0067213,0.0,0.45671016,0.45671016
0.0,0.0,0.0,0.0,0.0,0.0,0.43615392,0.43615392,0.0,0.0,0.0,0.43615392,0.0,0.0,0.0,0.0,0.7388343,3.6564991,0.0,0.43615392,0.43615392,0.0,0.43615392,0.43615392,0.0,0.43615392,0.0,0.0,0.7388343,0.7388343,0.97087,0.0,0.0,0.0,0.43615392,0.43615392,0.0,0.0,1.5742724,0.7388343,0.0,0.0,0.0,0.0,0.0,0.0,2.2193341,0.0,0.7388343,0.0,0.0,0.0,0.0,0.0,0.0,0.43615392,0.0,0.43615392,0.0,0.43615392,2.7223094,0.43615392,0.43615392,1.3174089,0.0,1.1590761,0.7388343,0.0,0.43615392,0.0,0.0,0.97087,0.43615392,0.7388343,0.0,0.0,0.0,0.43615392,0.43615392,0.0,0.43615392,0.43615392,0.43615392,0.0,1.5742724,0.43615392,0.0,0.0,0.43615392,0.7388343,0.0,1.3174089,0.0,2.887543,0.43615392,1.1590761,0.7388343,0.43615392,0.0,0.0
0.7322983,1.1504805,0.0,0.43173546,0.43173546,0.0,0.43173546,0.0,0.0,0.43173546,0.0,0.43173546,0.0,0.0,0.0,0.0,0.43173546,3.8706532,0.0,0.9630915,0.43173546,0.0,0.43173546,0.43173546,0.0,0.0,0.0,0.7322983,0.43173546,1.5643346,1.5643346,0.43173546,0.0,0.0,0.0,0.0,0.0,0.43173546,1.5643346,0.43173546,0.43173546,0.0,0.43173546,0.0,0.0,0.0,0.7322983,0.0,0.7322983,0.0,0.0,0.0,0.0,0.0,0.0,0.0,0.43173546,0.43173546,0.0,0.0,3.0173664,0.0,0.43173546,2.7105882,0.0,0.0,0.0,0.0,0.43173546,0.0,0.43173546,0.0,0.7322983,0.43173546,0.7322983,0.0,1.1504805,0.43173546,0.0,0.0,0.0,0.0,0.9630915,0.43173546,1.856185,0.43173546,0.43173546,0.7322983,0.0,0.43173546,0.0,2.4211345,0.43173546,3.8127344,0.0,1.6713645,1.308235,0.43173546,0.0,0.0
0.0,0.8409486,0.0,0.36431098,0.36431098,0.0,0.0,0.36431098,0.36431098,0.0,0.0,0.0,0.0,0.0,0.0,0.36431098,0.36431098,4.223131,0.0,0.36431098,0.36431098,0.0,0.36431098,0.36431098,0.0,0.36431098,0.0,0.36431098,0.36431098,0.8409486,1.5076653,0.63076293,0.0,0.0,0.0,0.36431098,0.36431098,0.0,1.9041626,0.36431098,0.0,0.0,0.36431098,0.0,0.0,0.0,1.685513,0.0,0.0,0.36431098,0.36431098,0.0,0.0,0.0,0.0,0.36431098,0.0,0.63076293,0.0,0.63076293,2.7962604,0.63076293,0.0,2.4839098,0.36431098,0.36431098,1.2911952,0.8409486,0.36431098,0.0,0.0,0.63076293,0.8409486,0.36431098,0.0,0.8409486,0.63076293,0.0,0.0,0.63076293,0.36431098,0.36431098,0.63076293,0.0,2.027204,0.0,0.36431098,0.8409486,0.0,0.36431098,0.0,1.9675745,0.63076293,3.6120195,0.0,1.685513,1.7638297,0.36431098,0.0,0.0
0.0,1.5962365,0.0,0.50424665,0.0,0.50424665,0.0,0.83788604,0.50424665,0.0,0.0,0.0,0.50424665,0.0,1.5962365,0.0,0.0,5.8668394,1.0876231,1.0876231,0.50424665,0.0,0.83788604,1.0876231,0.0,0.0,0.0,0.83788604,0.0,2.4971268,2.3204572,0.50424665,1.0876231,0.0,0.83788604,0.0,0.0,0.0,1.7210085,0.83788604,0.50424665,0.0,0.83788604,0.83788604,0.0,0.83788604,1.5962365,0.50424665,0.83788604,0.0,1.0876231,0.0,0.0,0.50424665,0.0,1.7210085,0.50424665,0.0,0.0,1.4536465,2.3204572,0.83788604,0.50424665,3.576665,0.50424665,0.0,1.4536465,1.0876231,0.83788604,0.0,0.0,0.0,1.5962365,0.0,0.0,1.0876231,0.83788604,0.50424665,0.0,0.0,0.83788604,0.83788604,1.8319255,0.0,1.7210085,0.50424665,1.4536465,0.0,0.50424665,0.83788604,0.83788604,3.0287864,0.0,5.0440593,0.0,3.3740563,3.1482422,0.0,0.83788604,0.0
0.40784585,1.2578577,0.0,0.40784585,0.40784585,0.0,0.40784585,0.0,0.0,0.0,0.0,0.40784585,0.40784585,0.0,0.6967162,0.92057204,0.0,5.1310472,0.0,0.6967162,0.0,0.0,0.92057204,0.6967162,0.0,0.40784585,0.0,0.92057204,0.0,1.9520206,1.2578577,0.0,0.0,0.40784585,0.6967162,0.40784585,0.6967162,0.0,1.6151422,0.6967162,0.40784585,0.40784585,1.1033682,0.40784585,0.40784585,0.40784585,1.3916432,0.0,0.0,0.0,0.6967162,0.40784585,0.0,0.40784585,0.0,0.0,0.40784585,0.92057204,0.0,0.92057204,2.9771757,0.40784585,0.0,2.49144,0.0,0.6967162,1.6151422,0.92057204,0.6967162,0.0,0.0,0.40784585,0.6967162,0.0,0.0,0.40784585,0.40784585,0.0,0.40784585,0.40784585,0.40784585,0.40784585,1.1033682,0.0,1.9520206,0.0,0.40784585,0.0,0.0,1.1033682,0.0,1.7977008,0.40784585,3.9485693,0.0,3.4246192,2.2035606,0.40784585,0.40784585,0.0
0.0,1.1949643,0.56974334,0.0,0.0,0.56974334,0.0,0.0,0.56974334,0.0,0.0,0.56974334,0.0,0.56974334,0.56974334,0.0,0.0,4.9844055,0.0,0.56974334,0.56974334,0.0,0.56974334,0.56974334,0.56974334,0.56974334,0.0,0.56974334,0.56974334,2.1608064,0.56974334,0.0,0.9304408,0.0,0.56974334,0.0,0.0,0.0,2.0681682,0.0,0.56974334,0.9304408,0.56974334,0.56974334,0.9304408,0.0,1.8523359,0.0,0.56974334,0.56974334,0.56974334,0.56974334,0.0,0.56974334,0.0,0.56974334,0.56974334,0.0,0.0,0.56974334,2.6960206,0.56974334,0.56974334,3.0427659,0.0,0.9304408,1.1949643,0.0,0.0,0.0,0.56974334,0.0,0.0,0.56974334,0.0,1.4039508,0.0,0.0,0.0,0.0,0.56974334,0.0,0.9304408,0.0,2.2455857,0.0,0.9304408,1.1949643,0.0,0.9304408,0.56974334,1.4039508,0.0,4.0027213,0.0,3.7665284,1.9660637,0.0,0.9304408,0.0
0.0,1.1857026,0.0,0.0,0.0,0.0,0.0,0.7591656,0.0,0.0,0.0,0.7591656,0.7591656,0.0,0.0,0.7591656,1.1857026,4.930983,0.0,0.0,0.0,0.0,0.0,0.7591656,0.0,0.0,0.0,0.0,0.0,2.0565512,0.7591656,0.0,0.7591656,0.0,1.7130717,1.1857026,0.0,0.7591656,1.7130717,0.7591656,1.1857026,0.7591656,0.7591656,0.0,0.7591656,0.0,1.8994868,1.1857026,0.7591656,1.1857026,1.1857026,0.0,0.0,0.0,0.0,1.8994868,0.0,0.0,0.0,0.7591656,2.514864,0.7591656,0.0,2.7583888,0.0,0.7591656,1.7130717,0.7591656,0.0,0.0,0.0,0.0,0.0,0.0,0.0,0.0,1.1857026,0.0,0.0,0.0,0.0,0.7591656,0.7591656,0.0,1.7130717,0.0,1.1857026,0.0,0.7591656,1.1857026,0.7591656,2.7583888,1.4837564,5.1641192,1.1857026,3.0660448,1.1857026,0.0,1.4837564,0.0
0.0,0.51426244,0.51426244,0.0,0.0,0.0,0.85220397,0.0,0.0,0.0,0.0,0.0,0.0,0.0,0.85220397,0.0,0.0,4.3170147,0.85220397,1.1043338,0.0,0.51426244,0.51426244,0.0,0.0,0.51426244,0.51426244,0.0,0.51426244,2.0443382,0.85220397,0.0,0.0,0.0,0.0,0.51426244,0.51426244,0.0,2.0443382,0.85220397,0.0,0.51426244,0.0,0.51426244,0.0,0.0,2.0443382,0.0,0.0,0.51426244,0.0,0.0,0.0,0.0,0.0,0.0,0.0,0.0,0.0,0.0,3.2534306,0.0,0.51426244,2.464574,0.0,0.85220397,0.51426244,0.0,0.51426244,0.0,0.0,0.0,0.0,0.51426244,0.0,0.51426244,0.85220397,0.85220397,0.0,0.51426244,0.85220397,0.51426244,0.51426244,0.0,2.0443382,0.0,0.51426244,0.85220397,0.51426244,0.0,1.1043338,1.8530483,0.0,3.8150427,0.51426244,1.7416639,0.51426244,0.0,0.51426244,0.0
0.6852908,1.596838,1.0881233,0.0,1.0881233,0.0,0.6852908,0.0,0.0,0.0,0.0,1.0881233,0.0,0.0,1.0881233,0.0,0.0,5.771171,0.0,0.6852908,0.0,0.0,1.0881233,0.0,0.0,0.0,0.0,0.0,0.0,1.596838,0.6852908,0.0,0.6852908,0.0,0.6852908,0.0,0.0,1.0881233,1.596838,0.6852908,1.0881233,0.0,0.0,1.0881233,0.0,0.0,0.6852908,0.6852908,0.6852908,0.0,0.6852908,0.0,0.0,0.0,0.0,1.0881233,0.0,0.0,0.0,1.3744866,2.8754797,0.6852908,0.6852908,2.5503967,0.6852908,0.0,2.3835647,0.0,0.0,0.6852908,0.0,0.0,1.3744866,0.6852908,0.0,0.0,0.6852908,0.0,0.0,0.0,0.0,1.3744866,1.0881233,0.0,1.7786311,0.0,0.6852908,0.6852908,1.0881233,1.3744866,0.6852908,1.7786311,0.0,4.0620317,0.0,3.1204104,1.7786311,0.0,0.0,0.0
0.2857042,0.6891875,0.0,0.50765914,0.6891875,0.0,0.0,0.0,0.0,0.0,0.0,0.0,0.2857042,0.2857042,0.2857042,0.2857042,0.50765914,5.0525985,0.0,0.2857042,0.2857042,0.0,0.2857042,0.0,0.0,0.2857042,0.0,0.0,0.2857042,1.6030948,0.84277123,0.0,0.0,0.0,0.0,0.50765914,0.0,0.2857042,1.7851512,0.6891875,0.50765914,0.0,0.6891875,0.0,0.0,0.2857042,2.152468,0.2857042,0.2857042,0.2857042,0.2857042,0.0,0.0,0.0,0.0,0.50765914,0.2857042,0.2857042,0.0,0.50765914,2.6316912,1.1984248,0.0,2.1901743,0.6891875,1.1984248,0.50765914,0.50765914,0.0,0.0,0.0,0.2857042,0.84277123,0.0,0.2857042,0.2857042,0.2857042,0.0,0.50765914,0.50765914,0.0,0.6891875,0.50765914,0.0,2.0299854,0.0,0.50765914,0.84277123,0.0,0.50765914,0.0,1.2935182,0.0,3.612165,0.2857042,1.7280709,1.1984248,0.6891875,0.2857042,0.0
0.0,1.7046826,0.641816,0.0,0.0,0.0,1.029568,0.641816,0.0,0.0,0.641816,0.0,0.0,0.0,1.029568,0.641816,0.0,7.107673,0.0,0.0,0.0,1.029568,0.641816,0.641816,0.0,0.0,0.0,0.0,0.0,1.5259937,1.3082745,0.0,0.0,0.0,1.7046826,0.0,0.0,0.0,1.5259937,0.641816,0.0,0.0,1.029568,0.641816,0.0,0.0,1.3082745,0.0,0.0,0.0,0.641816,0.0,0.0,0.0,0.0,0.641816,0.0,0.641816,0.0,0.641816,2.9906437,0.0,0.641816,1.7046826,0.0,0.0,1.3082745,1.029568,0.0,0.641816,0.0,0.641816,0.0,0.0,0.0,0.641816,0.641816,0.641816,0.0,0.0,0.641816,0.0,1.3082745,0.0,1.7046826,0.0,0.0,1.029568,0.0,1.7046826,0.0,1.5259937,0.641816,3.921895,0.0,4.338518,1.8562305,0.0,0.0,0.0
0.49710584,1.5818074,0.82764006,0.0,0.0,0.0,1.0756402,0.0,0.49710584,0.0,0.0,0.0,0.82764006,0.0,0.49710584,0.82764006,0.0,6.148187,0.0,0.0,0.0,0.0,0.82764006,0.49710584,0.0,0.0,0.49710584,0.0,0.49710584,1.2741961,0.0,0.0,0.49710584,0.0,0.49710584,0.0,0.0,0.0,1.8167206,0.49710584,0.49710584,0.0,0.82764006,0.0,0.49710584,0.0,2.0898275,0.0,0.49710584,0.0,0.49710584,0.0,0.0,0.49710584,0.0,1.0756402,0.0,0.0,0.0,0.0,2.6757395,0.49710584,0.0,1.8167206,0.0,0.82764006,1.5818074,0.0,0.0,0.0,0.0,0.49710584,0.0,0.82764006,0.0,0.0,0.49710584,0.0,0.0,0.49710584,0.0,0.49710584,1.0756402,0.0,1.5818074,0.0,0.49710584,0.0,0.82764006,1.7061462,0.0,1.5818074,0.0,3.9362981,0.82764006,2.760706,0.49710584,0.0,0.0,0.49710584
0.0,1.1174269,1.6319734,0.0,0.0,0.0,0.0,0.0,0.0,0.0,0.0,0.0,0.70729125,0.0,0.0,0.70729125,0.70729125,6.89082,0.70729125,0.0,0.0,0.70729125,0.70729125,1.1174269,0.0,0.70729125,0.0,0.0,0.0,2.4234648,0.0,0.0,1.6319734,0.0,1.970036,0.0,0.0,0.0,1.1174269,0.0,0.0,0.0,1.1174269,0.70729125,0.70729125,0.0,1.6319734,0.0,0.0,0.0,0.70729125,1.1174269,0.0,0.0,0.0,0.70729125,0.0,0.0,0.0,0.0,2.104064,0.0,0.0,1.970036,0.0,0.70729125,2.104064,0.0,0.0,0.0,0.0,0.0,0.0,0.0,0.0,0.70729125,0.70729125,0.0,0.0,0.0,0.0,0.0,1.815223,0.0,1.4074361,0.0,0.70729125,0.70729125,0.0,1.4074361,0.0,0.70729125,0.0,3.8341377,0.0,3.3593056,1.1174269,0.0,0.70729125,0.0
0.0,1.0642948,0.66752017,0.0,0.0,0.0,0.0,0.66752017,0.66752017,0.0,0.0,0.0,0.66752017,0.0,1.0642948,0.66752017,0.66752017,7.042351,0.0,0.0,0.66752017,0.0,0.66752017,1.3476033,0.0,0.0,0.66752017,0.0,0.0,2.7239864,0.66752017,0.0,1.5681134,0.0,0.0,0.0,0.0,0.0,1.9015676,0.0,0.0,0.0,1.7486755,0.66752017,0.0,0.0,1.0642948,0.0,0.0,0.66752017,0.66752017,0.0,0.0,0.0,1.0642948,0.66752017,0.0,0.0,0.0,1.0642948,2.7239864,0.66752017,0.66752017,1.5681134,0.0,1.3476033,1.9015676,1.0642948,0.0,0.0,0.0,0.0,0.0,0.0,0.0,0.66752017,0.0,0.0,0.0,0.0,0.0,0.66752017,0.66752017,0.0,1.7486755,0.0,0.0,0.0,0.0,1.5681134,0.0,0.66752017,0.66752017,3.415472,0.66752017,3.1690774,1.0642948,0.0,1.0642948,0.0
0.8070952,0.48285443,1.4118328,0.0,0.0,0.0,0.0,0.8070952,0.0,0.0,0.0,0.0,1.2478296,0.0,0.48285443,0.0,0.0,7.187247,0.0,0.48285443,0.0,0.0,0.0,1.8849834,0.0,0.0,1.2478296,0.48285443,0.0,2.446841,1.4118328,0.48285443,1.0515492,0.0,1.676135,0.8070952,0.0,0.48285443,1.5526905,0.48285443,0.0,1.4118328,0.8070952,0.48285443,0.8070952,0.0,1.0515492,0.0,0.0,0.0,1.0515492,0.0,0.0,0.0,0.48285443,1.0515492,0.0,0.0,0.0,1.5526905,2.7262805,0.0,0.0,2.333154,0.0,0.8070952,0.8070952,0.0,0.48285443,0.0,0.0,0.0,0.48285443,0.0,0.0,0.48285443,0.48285443,0.0,0.8070952,0.0,0.8070952,0.48285443,0.48285443,0.0,2.2048643,0.0,0.48285443,1.0515492,0.8070952,0.48285443,0.8070952,1.2478296,1.0515492,3.594007,1.0515492,5.2121277,2.446841,0.48285443,0.48285443,0.0
1.0575223,1.0575223,1.4187729,0.0,0.0,0.0,0.81218225,0.0,0.0,0.0,0.0,1.2543725,0.48637477,0.48637477,0.0,0.48637477,0.48637477,5.946685,0.0,0.0,0.0,0.0,1.0575223,0.81218225,0.0,0.48637477,0.48637477,0.0,1.0575223,2.3999434,1.8927633,0.48637477,1.4187729,0.48637477,0.81218225,0.48637477,0.0,0.0,1.6835923,0.48637477,0.48637477,0.0,0.48637477,1.0575223,0.81218225,0.48637477,1.4187729,0.0,0.48637477,0.48637477,0.0,0.0,0.0,0.0,0.48637477,0.0,0.81218225,0.48637477,0.48637477,0.48637477,2.734849,0.0,0.48637477,1.8927633,0.81218225,0.48637477,0.81218225,0.0,0.0,0.0,0.0,0.0,0.0,0.0,0.0,0.48637477,0.0,0.0,0.48637477,0.0,0.48637477,0.48637477,0.0,0.48637477,1.5599234,0.48637477,0.0,1.0575223,1.4187729,0.48637477,0.81218225,0.81218225,0.81218225,3.8171642,0.81218225,3.4361672,1.6835923,0.48637477,0.0,0.48637477
0.2762501,0.670151,0.0,0.2762501,0.8209729,0.4924712,0.2762501,0.4924712,0.0,0.0,0.0,0.0,0.2762501,0.0,0.2762501,0.8209729,0.4924712,4.3485036,0.0,0.670151,0.2762501,0.2762501,0.0,0.2762501,0.0,0.2762501,0.0,0.0,0.0,1.7531333,1.2656566,0.0,1.0678318,0.0,0.0,0.4924712,0.4924712,0.2762501,2.4423347,0.4924712,0.0,0.2762501,0.0,0.0,0.4924712,0.0,2.0388443,0.2762501,0.2762501,0.0,0.2762501,0.0,0.2762501,0.4924712,0.2762501,0.8209729,0.0,0.0,0.0,0.2762501,2.8464808,0.2762501,0.8209729,1.4307357,0.2762501,0.2762501,0.4924712,0.2762501,0.0,0.0,0.0,0.0,0.95200044,0.670151,0.0,0.4924712,0.8209729,0.0,0.0,0.4924712,0.0,0.0,0.2762501,0.0,1.7531333,0.0,0.4924712,0.8209729,0.4924712,0.4924712,0.2762501,1.171628,0.0,3.3224034,0.2762501,3.187466,0.4924712,0.2762501,0.670151,0.0
0.0,0.62232745,0.0,0.35881352,0.0,0.0,0.35881352,0.35881352,0.0,0.35881352,0.0,0.0,0.0,0.0,0.0,0.0,0.62232745,4.7444997,0.0,0.62232745,0.0,0.0,0.62232745,0.83068466,0.0,0.0,0.35881352,0.0,0.62232745,0.83068466,0.83068466,0.0,0.0,0.0,0.0,0.0,0.35881352,0.35881352,2.3089871,0.62232745,0.0,0.0,0.0,0.35881352,0.0,0.0,1.8212467,0.62232745,0.0,0.0,0.35881352,0.0,0.35881352,0.35881352,0.0,0.83068466,0.35881352,0.0,0.35881352,0.0,2.9049973,0.0,0.0,1.1499861,0.0,0.0,0.62232745,0.35881352,0.0,0.35881352,0.35881352,0.0,0.0,0.35881352,0.35881352,0.0,1.1499861,0.0,0.35881352,0.0,0.0,0.0,0.0,0.0,2.1207883,0.35881352,0.0,0.0,0.62232745,0.0,0.62232745,0.35881352,0.35881352,3.2920442,0.83068466,2.0676317,0.35881352,0.0,0.0,0.0
0.0,1.3536421,0.0,0.0,0.0,0.0,0.0,0.0,0.0,0.0,0.0,0.30670315,0.0,0.5410881,0.0,0.0,0.30670315,3.7858362,0.0,0.30670315,0.0,0.0,0.0,0.7308343,0.0,0.0,0.0,0.0,0.0,1.3536421,0.7308343,0.30670315,0.5410881,0.0,0.30670315,0.0,0.5410881,0.7308343,1.9603677,0.7308343,0.30670315,0.30670315,0.0,0.5410881,0.0,0.30670315,1.6690739,0.0,0.5410881,0.0,0.30670315,0.0,0.30670315,0.5410881,0.30670315,0.5410881,0.0,0.0,0.0,0.5410881,2.8209772,0.30670315,0.0,1.5990467,0.5410881,0.89025474,0.30670315,0.30670315,0.30670315,0.0,0.0,0.30670315,0.0,0.5410881,0.0,0.30670315,0.5410881,0.0,0.0,0.0,0.0,0.30670315,0.5410881,0.0,1.9603677,0.7308343,0.30670315,0.5410881,0.30670315,0.0,0.5410881,1.523744,0.0,3.4728222,0.30670315,1.8538048,0.7308343,0.0,0.5410881,0.30670315
0.0,0.7225403,0.30248666,0.0,0.0,0.0,0.7225403,0.0,0.0,0.0,0.0,0.30248666,0.0,0.30248666,0.53440887,0.0,0.30248666,4.1841726,0.0,0.7225403,0.53440887,0.0,0.53440887,0.8808204,0.0,0.0,0.30248666,0.30248666,0.0,1.6560609,0.0,0.0,0.30248666,0.0,0.30248666,0.30248666,0.53440887,0.30248666,2.4807153,0.53440887,0.0,0.0,0.30248666,0.0,0.0,0.30248666,1.8948444,0.30248666,0.0,0.0,0.0,0.30248666,0.0,0.0,0.0,0.30248666,0.30248666,0.0,0.0,0.7225403,2.9264348,0.53440887,0.0,1.8948444,0.0,0.30248666,0.53440887,0.30248666,0.30248666,0.30248666,0.0,0.30248666,0.30248666,0.0,0.0,0.0,0.30248666,0.53440887,0.0,0.0,0.30248666,0.30248666,1.1376143,0.0,2.1714315,0.53440887,0.0,0.53440887,0.0,0.53440887,0.30248666,1.1376143,0.7225403,3.6116853,0.0,1.6560609,0.0,0.30248666,0.30248666,0.30248666
0.0,0.6481677,0.0,0.0,0.3757047,0.0,0.6481677,0.0,0.3757047,0.0,0.0,0.3757047,0.3757047,0.0,0.0,0.6481677,0.6481677,3.8610191,0.0,0.3757047,0.0,0.0,0.6481677,0.86206746,0.0,0.3757047,0.3757047,0.0,0.0,1.318043,0.6481677,0.0,0.3757047,0.0,0.0,0.6481677,0.0,0.0,1.867517,0.0,0.0,0.0,0.3757047,0.0,0.0,0.3757047,1.1878695,0.0,0.86206746,0.0,0.3757047,0.0,0.6481677,0.0,0.0,0.6481677,0.6481677,0.6481677,0.0,0.86206746,2.8832707,0.0,0.0,1.9356034,0.0,0.3757047,1.1878695,0.6481677,0.3757047,0.0,0.0,0.0,0.0,0.86206746,0.0,0.3757047,1.318043,0.0,0.3757047,0.3757047,0.0,0.3757047,1.1878695,0.0,1.715629,0.0,0.6481677,0.86206746,0.3757047,0.0,0.3757047,0.86206746,0.0,3.4073484,0.0,2.0592716,0.3757047,0.3757047,0.0,0.3757047
0.0,0.751302,0.0,0.0,0.0,0.4446083,0.4446083,0.4446083,0.0,0.0,0.0,0.0,0.0,0.0,0.0,0.4446083,0.751302,4.0718865,0.0,0.0,0.0,0.0,0.4446083,0.9856814,0.0,0.0,0.4446083,0.0,0.751302,1.7009286,0.0,0.0,0.0,0.0,0.0,0.0,0.0,0.0,2.5012376,0.0,0.0,0.0,0.751302,0.0,0.4446083,0.0,1.9683242,0.0,0.4446083,0.4446083,0.0,0.0,0.0,0.0,0.0,0.0,0.751302,0.0,0.0,0.0,2.779858,0.0,0.0,1.4723057,0.0,0.4446083,0.4446083,0.751302,0.751302,0.0,0.0,0.0,0.4446083,0.4446083,0.0,0.0,0.4446083,0.0,0.0,0.0,0.4446083,0.4446083,0.751302,0.0,1.5931364,0.4446083,0.0,0.751302,0.0,0.4446083,0.4446083,1.334842,0.0,3.243946,0.0,1.7009286,0.4446083,0.4446083,0.0,0.4446083
0.0,1.0396241,0.8633604,0.8633604,0.0,0.0,0.3764059,0.3764059,0.0,0.0,0.0,0.0,0.3764059,0.0,0.0,0.3764059,0.3764059,3.5370038,0.0,0.3764059,0.0,0.0,0.0,1.1894251,0.0,0.3764059,0.0,0.6492354,0.6492354,1.4349104,0.3764059,0.0,0.0,0.0,0.0,0.3764059,0.0,0.3764059,2.1712973,0.0,0.0,0.0,0.6492354,0.0,0.3764059,0.3764059,1.6318539,0.6492354,0.6492354,0.6492354,0.8633604,0.3764059,0.0,0.0,0.6492354,0.6492354,0.3764059,0.0,0.0,0.3764059,2.8329983,0.0,0.6492354,2.0612235,0.3764059,0.3764059,0.6492354,0.8633604,0.0,0.0,0.0,0.0,0.6492354,0.3764059,0.0,0.3764059,1.1894251,0.0,0.0,0.0,1.0396241,0.3764059,1.0396241,0.3764059,1.9375178,0.6492354,0.0,1.0396241,1.1894251,0.0,0.0,1.3196818,0.0,3.5502162,0.3764059,2.1712973,0.3764059,1.1894251,0.6492354,0.6492354
0.63361365,1.29561,0.63361365,0.0,0.36617246,0.0,0.0,0.0,0.0,0.0,0.0,0.0,0.0,0.0,0.36617246,0.36617246,0.0,3.675585,0.0,0.36617246,0.0,0.0,0.0,0.36617246,0.0,0.0,0.63361365,0.0,0.36617246,1.6053969,1.0184197,0.0,1.1665885,0.0,0.36617246,0.0,0.0,0.36617246,2.4132934,0.84441304,0.0,0.0,0.36617246,0.36617246,0.84441304,0.63361365,2.0324886,0.0,0.0,0.0,1.0184197,0.0,0.36617246,0.36617246,0.0,0.0,0.0,0.0,0.0,0.36617246,2.7468047,0.63361365,0.63361365,1.97281,0.0,0.36617246,0.63361365,0.36617246,0.0,0.0,0.63361365,0.84441304,0.36617246,0.36617246,0.0,0.84441304,1.5124052,0.36617246,0.0,0.0,0.0,0.0,0.84441304,0.36617246,2.0324886,0.0,0.0,1.0184197,0.36617246,0.0,0.0,1.1665885,0.36617246,3.4362385,0.0,0.63361365,0.0,0.36617246,0.36617246,0.36617246
0.34090763,0.96504027,0.0,0.0,0.0,0.34090763,0.34090763,0.0,0.0,0.0,0.0,0.34090763,0.0,0.0,0.0,0.0,0.0,5.0457764,0.0,0.34090763,0.0,0.0,0.96504027,1.1089311,0.0,0.0,0.0,0.0,0.7969079,1.2346979,0.7969079,0.0,0.96504027,0.0,0.0,0.34090763,0.0,0.34090763,1.4468688,0.0,0.0,0.0,0.0,0.0,0.34090763,0.0,1.4468688,0.0,0.0,0.34090763,0.34090763,0.34090763,0.34090763,0.34090763,0.5946777,0.34090763,0.0,0.34090763,0.0,0.5946777,2.722467,0.0,0.0,1.9591577,0.0,0.0,0.5946777,0.34090763,0.0,0.0,0.34090763,0.34090763,0.0,0.34090763,0.34090763,0.5946777,0.34090763,0.5946777,0.34090763,0.0,0.0,0.5946777,0.34090763,0.0,2.0675962,0.7969079,0.34090763,0.96504027,0.7969079,0.34090763,0.5946777,0.7969079,0.0,3.6040745,0.0,1.4468688,0.96504027,0.34090763,0.0,0.5946777
0.49479616,1.4352796,0.49479616,0.0,0.0,0.0,0.0,0.49479616,0.0,0.0,0.0,0.0,0.0,0.0,0.0,0.49479616,0.0,4.0709863,0.0,0.0,0.0,0.0,0.49479616,0.0,0.0,0.49479616,0.8243192,0.0,1.071752,1.7013144,1.071752,0.49479616,1.2699447,0.0,0.49479616,0.49479616,0.0,0.0,2.232391,0.49479616,0.0,0.0,0.0,0.0,0.0,0.0,1.8117763,0.0,0.8243192,0.0,0.8243192,0.49479616,0.49479616,0.0,0.0,0.49479616,0.0,0.0,0.0,1.2699447,2.624906,0.0,0.0,2.232391,0.0,0.49479616,0.8243192,0.49479616,0.0,0.0,0.8243192,0.49479616,0.0,0.49479616,0.49479616,0.49479616,0.49479616,0.8243192,0.0,0.49479616,0.49479616,0.0,0.8243192,0.0,1.4352796,0.49479616,0.49479616,0.49479616,0.49479616,0.49479616,0.8243192,0.49479616,0.0,3.3281565,0.0,0.0,0.0,0.0,0.8243192,0.49479616
0.4229113,1.4251288,0.4229113,0.4229113,0.947478,0.0,0.0,0.0,0.0,0.0,0.0,0.0,0.0,0.0,0.0,0.4229113,0.71920365,3.7879262,0.4229113,0.71920365,0.0,0.0,0.4229113,1.5443215,0.0,0.0,0.0,0.0,0.0,1.2897819,0.947478,0.0,0.947478,0.4229113,0.0,0.4229113,0.71920365,0.0,2.243088,0.4229113,0.0,0.0,0.71920365,0.0,0.4229113,0.0,1.4251288,0.4229113,0.0,0.0,0.0,0.0,0.0,0.0,0.0,0.0,0.0,0.0,0.0,0.71920365,2.6125355,0.4229113,0.71920365,1.7470393,0.4229113,0.4229113,0.0,0.4229113,0.4229113,0.4229113,0.0,0.0,0.0,0.71920365,0.0,0.4229113,0.947478,0.0,0.0,0.4229113,0.0,0.0,0.4229113,0.4229113,2.3490088,0.4229113,0.4229113,0.4229113,0.4229113,0.0,0.0,1.2897819,0.0,3.4838195,0.4229113,1.4251288,0.947478,0.947478,0.0,0.0
0.0,0.62369037,0.0,0.62369037,0.0,0.0,0.0,0.0,0.0,0.0,0.0,0.0,0.0,1.0048882,0.0,1.0048882,0.62369037,3.9528244,0.0,1.0048882,0.0,0.0,0.0,0.62369037,0.62369037,0.62369037,0.0,0.0,0.0,1.6731644,1.4958668,0.0,0.0,0.0,0.0,0.0,0.0,0.62369037,2.0701997,0.62369037,0.0,0.0,0.0,0.0,0.0,0.0,1.823711,0.0,0.0,0.0,0.62369037,0.0,0.0,0.62369037,0.0,0.62369037,0.62369037,0.0,0.0,0.62369037,3.11994,1.4958668,0.0,1.6731644,0.0,0.62369037,1.0048882,0.62369037,1.280212,0.0,0.62369037,0.0,0.62369037,0.0,0.0,0.0,1.0048882,0.0,0.0,0.0,1.280212,0.62369037,1.0048882,0.0,1.9545308,0.0,0.0,1.0048882,0.0,0.0,0.0,1.0048882,0.0,3.0809565,0.0,1.6731644,0.62369037,0.62369037,0.62369037,0.0
0.0,1.3212647,0.0,1.458101,0.9741427,0.0,0.43801734,0.9741427,0.43801734,0.0,0.0,0.74158657,0.0,0.43801734,0.0,0.0,0.9741427,4.072633,0.0,0.0,0.43801734,0.0,0.0,0.43801734,0.0,0.0,0.43801734,0.0,0.43801734,1.3212647,1.458101,0.0,0.74158657,0.0,0.43801734,0.0,0.43801734,0.43801734,1.5784471,0.74158657,0.43801734,0.43801734,0.0,0.74158657,0.43801734,0.0,1.782834,0.0,0.9741427,0.0,0.43801734,0.0,1.1626904,0.43801734,0.43801734,1.1626904,0.0,0.0,0.0,0.0,2.4842927,0.74158657,0.0,1.458101,0.0,0.43801734,0.0,0.0,0.0,0.74158657,0.0,0.43801734,1.3212647,0.74158657,0.0,0.43801734,0.74158657,0.43801734,0.0,0.0,0.43801734,0.43801734,0.9741427,0.0,1.6858532,0.74158657,0.43801734,0.74158657,0.9741427,0.43801734,1.3212647,1.458101,0.0,3.7298474,1.1626904,1.8712355,0.43801734,0.74158657,0.43801734,0.43801734
0.42047492,1.7411959,0.7155782,0.0,0.7155782,0.0,0.0,0.0,0.7155782,0.0,0.0,0.42047492,0.0,0.0,0.0,0.7155782,0.42047492,5.0242476,0.42047492,0.94314826,0.0,0.0,0.7155782,0.0,0.0,0.42047492,0.0,0.42047492,0.42047492,0.7155782,1.1284099,0.0,0.42047492,0.0,0.42047492,0.0,0.7155782,0.0,1.64509,0.42047492,0.42047492,0.0,0.0,0.0,0.0,0.0,1.419755,0.42047492,0.0,0.0,0.7155782,0.0,0.0,0.0,0.42047492,0.42047492,0.42047492,0.0,0.0,0.0,2.7495227,0.0,0.0,2.5666206,0.0,0.7155782,1.2846555,0.42047492,0.0,0.0,0.0,0.42047492,0.0,0.94314826,0.0,0.94314826,1.1284099,0.0,0.42047492,0.0,0.7155782,0.7155782,1.1284099,0.0,1.5387561,0.42047492,1.1284099,1.1284099,0.7155782,0.42047492,0.7155782,1.64509,0.42047492,3.6808133,0.7155782,2.6059752,0.42047492,0.7155782,0.0,0.42047492
0.0,0.8984591,0.6783096,0.0,0.0,0.3955979,0.6783096,0.3955979,0.0,0.0,0.0,0.6783096,0.0,0.0,0.3955979,0.3955979,0.0,3.634441,0.0,0.0,0.0,0.0,0.6783096,0.6783096,0.0,0.3955979,0.6783096,0.0,0.0,1.3639547,1.2314985,0.0,0.3955979,0.0,0.6783096,0.0,0.6783096,0.0,2.1137319,0.6783096,1.3639547,0.0,0.3955979,0.0,0.3955979,0.0,1.0787796,0.3955979,0.0,0.3955979,0.6783096,0.3955979,0.0,0.3955979,0.0,0.3955979,0.3955979,0.3955979,0.0,0.0,2.942071,0.0,0.3955979,2.4150841,0.0,0.3955979,0.8984591,0.0,0.0,0.0,0.3955979,0.0,0.0,0.6783096,0.0,1.4809006,0.6783096,0.0,0.0,0.0,0.0,0.3955979,0.8984591,0.0,1.8465619,0.0,0.0,1.3639547,0.3955979,0.0,0.0,1.3639547,0.6783096,3.8102062,0.6783096,2.324363,0.3955979,0.3955979,1.0787796,0.3955979
0.53843164,1.6639082,1.5187664,0.0,0.0,0.0,1.6639082,0.0,0.0,0.0,0.0,0.8865056,1.1442078,0.0,0.0,0.8865056,0.53843164,4.3842525,0.53843164,0.8865056,0.0,0.0,1.1442078,1.5187664,0.53843164,1.1442078,0.0,0.0,1.1442078,3.3102784,0.53843164,0.0,1.6639082,0.0,0.8865056,0.0,0.0,0.0,2.0959516,0.53843164,0.8865056,0.0,1.9030833,0.0,1.1442078,0.0,1.5187664,0.0,1.1442078,0.53843164,0.8865056,0.8865056,0.0,0.0,0.53843164,1.1442078,0.53843164,0.0,0.0,0.8865056,3.0086277,1.5187664,1.5187664,2.7713172,0.0,0.53843164,0.53843164,0.0,0.0,0.0,0.0,0.0,0.0,1.5187664,0.0,1.1442078,0.0,0.53843164,0.0,0.0,0.8865056,0.0,0.53843164,0.0,2.1800213,0.0,1.1442078,1.7906294,0.0,0.0,0.8865056,1.3489223,0.8865056,3.6767855,0.53843164,2.3966625,0.8865056,0.53843164,0.53843164,0.0
0.7759915,0.7759915,1.2076133,0.0,0.0,0.0,1.2076133,1.5081217,0.7759915,0.0,0.0,0.0,0.7759915,0.0,0.0,1.9262506,0.0,4.0063562,0.0,0.0,0.0,0.0,1.2076133,1.7388828,0.0,0.0,1.5081217,0.0,0.0,2.9838583,1.5081217,0.0,0.7759915,0.0,1.5081217,0.7759915,0.7759915,0.0,1.2076133,0.7759915,0.0,0.0,0.0,0.0,0.0,0.7759915,0.0,0.0,0.0,0.0,0.7759915,1.2076133,0.0,1.2076133,1.2076133,1.2076133,1.2076133,0.0,0.0,0.0,3.0415022,0.0,0.0,2.7129014,0.7759915,0.0,0.7759915,0.7759915,0.0,0.0,0.0,0.0,0.0,0.0,0.0,0.0,1.2076133,0.0,0.7759915,0.0,0.0,0.0,0.0,0.0,1.7388828,0.0,0.7759915,2.0839903,0.0,0.0,0.0,0.7759915,0.0,3.819125,0.0,1.9262506,1.2076133,0.0,0.0,0.0
0.0,1.3725045,0.68397504,0.0,1.5947219,0.0,1.3725045,1.086364,0.0,0.0,0.0,0.0,0.0,0.0,0.0,1.9301347,0.0,4.325618,0.0,0.0,0.0,0.68397504,1.5947219,1.3725045,0.0,1.086364,0.68397504,0.0,1.5947219,3.1603994,1.7764255,0.0,1.3725045,0.0,2.0633347,1.9301347,0.0,0.0,1.9301347,0.68397504,0.68397504,1.3725045,1.086364,0.0,0.68397504,0.0,0.68397504,0.0,0.68397504,1.3725045,1.086364,1.5947219,0.0,1.086364,1.3725045,1.5947219,0.68397504,0.0,0.0,2.0633347,2.2860143,0.68397504,0.0,2.8158777,0.0,0.68397504,2.6219559,0.0,0.68397504,0.0,0.0,0.0,0.68397504,0.0,0.0,0.68397504,0.68397504,0.0,0.0,0.0,1.3725045,1.086364,0.68397504,0.0,1.5947219,0.0,0.0,2.3811555,0.68397504,0.0,1.086364,0.0,1.5947219,3.7661831,1.086364,1.086364,1.086364,0.0,1.5947219,0.0
0.69429916,0.69429916,1.7936788,0.0,0.69429916,1.100148,1.6112804,0.0,0.0,0.0,0.0,0.0,0.69429916,0.0,1.100148,1.3880218,0.0,4.096609,0.69429916,1.3880218,0.0,0.0,1.3880218,0.0,0.0,0.0,0.0,0.0,0.69429916,3.0932405,0.69429916,0.0,0.69429916,0.0,2.8353806,0.69429916,0.69429916,0.0,1.100148,0.69429916,0.0,2.0814567,0.0,0.0,0.0,0.69429916,1.9478841,1.100148,0.0,0.0,1.100148,0.0,0.0,0.69429916,1.6112804,1.7936788,0.69429916,0.0,0.0,2.8353806,2.9466207,1.3880218,0.0,1.9478841,0.0,1.100148,1.7936788,0.69429916,1.100148,0.0,0.69429916,0.69429916,0.69429916,0.69429916,0.69429916,0.69429916,1.100148,0.0,1.3880218,0.0,1.100148,0.0,0.0,0.69429916,1.3880218,0.0,0.0,1.3880218,0.0,0.0,0.0,0.0,0.69429916,3.557585,0.69429916,2.7747476,1.3880218,0.0,1.3880218,0.69429916
0.0,1.7346742,1.8632935,0.0,0.0,0.93832374,0.0,0.57540303,0.57540303,0.57540303,0.0,0.57540303,1.204035,0.0,0.0,1.4137607,0.0,4.3567967,0.0,0.0,0.0,0.0,1.4137607,1.8632935,0.0,0.93832374,1.5870358,1.204035,0.57540303,3.91211,1.5870358,0.57540303,2.5390558,0.0,2.0795193,0.0,0.57540303,0.0,0.0,0.57540303,0.93832374,0.0,1.5870358,0.0,0.57540303,0.0,1.204035,0.0,1.7346742,0.57540303,0.57540303,0.93832374,0.0,0.57540303,2.4756856,1.8632935,0.57540303,0.0,0.0,0.93832374,2.8068051,0.0,1.7346742,1.5870358,0.57540303,1.4137607,1.4137607,0.0,1.5870358,0.57540303,0.0,0.0,0.0,0.0,0.0,0.93832374,0.0,0.0,0.93832374,0.0,0.93832374,0.0,0.57540303,0.0,0.93832374,0.0,0.0,2.4080265,0.0,0.57540303,0.0,0.0,1.204035,3.5165944,0.93832374,2.5986483,0.57540303,0.0,0.57540303,0.0
0.0,0.70799595,1.2739086,0.0,0.0,0.70799595,0.70799595,0.70799595,0.41538876,0.0,0.0,0.0,0.70799595,0.0,0.0,0.41538876,0.41538876,4.639349,0.41538876,0.70799595,0.0,0.41538876,0.41538876,1.8968033,0.0,0.70799595,1.7289326,0.0,0.0,3.206323,1.4084857,0.0,0.70799595,0.0,1.2739086,1.1183621,0.0,0.0,1.8968033,0.41538876,0.0,0.70799595,0.934083,0.41538876,1.2739086,0.0,2.0405025,0.0,0.70799595,0.41538876,0.41538876,0.41538876,0.0,0.0,1.2739086,0.70799595,0.41538876,0.0,0.0,0.0,2.7684443,0.0,0.70799595,1.1183621,0.0,0.0,0.934083,0.0,0.0,0.0,0.70799595,0.0,0.0,0.0,0.0,1.1183621,0.70799595,0.0,0.41538876,0.934083,1.1183621,0.0,0.41538876,0.0,0.70799595,0.0,0.41538876,1.2739086,0.0,0.41538876,0.934083,0.41538876,1.8163863,3.0961812,0.934083,4.08076,2.0405025,0.0,0.41538876,0.0
0.0,1.3868196,0.9167109,0.69349736,0.0,0.9167109,1.2532632,0.0,0.40569857,0.0,0.40569857,0.0,0.0,0.0,0.40569857,0.69349736,0.40569857,6.2468057,0.0,0.40569857,0.0,0.40569857,0.40569857,0.69349736,0.0,0.0,0.69349736,0.40569857,0.9167109,2.4429865,1.2532632,0.0,1.0990791,0.0,0.40569857,0.9167109,0.9167109,0.0,1.8723948,0.40569857,0.40569857,0.0,0.0,0.69349736,0.0,0.40569857,1.2532632,0.0,0.40569857,0.0,0.40569857,0.0,0.0,0.40569857,0.69349736,1.0990791,0.9167109,0.0,0.40569857,1.3868196,2.1406841,0.40569857,0.40569857,1.0990791,0.40569857,0.9167109,1.0990791,0.40569857,0.0,0.0,0.40569857,0.40569857,0.0,0.40569857,0.0,1.5046221,0.40569857,0.40569857,0.0,0.0,0.40569857,0.0,0.69349736,0.0,1.0990791,0.40569857,0.0,1.3868196,0.0,0.0,0.0,1.0990791,0.69349736,3.178725,0.9167109,6.2468057,3.5416393,0.0,0.9167109,0.40569857
0.0,0.0,0.0,0.0,0.0,0.0,0.0,0.0,0.0,2.0351448,0.0,0.0,0.0,0.0,0.0,0.0,0.0,3.8622763,0.0,0.0,0.0,0.0,2.0351448,0.0,0.0,0.0,0.0,0.0,0.0,3.0426197,0.0,0.0,0.0,0.0,0.0,0.0,0.0,2.0351448,0.0,0.0,0.0,0.0,0.0,0.0,0.0,0.0,3.0426197,0.0,0.0,0.0,0.0,0.0,0.0,0.0,0.0,0.0,0.0,0.0,0.0,0.0,2.6607294,0.0,0.0,2.0351448,0.0,0.0,0.0,0.0,0.0,0.0,0.0,0.0,0.0,0.0,0.0,0.0,0.0,0.0,0.0,0.0,0.0,0.0,0.0,0.0,0.0,0.0,0.0,2.0351448,0.0,0.0,0.0,0.0,0.0,2.0351448,0.0,2.6607294,2.0351448,0.0,0.0,0.0
0.0,0.0,0.0,0.0,0.0,0.0,0.0,0.0,0.0,0.0,0.0,0.0,0.0,0.0,0.0,1.7048299,0.0,3.332301,0.0,2.302675,0.0,0.0,0.0,0.0,0.0,0.0,0.0,0.0,0.0,1.7048299,0.0,0.0,0.0,0.0,0.0,0.0,0.0,0.0,2.302675,1.7048299,0.0,0.0,0.0,0.0,0.0,0.0,2.6742418,0.0,0.0,0.0,0.0,0.0,0.0,0.0,0.0,0.0,0.0,0.0,0.0,0.0,2.9445338,0.0,0.0,0.0,0.0,0.0,0.0,0.0,0.0,0.0,0.0,0.0,0.0,0.0,0.0,0.0,0.0,0.0,0.0,0.0,0.0,1.7048299,0.0,0.0,0.0,0.0,0.0,1.7048299,0.0,0.0,0.0,0.0,0.0,3.1570961,0.0,0.0,0.0,0.0,0.0,0.0
0.0,0.0,0.0,0.0,0.0,0.0,0.0,0.0,0.0,0.0,0.0,0.0,0.0,0.0,0.0,0.0,0.0,3.1456416,0.0,0.0,0.0,0.0,0.0,0.0,0.0,0.0,0.0,0.0,1.8807838,0.0,0.0,0.0,0.0,0.0,0.0,0.0,0.0,0.0,2.4946332,1.8807838,0.0,0.0,0.0,1.8807838,0.0,0.0,0.0,0.0,0.0,0.0,0.0,0.0,0.0,0.0,0.0,0.0,0.0,0.0,0.0,0.0,3.1456416,0.0,0.0,0.0,0.0,0.0,0.0,0.0,0.0,0.0,0.0,0.0,0.0,1.8807838,0.0,0.0,0.0,0.0,0.0,0.0,0.0,0.0,0.0,0.0,0.0,0.0,0.0,0.0,0.0,0.0,0.0,0.0,0.0,2.4946332,0.0,1.8807838,0.0,1.8807838,0.0,0.0
0.0,0.0,0.0,0.0,0.0,0.0,0.0,0.0,0.0,0.0,0.0,0.0,0.0,0.0,0.0,0.0,0.0,3.9984155,0.0,0.0,0.0,0.0,0.0,0.0,0.0,0.0,0.0,0.0,0.0,0.0,0.0,0.0,0.0,0.0,0.0,0.0,0.0,0.0,0.0,0.0,0.0,0.0,0.0,0.0,0.0,0.0,3.0477026,0.0,0.0,0.0,0.0,0.0,0.0,0.0,0.0,0.0,0.0,0.0,0.0,0.0,0.0,0.0,0.0,2.0397859,0.0,2.0397859,0.0,0.0,0.0,0.0,0.0,2.0397859,0.0,0.0,0.0,0.0,0.0,0.0,0.0,2.0397859,0.0,0.0,0.0,0.0,2.0397859,2.0397859,0.0,0.0,0.0,0.0,0.0,0.0,0.0,2.6656942,0.0,2.0397859,2.6656942,0.0,0.0,0.0
0.0,0.0,0.0,0.0,0.0,0.0,0.0,0.0,0.0,2.3425112,0.0,0.0,0.0,0.0,0.0,0.0,0.0,3.6540124,0.0,0.0,0.0,0.0,0.0,0.0,0.0,0.0,0.0,0.0,0.0,0.0,0.0,0.0,0.0,0.0,0.0,0.0,0.0,0.0,0.0,0.0,0.0,0.0,0.0,0.0,0.0,0.0,2.3425112,0.0,0.0,0.0,0.0,0.0,0.0,0.0,0.0,0.0,0.0,0.0,0.0,0.0,2.3425112,0.0,0.0,0.0,0.0,0.0,0.0,0.0,0.0,0.0,0.0,0.0,0.0,0.0,0.0,0.0,0.0,0.0,0.0,0.0,0.0,0.0,0.0,0.0,2.986423,0.0,0.0,0.0,0.0,0.0,0.0,0.0,0.0,3.6540124,0.0,2.3425112,0.0,0.0,0.0,0.0
1.0913323,0.0,0.0,0.0,0.0,0.0,0.0,0.0,0.0,0.0,1.0913323,0.0,0.0,0.0,0.0,0.0,0.0,2.9340777,0.0,1.0913323,0.0,0.0,1.0913323,0.0,0.0,0.0,0.0,0.0,0.0,1.0913323,0.0,0.0,0.0,0.0,0.0,0.0,0.0,0.0,2.1875062,0.0,0.0,0.0,0.0,0.0,0.0,0.0,2.387955,0.0,0.0,0.0,0.0,0.0,0.0,1.0913323,0.0,0.0,0.0,1.0913323,0.0,1.0913323,1.0913323,0.0,0.0,1.0913323,0.0,1.0913323,0.0,0.0,0.0,0.0,0.0,1.6006956,0.0,1.0913323,0.0,0.0,0.0,0.0,0.0,0.0,0.0,0.0,1.0913323,0.0,1.0913323,0.0,0.0,0.0,1.0913323,0.0,0.0,1.0913323,0.0,3.3567352,0.0,2.1875062,0.0,1.6006956,0.0,0.0
0.0,0.0,0.0,0.0,0.0,0.0,0.7334496,0.7334496,0.0,0.0,0.0,0.0,0.0,0.0,0.0,0.0,0.0,3.2112277,0.0,0.7334496,0.0,0.0,0.0,1.1519958,0.0,0.0,0.0,0.0,0.0,0.0,0.0,0.0,0.0,0.0,0.0,0.0,0.0,0.0,2.014037,0.0,0.0,0.0,0.0,0.0,0.0,0.0,2.3739994,0.0,0.0,0.0,0.7334496,0.0,0.0,0.0,0.0,0.0,0.0,0.0,0.0,0.0,2.5575964,0.0,0.0,0.7334496,0.0,0.0,0.0,0.0,0.0,0.0,0.0,1.4461547,0.0,1.1519958,0.7334496,0.0,0.0,0.0,0.7334496,0.0,0.0,0.7334496,0.0,0.0,1.1519958,0.0,0.7334496,0.0,0.0,0.0,0.0,0.0,0.0,2.3739994,0.0,0.7334496,0.0,0.0,0.0,0.0
0.0,0.0,0.0,0.0,0.0,0.0,1.1376382,0.0,0.0,0.0,0.0,0.0,0.0,0.5344235,0.0,0.0,0.0,3.3266764,0.0,0.8808411,0.0,0.0,0.8808411,0.5344235,0.0,0.0,0.0,0.0,0.0,1.7825924,0.0,0.0,0.8808411,0.0,0.0,0.0,0.0,0.0,2.3878908,0.0,0.5344235,0.0,1.6560895,0.0,0.0,0.0,2.3208213,0.0,0.0,0.0,0.0,0.0,0.0,0.0,0.0,0.5344235,0.0,0.5344235,0.0,0.0,2.5657098,0.5344235,0.0,1.1376382,0.5344235,0.8808411,0.8808411,0.5344235,0.5344235,0.0,0.0,0.0,0.0,0.5344235,0.5344235,0.5344235,0.5344235,0.5344235,0.0,0.0,0.5344235,0.0,0.0,0.5344235,1.3417825,0.5344235,0.5344235,0.8808411,0.0,0.0,0.0,0.5344235,0.0,3.0674696,0.0,0.5344235,0.8808411,0.8808411,0.0,0.0
0.0,0.0,0.0,0.0,0.0,0.0,0.71914965,0.422875,0.0,0.0,0.0,0.0,0.0,0.422875,0.0,0.0,0.71914965,3.3075156,0.0,0.94741356,0.422875,0.422875,0.0,0.422875,0.0,0.0,0.0,0.0,0.0,1.1331341,0.0,0.0,0.422875,0.0,0.0,0.422875,0.0,0.422875,2.6503212,0.71914965,0.0,0.0,1.1331341,0.422875,0.0,0.422875,2.1855066,0.0,0.0,0.0,0.422875,0.0,0.422875,0.422875,0.0,0.0,0.0,0.0,0.422875,0.422875,2.3489134,0.0,0.0,0.422875,0.0,0.422875,0.94741356,0.422875,0.0,0.0,0.0,0.71914965,0.0,0.0,0.0,0.422875,1.4250488,0.422875,0.422875,0.0,0.422875,0.0,0.0,0.422875,1.6507233,0.422875,0.422875,0.422875,0.422875,0.0,0.0,0.71914965,0.422875,2.7889516,0.0,1.4250488,0.0,0.422875,0.0,0.0
0.0,0.75949824,0.0,0.0,0.0,0.45018464,0.45018464,0.0,0.0,0.0,0.0,0.0,0.0,0.0,0.0,0.0,0.45018464,3.4199307,0.0,0.0,0.0,0.0,0.75949824,0.0,0.0,0.0,0.0,0.0,0.0,0.45018464,0.45018464,0.0,0.0,0.0,0.45018464,0.45018464,0.75949824,0.45018464,2.4683905,1.4842399,0.0,0.0,0.45018464,0.0,0.45018464,0.45018464,2.2543426,0.45018464,0.0,0.45018464,0.0,0.0,0.0,0.0,0.0,0.45018464,0.45018464,0.0,0.0,0.75949824,2.2543426,0.0,0.0,0.9953996,0.0,0.45018464,0.0,0.9953996,0.0,0.0,0.0,0.0,0.0,0.0,0.0,0.45018464,0.45018464,0.0,0.0,0.45018464,0.45018464,0.45018464,0.45018464,0.45018464,1.6054726,0.0,0.45018464,0.75949824,0.0,0.0,0.0,0.75949824,0.0,3.1182537,0.0,1.4842399,0.75949824,0.0,0.0,0.45018464
0.0,0.0,0.0,0.0,0.0,0.0,0.0,0.0,0.0,0.0,0.0,0.0,0.0,0.9713458,0.0,0.0,0.0,3.568728,0.0,0.0,0.0,0.0,0.0,0.9713458,0.0,0.0,0.0,0.0,0.0,0.9713458,0.9713458,0.0,0.0,0.0,0.0,0.0,0.0,0.0,2.2200167,0.9713458,0.0,0.0,0.9713458,0.0,0.0,0.0,2.3840714,0.0,0.0,0.9713458,0.0,0.0,0.0,0.0,0.0,0.0,0.0,0.0,0.0,0.0,2.2200167,0.0,0.0,0.9713458,0.0,0.0,0.0,0.0,0.0,0.0,0.9713458,0.0,0.0,0.9713458,0.0,0.0,0.9713458,0.0,0.0,0.0,0.0,0.0,0.0,0.9713458,0.0,0.0,0.0,0.0,0.0,0.0,0.0,0.0,0.0,2.8573303,0.0,1.4546523,0.0,0.0,0.9713458,0.0
0.0,0.8279906,0.0,0.0,0.3573749,0.3573749,0.0,0.0,0.0,0.3573749,0.0,0.0,0.3573749,0.0,0.0,0.0,0.0,3.364608,0.0,1.1467224,0.0,0.0,0.0,0.3573749,0.0,0.0,0.0,0.0,0.6201159,0.0,0.8279906,0.0,0.3573749,0.0,0.3573749,0.0,0.0,0.0,2.38694,1.2746447,0.0,0.0,0.3573749,0.0,0.0,0.3573749,2.630964,0.0,0.0,0.0,0.0,0.0,0.3573749,0.0,0.0,0.0,0.0,0.6201159,0.0,0.3573749,3.073593,0.0,0.0,0.6201159,0.6201159,0.0,0.8279906,0.3573749,0.3573749,0.0,0.0,0.0,0.0,0.3573749,0.3573749,0.0,0.6201159,0.0,0.3573749,0.0,0.3573749,0.3573749,0.0,0.0,2.063458,0.0,0.3573749,0.3573749,0.0,0.3573749,0.0,1.0000019,0.0,2.4988806,0.3573749,1.1467224,0.3573749,0.3573749,0.0,0.6201159
0.0,0.0,0.0,0.0,0.0,0.0,0.0,0.0,0.0,0.0,0.0,0.0,0.0,0.9218769,0.0,0.0,0.0,3.659711,0.0,0.0,0.0,0.0,1.3932723,0.0,0.0,0.0,0.0,0.0,0.0,0.0,0.9218769,0.0,0.0,0.0,0.0,0.0,0.9218769,0.0,2.3109527,0.9218769,0.0,0.0,0.0,0.0,0.0,0.0,1.7123579,0.0,0.0,0.0,0.0,0.0,0.0,0.0,0.0,0.0,0.0,0.0,0.0,0.0,2.9532452,0.0,0.0,0.0,0.0,0.9218769,0.9218769,0.0,0.0,0.0,0.0,0.0,0.0,0.0,0.0,0.0,0.0,0.0,0.0,0.9218769,0.0,0.0,0.0,0.0,1.3932723,0.0,0.0,0.0,0.0,0.0,0.9218769,0.9218769,0.0,2.7813034,0.0,1.7123579,1.3932723,0.0,0.0,0.9218769
0.0,0.6082647,0.0,0.6082647,0.34968472,0.34968472,0.34968472,0.0,0.0,0.0,0.0,0.0,0.0,0.34968472,0.0,0.6082647,0.6082647,3.5646436,0.0,0.6082647,0.0,0.0,0.6082647,0.6082647,0.34968472,0.0,0.0,0.34968472,0.34968472,1.2561064,0.34968472,0.0,0.34968472,0.34968472,0.0,0.34968472,0.34968472,0.34968472,2.3233328,0.34968472,0.0,0.0,0.34968472,0.0,0.0,0.34968472,1.7236274,0.0,0.0,0.0,0.0,0.0,0.0,0.0,0.0,0.0,0.0,0.34968472,0.34968472,0.0,2.9875948,0.34968472,0.34968472,1.9850352,0.34968472,0.0,0.98375535,0.0,0.0,0.0,0.0,0.34968472,0.0,0.8135316,0.34968472,0.34968472,0.8135316,0.34968472,0.0,0.34968472,0.34968472,0.0,0.34968472,0.6082647,1.4699372,0.0,0.34968472,0.98375535,0.34968472,0.0,0.0,0.0,0.0,3.2941484,0.0,1.4699372,0.6082647,0.34968472,0.0,0.6082647
0.42664784,0.42664784,0.0,0.0,0.0,0.42664784,0.9541024,0.42664784,0.0,0.42664784,0.0,0.0,0.0,0.0,0.0,0.0,0.0,3.7743468,0.42664784,0.72475535,0.42664784,0.0,0.9541024,0.0,0.0,0.0,0.42664784,0.0,0.72475535,1.1405383,0.42664784,0.0,0.0,0.0,0.42664784,0.0,0.0,0.9541024,1.7559626,0.0,0.0,0.42664784,0.0,0.0,0.0,0.0,2.134117,0.0,0.72475535,0.0,0.42664784,0.0,0.0,0.0,0.42664784,0.0,0.0,0.0,0.0,0.72475535,3.0295625,0.0,0.0,1.4333397,0.0,0.42664784,1.1405383,0.42664784,0.42664784,0.0,0.0,0.42664784,0.0,0.0,0.42664784,0.0,1.4333397,0.0,0.42664784,0.0,0.0,0.72475535,0.42664784,0.0,1.9994992,0.42664784,0.42664784,0.0,0.0,0.0,0.0,0.9541024,0.0,3.5103176,0.42664784,1.7559626,0.42664784,0.42664784,0.0,0.0
0.3119594,0.5493914,0.5493914,0.3119594,0.0,0.0,0.5493914,0.0,0.0,0.0,0.0,0.0,0.0,0.3119594,0.0,0.3119594,0.3119594,4.0686436,0.5493914,0.74112636,0.0,0.0,1.040452,1.4574267,0.0,0.0,0.0,0.0,0.0,1.5392283,1.1620862,0.0,0.5493914,0.0,1.1620862,0.0,0.0,0.5493914,2.242865,0.74112636,0.0,0.74112636,1.2705171,0.0,0.0,0.0,1.5392283,0.0,0.3119594,0.0,0.3119594,0.0,0.0,0.0,0.0,0.74112636,0.5493914,0.9019471,0.0,0.0,2.5427961,0.74112636,0.0,1.7508142,0.0,0.3119594,0.74112636,0.3119594,0.74112636,0.0,0.3119594,0.74112636,0.3119594,0.0,0.0,0.0,0.9019471,0.0,0.3119594,0.5493914,0.3119594,0.3119594,1.2705171,0.0,1.3683324,0.3119594,0.3119594,0.5493914,0.3119594,0.3119594,0.3119594,0.9019471,0.3119594,3.195826,0.5493914,1.7508142,0.0,0.0,0.3119594,0.3119594
0.65015346,0.65015346,0.0,0.0,0.0,0.0,0.0,1.5397317,0.0,0.65015346,0.0,0.0,1.0408665,0.0,0.65015346,1.0408665,0.0,6.925179,0.0,0.0,0.0,0.0,1.3210901,0.0,0.0,0.0,0.0,0.0,0.0,2.0029442,1.5397317,0.0,0.0,0.0,0.0,0.0,1.3210901,0.65015346,1.8710339,0.0,0.0,0.65015346,2.0029442,0.65015346,0.65015346,0.65015346,1.0408665,0.0,0.65015346,0.0,0.0,0.0,0.0,0.0,0.0,1.0408665,0.0,0.0,0.0,0.0,2.5576808,0.0,0.0,2.318296,0.0,0.65015346,1.8710339,0.0,0.0,0.65015346,0.0,0.0,0.0,0.0,0.0,0.65015346,0.0,0.0,0.65015346,0.0,1.3210901,0.0,0.0,0.0,2.1194646,0.0,0.0,0.65015346,1.0408665,1.8710339,0.65015346,1.0408665,0.65015346,3.7207832,0.0,3.1737056,1.7190408,0.65015346,0.65015346,0.0
0.69304717,1.3861444,1.098479,0.0,0.0,0.69304717,1.098479,0.0,0.69304717,0.69304717,0.0,0.0,1.098479,0.69304717,0.0,1.098479,0.69304717,5.7168283,0.0,0.0,0.0,0.0,1.7915928,0.69304717,0.0,0.69304717,0.0,0.69304717,0.0,2.8330252,1.098479,0.0,1.3861444,0.0,2.4847233,0.0,0.0,0.0,1.609278,0.69304717,0.0,1.098479,2.5647647,0.0,1.3861444,0.0,1.3861444,0.0,0.0,0.0,1.098479,0.0,0.0,0.0,0.69304717,0.69304717,0.0,0.0,0.0,2.302405,2.890183,0.0,0.0,2.3977134,0.0,0.0,2.1970468,0.0,0.69304717,0.69304717,0.0,0.0,0.0,0.0,0.0,1.098479,1.098479,0.0,0.69304717,0.0,1.3861444,1.3861444,0.69304717,0.0,1.7915928,0.0,0.0,0.69304717,0.69304717,2.3977134,0.69304717,1.098479,1.3861444,3.6107233,0.69304717,4.1741905,1.609278,0.69304717,0.69304717,0.0
0.9183356,0.9183356,2.143072,0.0,0.0,0.0,0.9183356,0.9183356,0.0,0.0,0.0,0.9183356,0.0,0.9183356,0.9183356,0.0,0.9183356,6.1378803,0.0,0.0,0.0,0.0,0.0,0.9183356,0.0,0.9183356,0.0,0.0,0.0,2.5680935,0.9183356,0.0,0.9183356,0.0,0.9183356,0.9183356,0.0,0.9183356,1.3888499,0.0,0.0,1.7075355,0.9183356,0.0,1.7075355,0.0,0.0,0.0,0.0,0.0,0.9183356,0.0,0.0,0.0,0.0,1.3888499,0.9183356,0.0,0.0,1.3888499,2.305651,0.0,0.9183356,2.143072,0.0,0.0,3.3354888,0.0,0.0,0.9183356,0.0,0.0,0.0,0.0,0.0,1.3888499,0.0,0.0,0.0,0.0,1.3888499,0.0,0.9183356,0.0,1.9488301,0.0,0.0,0.0,1.3888499,2.305651,1.3888499,0.9183356,1.3888499,3.9545841,0.0,4.3916206,1.9488301,0.0,0.9183356,0.0
0.0,1.2178222,0.78386027,0.0,0.0,0.0,0.78386027,1.2178222,0.0,0.0,0.0,0.0,0.78386027,0.0,1.5194538,0.78386027,0.78386027,5.867072,0.0,0.78386027,1.2178222,0.0,1.9386766,0.0,0.0,0.78386027,0.78386027,0.78386027,0.0,2.7264738,1.2178222,0.0,0.78386027,0.0,2.0967236,0.0,0.0,0.0,2.0967236,0.0,0.78386027,1.7508746,2.0967236,0.0,0.0,0.78386027,0.0,0.0,0.0,0.0,0.78386027,0.78386027,0.0,0.0,0.0,0.0,0.0,0.0,0.0,2.5571573,2.7264738,0.0,0.0,2.5571573,0.78386027,1.2178222,2.0967236,0.0,0.0,0.78386027,0.0,0.0,0.0,0.0,0.0,2.3532095,0.78386027,0.0,0.0,0.0,0.0,0.0,1.5194538,0.0,1.7508746,0.0,1.2178222,0.78386027,0.78386027,1.7508746,0.0,2.4603736,0.78386027,4.590793,0.78386027,3.4258165,1.2178222,0.0,0.78386027,0.0
0.0,1.6375399,1.6375399,0.0,0.0,0.0,1.3248625,0.0,0.0,0.0,0.0,0.0,0.0,0.0,0.86745083,0.86745083,0.86745083,6.583653,0.0,0.0,0.0,0.0,0.86745083,0.0,0.0,0.0,0.0,0.0,0.86745083,2.9418483,1.3248625,0.0,0.0,0.0,1.8753859,0.0,0.0,0.0,0.86745083,0.0,0.0,0.0,1.6375399,0.0,0.0,0.0,1.3248625,0.0,0.86745083,0.86745083,1.3248625,0.86745083,0.0,0.0,0.86745083,0.86745083,0.0,0.0,0.0,1.6375399,3.1976185,0.0,0.86745083,2.0673904,0.0,1.3248625,3.01218,0.0,0.0,0.0,0.0,0.0,0.0,0.0,0.0,1.8753859,1.3248625,0.86745083,0.0,0.0,0.0,0.0,0.86745083,0.0,1.3248625,0.0,0.0,1.6375399,0.0,2.6951904,0.86745083,1.3248625,0.0,4.287762,0.0,3.8701246,1.3248625,0.0,0.0,0.0
0.0,1.3061115,0.0,0.85266703,0.0,0.0,0.85266703,0.0,0.85266703,0.0,0.0,1.3061115,0.0,0.0,0.0,0.0,0.0,6.735999,0.0,0.0,0.0,0.0,1.6169467,1.3061115,0.0,0.0,0.0,0.85266703,1.3061115,2.5736084,0.0,0.0,0.85266703,0.0,1.6169467,0.0,0.0,0.0,1.6169467,0.0,0.0,0.85266703,1.3061115,0.0,0.0,0.0,1.6169467,1.3061115,1.3061115,0.0,1.3061115,0.0,0.0,0.0,0.0,0.85266703,0.85266703,0.0,0.85266703,0.0,2.4653127,0.0,0.0,2.205564,0.0,0.85266703,1.8537291,0.85266703,0.0,0.0,0.0,0.0,0.0,1.3061115,0.0,0.0,0.0,0.0,0.0,0.0,0.0,0.85266703,2.0450408,0.0,0.0,0.0,0.85266703,0.85266703,0.85266703,2.0450408,0.0,2.4653127,0.0,4.6244054,0.85266703,4.317811,1.6169467,0.0,0.85266703,0.0
0.0,0.7424511,1.6871979,0.0,0.0,0.0,0.0,0.7424511,0.0,0.7424511,0.0,0.7424511,0.0,1.163825,1.163825,1.163825,0.0,6.2594123,0.0,0.0,0.0,0.0,1.163825,1.4593675,0.0,0.7424511,0.0,0.0,0.7424511,2.9240894,0.0,0.0,1.163825,0.0,2.283263,0.0,0.0,0.0,0.7424511,0.0,0.0,1.6871979,1.4593675,1.163825,0.0,0.0,1.163825,0.0,0.0,0.0,0.0,0.0,0.0,0.0,0.0,2.0289998,0.7424511,0.0,0.0,2.1641908,3.5900126,0.0,0.0,1.8726319,0.0,0.7424511,2.3896534,0.0,1.8726319,0.0,0.0,0.0,0.0,0.7424511,0.7424511,1.4593675,0.0,0.0,0.0,0.0,0.7424511,0.7424511,1.6871979,0.0,2.0289998,0.0,0.7424511,1.6871979,0.0,2.7287693,0.0,2.283263,1.6871979,4.6386085,0.7424511,3.4252112,1.163825,0.7424511,0.0,1.163825
0.0,2.1338825,1.4331372,0.0,0.0,0.0,1.1403574,0.0,0.72461826,0.0,0.0,0.0,1.1403574,0.0,1.6593269,0.72461826,0.0,6.4867535,0.72461826,0.72461826,0.0,0.72461826,0.0,1.6593269,0.0,0.72461826,0.0,0.0,0.72461826,2.3585389,0.0,0.0,0.72461826,0.0,2.7660172,0.0,0.0,0.72461826,1.4331372,0.0,0.0,0.0,0.0,0.0,0.72461826,0.0,0.0,1.1403574,0.0,0.72461826,1.6593269,0.0,0.0,0.0,0.0,1.1403574,1.4331372,0.72461826,0.0,0.0,3.6712742,0.0,0.72461826,2.1338825,0.0,0.72461826,2.8916535,0.0,1.1403574,0.72461826,0.0,0.0,0.0,0.0,0.0,0.72461826,0.0,0.72461826,0.0,0.0,1.4331372,0.0,1.6593269,0.0,1.4331372,0.0,0.0,1.4331372,0.72461826,2.5418675,1.1403574,1.9992691,0.0,4.031139,0.72461826,4.636073,2.3585389,0.0,0.0,0.0
0.0,1.243203,0.8035026,0.0,0.0,0.0,0.0,0.8035026,1.243203,0.0,0.0,0.0,0.0,0.0,0.0,1.243203,0.8035026,5.6978893,0.0,0.0,0.0,0.8035026,0.8035026,1.547573,0.0,0.0,0.0,0.0,0.8035026,1.243203,0.0,0.8035026,0.8035026,0.0,1.7805972,1.7805972,0.8035026,0.0,0.0,0.0,0.8035026,0.0,1.7805972,0.0,0.0,0.0,1.243203,0.0,1.243203,0.8035026,0.0,0.0,0.0,0.0,1.243203,1.243203,0.0,0.0,0.0,1.243203,3.2452059,0.0,0.0,1.7805972,0.0,0.0,1.9694521,0.0,0.0,0.0,0.8035026,0.0,0.0,0.0,0.8035026,0.0,1.243203,0.0,0.8035026,0.0,0.0,0.0,0.8035026,0.0,1.547573,0.0,0.0,0.8035026,0.0,0.8035026,0.0,1.7805972,1.243203,4.317501,0.0,3.144165,1.547573,0.0,0.0,0.0
0.0,0.7833434,0.0,0.0,0.0,0.0,0.7833434,0.7833434,0.0,0.0,0.0,0.0,0.0,0.0,0.7833434,0.0,0.0,6.613619,0.0,0.0,0.0,0.0,1.5187106,0.7833434,0.0,0.7833434,0.7833434,0.0,0.0,2.3523483,0.7833434,0.0,0.0,0.0,1.7500885,0.0,0.0,0.0,1.7500885,0.0,0.7833434,0.7833434,1.5187106,0.0,0.0,0.0,1.937862,0.0,0.0,0.0,0.7833434,1.2171524,0.0,0.0,0.0,1.2171524,1.2171524,0.7833434,0.0,0.7833434,2.6445107,0.0,0.0,1.937862,0.0,0.7833434,0.0,0.7833434,0.0,0.0,0.0,0.0,0.0,0.0,0.0,1.2171524,0.0,0.0,0.7833434,0.0,0.7833434,0.0,0.7833434,0.0,1.2171524,0.0,0.0,1.2171524,0.0,1.2171524,1.2171524,1.7500885,0.0,3.344341,0.0,4.5529656,1.5187106,0.0,0.0,0.0
0.39802283,1.0836719,0.39802283,0.0,0.0,0.0,1.2367468,0.0,0.0,0.0,0.0,0.0,0.39802283,0.0,0.9028545,0.0,0.0,6.896717,0.0,0.6819629,0.0,0.0,0.0,0.9028545,0.39802283,0.39802283,0.39802283,0.0,0.0,1.2367468,0.39802283,0.0,0.0,0.0,1.0836719,0.0,0.0,0.6819629,1.7730489,0.39802283,0.0,0.39802283,0.39802283,0.0,0.0,0.0,1.2367468,0.39802283,0.0,0.0,0.0,0.0,0.0,0.0,0.0,0.6819629,0.0,1.0836719,0.39802283,0.0,3.113988,0.39802283,0.0,2.059786,0.0,0.39802283,0.6819629,0.6819629,0.0,0.0,0.39802283,0.0,0.6819629,0.0,0.0,0.6819629,1.4866251,0.39802283,0.0,0.6819629,0.6819629,0.6819629,0.6819629,0.0,1.7730489,0.0,0.39802283,1.2367468,0.0,0.0,0.6819629,1.2367468,0.39802283,3.6793685,0.0,5.0338955,4.4436746,0.39802283,0.9028545,0.0
0.44346586,0.98368543,0.44346586,0.0,0.0,0.0,0.44346586,0.0,0.74962014,0.0,0.0,0.0,0.0,0.44346586,0.0,0.0,0.0,5.248051,0.44346586,0.44346586,0.0,0.0,0.44346586,1.1732224,0.0,0.0,0.0,0.0,0.0,1.1732224,1.3324953,0.0,0.74962014,0.0,1.5905988,0.98368543,0.0,0.44346586,2.402047,0.44346586,0.0,0.0,0.0,0.0,0.0,0.0,1.9655837,0.0,0.0,0.0,0.0,0.98368543,0.0,0.74962014,0.0,0.0,0.0,1.1732224,0.0,0.74962014,3.4203198,0.0,0.44346586,1.5905988,0.44346586,0.74962014,0.44346586,0.0,0.74962014,0.0,0.0,0.44346586,0.44346586,0.74962014,0.0,0.44346586,0.44346586,0.44346586,0.0,0.0,0.0,0.44346586,0.0,0.0,2.0408535,0.0,0.0,0.98368543,0.74962014,0.0,0.74962014,0.74962014,0.0,3.6332207,0.44346586,3.0488715,1.5905988,0.44346586,0.44346586,0.0
0.0,0.3678342,0.3678342,0.0,0.0,0.3678342,0.0,0.63615614,0.3678342,0.3678342,0.0,0.3678342,0.0,0.0,0.3678342,0.0,0.8475011,4.195043,0.0,0.63615614,0.0,0.3678342,0.8475011,0.3678342,0.0,0.3678342,0.0,0.0,0.8475011,1.1703166,1.4139625,0.3678342,0.8475011,0.0,0.0,0.63615614,0.63615614,0.3678342,2.2457447,0.63615614,0.0,0.3678342,0.3678342,0.0,0.0,0.0,2.0371912,0.0,0.3678342,0.0,0.3678342,0.0,0.3678342,0.8475011,0.0,0.8475011,0.3678342,0.0,0.3678342,0.8475011,2.7518682,0.0,0.0,2.1975408,0.3678342,0.3678342,0.8475011,0.3678342,0.0,0.0,0.0,0.0,0.0,0.63615614,0.0,0.63615614,1.0218788,0.8475011,0.0,0.3678342,0.3678342,1.0218788,0.63615614,0.0,1.516625,0.0,0.0,1.1703166,0.0,0.0,0.8475011,1.2995416,0.3678342,3.2879148,0.3678342,1.9139525,1.1703166,0.0,0.3678342,0.3678342
0.0,0.54737175,0.0,0.31067944,0.0,0.31067944,0.31067944,0.31067944,0.0,0.31067944,0.0,0.0,0.0,0.31067944,0.0,0.0,0.54737175,4.405329,0.0,0.89910686,0.0,0.0,0.54737175,0.31067944,0.31067944,0.0,0.31067944,0.0,0.0,0.73862493,0.73862493,0.0,0.31067944,0.0,0.31067944,0.31067944,0.31067944,0.73862493,1.9212704,0.89910686,0.0,0.0,0.0,0.54737175,0.0,0.0,1.9732447,0.0,0.73862493,0.0,0.31067944,0.31067944,0.0,0.0,0.0,0.31067944,0.0,0.73862493,0.0,0.0,2.8134384,0.54737175,0.0,2.06973,0.31067944,0.0,0.31067944,0.0,0.31067944,0.0,0.54737175,0.54737175,0.0,1.0373604,0.0,0.73862493,0.89910686,0.0,0.31067944,0.0,0.54737175,1.0373604,0.31067944,0.0,1.5354723,0.54737175,0.31067944,0.54737175,0.89910686,0.0,0.31067944,1.0373604,0.31067944,3.2352047,0.0,2.1146924,0.54737175,0.31067944,0.31067944,0.54737175
0.0,0.9444027,0.33132994,0.0,0.0,0.33132994,0.33132994,0.57977605,0.0,0.0,0.0,0.57977605,0.0,0.33132994,0.0,0.0,0.33132994,3.6959028,0.0,0.0,0.0,0.33132994,0.0,0.33132994,0.0,0.0,0.33132994,0.0,0.57977605,1.5949724,1.3216851,0.0,1.0865722,0.0,0.0,0.0,0.33132994,0.57977605,2.1811388,0.0,0.0,0.33132994,0.33132994,0.0,0.57977605,0.0,1.5949724,0.57977605,0.57977605,0.33132994,0.57977605,0.0,0.33132994,0.33132994,0.0,0.57977605,0.0,0.0,0.0,0.9444027,2.816173,0.33132994,0.0,2.4171007,0.0,0.0,0.33132994,0.0,0.0,0.33132994,0.33132994,0.0,0.9444027,0.9444027,0.33132994,0.33132994,0.57977605,0.33132994,0.77861714,0.0,0.77861714,0.0,0.33132994,0.0,1.6716635,0.57977605,0.57977605,0.57977605,0.77861714,0.0,0.33132994,0.57977605,0.0,3.4789464,0.57977605,1.7428898,1.2110225,0.0,0.57977605,0.33132994
0.0,0.6518655,0.0,0.0,0.0,0.0,0.3781342,0.3781342,0.3781342,0.0,0.0,0.0,0.0,0.3781342,0.0,0.3781342,0.0,3.5016193,0.0,0.8665442,0.3781342,0.0,0.0,0.3781342,0.0,0.0,0.3781342,0.0,0.0,1.3237147,1.5425436,0.6518655,0.8665442,0.3781342,0.0,0.3781342,0.3781342,0.3781342,1.9422269,1.0431825,0.0,0.6518655,0.3781342,0.3781342,0.0,0.0,2.0060403,0.6518655,0.6518655,0.0,0.0,0.6518655,0.3781342,0.8665442,0.3781342,0.3781342,0.0,0.6518655,0.0,0.8665442,2.9403672,0.0,0.0,2.1226137,0.0,0.6518655,0.0,0.3781342,0.3781342,0.0,0.0,0.3781342,0.0,0.8665442,0.0,0.6518655,0.6518655,0.6518655,0.0,0.0,0.0,0.3781342,0.3781342,0.3781342,1.6362803,0.3781342,0.0,1.0431825,1.1932538,0.0,0.3781342,0.6518655,0.0,3.7990355,0.0,3.7570019,0.8665442,0.3781342,0.6518655,0.6518655
0.0,1.0003006,0.0,0.0,0.62033427,0.0,0.35751694,0.35751694,0.0,0.0,0.0,0.8282567,0.62033427,0.35751694,0.62033427,0.0,0.62033427,3.6019945,0.0,0.62033427,0.0,0.0,0.35751694,0.0,0.0,0.0,0.0,0.35751694,0.35751694,1.1470449,1.4902486,0.0,1.0003006,0.0,0.62033427,0.0,0.62033427,0.35751694,2.3873692,1.0003006,0.0,0.62033427,0.0,0.0,0.62033427,0.62033427,1.948314,0.0,0.62033427,0.0,0.0,0.0,0.0,0.0,0.0,0.35751694,0.62033427,0.35751694,0.0,0.0,2.8525224,1.2749853,0.0,2.261294,0.0,0.0,1.0003006,0.35751694,0.62033427,0.0,0.0,0.8282567,0.62033427,0.8282567,0.35751694,0.62033427,0.35751694,0.35751694,0.0,0.0,0.62033427,0.35751694,0.62033427,0.0,2.0077605,0.0,0.62033427,0.62033427,0.62033427,0.62033427,1.0003006,1.5826776,0.35751694,3.3943377,0.0,3.7438028,3.093719,0.62033427,0.35751694,0.0
0.31731918,1.284839,0.31731918,0.31731918,0.0,0.31731918,0.55783236,0.31731918,0.0,0.0,0.0,0.0,0.0,0.31731918,0.0,0.0,0.0,4.1370487,0.0,0.55783236,0.0,0.0,0.31731918,0.913793,0.0,0.0,0.0,0.0,0.0,1.3831713,0.913793,0.31731918,0.913793,0.0,0.0,0.0,0.0,0.0,1.9423401,0.55783236,0.31731918,0.0,0.0,0.31731918,0.0,0.0,1.8873141,0.31731918,0.55783236,0.0,0.55783236,0.0,0.0,0.31731918,0.31731918,0.0,0.31731918,0.0,0.0,0.55783236,2.8144813,0.55783236,0.0,1.9944955,0.0,0.31731918,0.0,0.55783236,0.7515683,0.31731918,0.0,0.7515683,0.0,0.913793,0.0,0.55783236,1.0533375,0.0,0.31731918,0.0,0.31731918,0.913793,0.0,0.0,1.829083,0.0,0.0,1.0533375,0.0,0.0,0.31731918,1.1757725,0.0,3.4886732,0.0,3.3281872,0.31731918,0.31731918,0.55783236,0.31731918
0.3068929,1.1490431,0.3068929,0.0,0.0,0.0,0.0,0.0,0.0,0.0,0.0,0.0,0.0,0.0,0.0,0.0,0.0,3.6836936,0.3068929,0.89067817,0.0,0.0,0.0,0.5413883,0.0,0.0,0.3068929,0.3068929,0.0,1.0281816,1.0281816,0.5413883,0.89067817,0.0,0.0,0.0,0.3068929,0.0,2.0102947,1.0281816,0.0,0.0,0.3068929,0.0,0.0,0.3068929,1.6696568,0.3068929,0.0,0.0,0.0,0.3068929,0.0,0.3068929,0.0,0.3068929,0.3068929,0.3068929,0.0,0.0,2.8635137,0.3068929,0.0,2.263916,0.0,0.5413883,0.89067817,0.0,0.0,0.3068929,0.0,0.3068929,0.0,0.5413883,0.89067817,0.0,1.0281816,0.0,0.0,0.5413883,0.0,0.5413883,0.3068929,0.0,1.9091167,0.7312067,0.3068929,0.7312067,0.0,0.0,0.0,0.89067817,0.0,3.2497728,0.0,2.1021698,1.0281816,0.0,0.0,0.0
0.0,0.77418137,0.0,0.0,0.57616985,0.0,0.32901978,0.32901978,0.0,0.0,0.0,0.0,0.32901978,0.57616985,0.57616985,0.32901978,0.0,3.3139374,0.0,0.57616985,0.0,0.0,0.0,0.57616985,0.0,0.0,0.32901978,0.32901978,0.0,0.9393904,0.9393904,0.32901978,0.77418137,0.0,0.57616985,0.57616985,0.0,0.0,2.4440277,0.77418137,0.32901978,0.0,0.0,0.0,0.0,0.57616985,2.031208,0.32901978,0.32901978,0.0,0.32901978,0.0,0.32901978,0.0,0.0,0.57616985,0.0,0.32901978,0.0,0.0,2.5406692,0.57616985,0.0,2.4096208,0.0,0.32901978,0.32901978,0.9393904,0.32901978,0.32901978,0.57616985,0.32901978,0.77418137,0.32901978,0.0,0.57616985,0.32901978,0.32901978,0.0,0.0,0.0,0.9393904,0.57616985,0.0,1.9233841,0.32901978,0.0,0.9393904,0.77418137,0.0,0.77418137,1.3156673,0.32901978,3.328009,0.77418137,1.5055093,0.0,0.32901978,0.0,0.57616985
0.32753012,1.0776216,0.32753012,0.5738419,0.32753012,0.0,0.32753012,0.5738419,0.32753012,0.0,0.0,0.771316,0.32753012,0.32753012,0.32753012,0.0,0.771316,3.748714,0.0,0.5738419,0.32753012,0.0,0.0,0.5738419,0.0,0.0,0.5738419,0.0,0.5738419,1.5013696,1.201536,0.0,0.5738419,0.32753012,0.5738419,0.32753012,0.5738419,0.0,2.565998,0.5738419,0.0,0.93615115,0.0,0.0,0.0,0.0,1.7980692,0.0,0.771316,0.0,0.32753012,0.0,0.0,0.0,0.0,0.0,0.0,0.0,0.0,0.93615115,2.8034496,0.93615115,0.0,2.169138,0.0,0.32753012,0.5738419,0.771316,0.32753012,0.0,0.0,0.5738419,0.0,0.0,0.0,0.771316,0.771316,0.0,0.0,0.0,0.0,0.32753012,0.32753012,0.0,2.369161,0.93615115,0.32753012,1.0776216,0.0,0.0,0.5738419,1.201536,0.0,3.3903968,0.5738419,2.0265846,1.201536,0.32753012,0.5738419,0.32753012
0.0,1.5342727,0.0,0.5467275,1.3636297,0.0,0.5467275,0.0,0.0,0.0,0.0,0.0,0.0,0.0,0.31027132,0.31027132,0.7378267,3.2895002,0.0,0.0,0.31027132,0.31027132,0.0,0.8982003,0.0,0.0,0.31027132,0.0,0.0,1.2659798,0.8982003,0.0,0.31027132,0.0,0.0,0.31027132,0.0,0.0,2.2753253,0.0,0.31027132,0.0,0.0,0.0,0.0,0.0,1.9199653,0.0,0.0,0.0,0.0,0.0,0.31027132,0.31027132,0.0,0.0,0.0,0.31027132,0.0,0.5467275,2.812001,1.4525867,0.0,1.7455997,0.31027132,0.0,0.5467275,0.7378267,0.31027132,0.31027132,0.31027132,0.5467275,1.5342727,0.7378267,0.31027132,0.5467275,0.31027132,0.31027132,0.31027132,0.0,0.31027132,0.0,0.31027132,0.5467275,2.1976125,0.0,0.5467275,1.0363736,0.7378267,0.0,0.31027132,1.0363736,0.5467275,3.3162582,0.31027132,1.6097871,0.8982003,0.0,0.31027132,0.0
0.0,1.338435,0.0,0.0,0.0,0.0,0.87818825,0.38447654,0.38447654,0.0,0.0,0.0,0.0,0.0,0.0,0.0,0.0,4.0955853,0.0,0.87818825,0.0,0.38447654,0.0,1.0561852,0.0,0.38447654,0.38447654,0.38447654,0.0,1.8910229,1.338435,0.0,1.4544008,0.0,0.38447654,0.87818825,0.0,0.0,1.558305,0.38447654,0.0,0.87818825,0.38447654,0.0,0.38447654,0.38447654,1.8910229,0.0,0.87818825,0.0,0.6614968,0.38447654,0.0,0.0,0.38447654,0.38447654,0.38447654,0.0,0.0,1.0561852,2.7123978,0.0,0.0,2.3837733,0.0,0.38447654,0.6614968,0.0,0.0,0.6614968,0.0,0.38447654,0.38447654,0.0,0.0,0.0,1.0561852,0.38447654,0.0,1.0561852,0.0,0.38447654,0.38447654,0.0,2.2933486,0.0,0.38447654,1.4544008,0.38447654,0.0,0.6614968,0.87818825,0.38447654,3.561776,0.38447654,2.579457,2.3837733,0.0,0.38447654,0.6614968
0.6471254,0.86080486,0.86080486,0.0,0.0,0.37502044,0.37502044,0.37502044,0.0,0.0,0.0,0.37502044,0.0,0.37502044,0.37502044,1.0367669,0.37502044,4.141274,0.0,0.37502044,0.0,0.37502044,0.6471254,1.1863501,0.37502044,0.37502044,0.0,0.0,0.86080486,1.1863501,0.86080486,0.6471254,0.6471254,0.0,0.37502044,1.0367669,0.0,0.0,2.1673791,0.37502044,0.0,0.86080486,0.0,0.0,0.6471254,0.0,1.713836,0.0,0.0,0.0,0.86080486,0.37502044,0.0,0.6471254,0.0,0.37502044,0.0,0.37502044,0.0,0.0,2.9063983,0.0,0.0,1.713836,0.0,0.6471254,0.6471254,0.0,0.6471254,0.0,0.0,0.0,0.0,0.37502044,0.37502044,0.37502044,0.37502044,0.0,0.0,0.0,0.6471254,0.37502044,0.0,0.0,2.2181573,0.86080486,0.86080486,0.37502044,0.6471254,0.0,0.37502044,1.1863501,0.0,3.1866038,0.37502044,1.3164423,0.37502044,0.0,0.86080486,0.0
0.56059253,1.9478626,0.0,0.91765785,0.0,0.0,0.0,0.91765785,0.56059253,0.0,0.0,0.56059253,0.0,0.0,0.0,0.91765785,0.0,5.741259,0.56059253,0.0,0.0,0.0,0.56059253,0.56059253,0.0,0.0,0.0,0.0,0.56059253,1.706612,2.049677,0.91765785,0.0,0.0,0.0,1.1802324,0.0,0.0,2.5076177,1.1802324,0.0,0.0,0.56059253,0.0,0.0,0.0,1.706612,0.0,0.0,0.0,0.56059253,0.0,0.0,0.0,0.56059253,1.1802324,0.56059253,0.56059253,0.0,0.56059253,2.567052,1.388003,0.56059253,2.726708,0.0,0.56059253,0.91765785,0.0,0.56059253,0.56059253,0.0,0.56059253,0.91765785,0.56059253,0.0,0.0,0.56059253,0.91765785,0.0,0.0,0.0,0.56059253,1.706612,0.0,2.049677,0.0,0.56059253,0.56059253,0.0,0.0,1.5599432,0.91765785,0.0,4.418074,0.56059253,2.049677,1.5599432,0.0,1.1802324,0.91765785
0.6164657,1.2689481,1.8106169,0.0,0.0,0.0,0.6164657,0.6164657,0.6164657,0.0,0.0,0.0,0.6164657,0.0,0.0,1.6604823,0.0,4.0173135,0.0,0.6164657,0.6164657,0.0,0.6164657,1.6604823,0.0,0.9950055,0.9950055,0.6164657,0.0,3.2135153,1.2689481,0.6164657,1.2689481,0.0,1.6604823,0.9950055,0.0,0.0,1.9411254,0.6164657,0.0,0.0,1.2689481,0.0,1.2689481,0.6164657,0.9950055,0.6164657,0.6164657,0.6164657,0.0,0.9950055,0.0,0.0,1.9411254,0.9950055,0.6164657,0.0,0.0,0.6164657,2.3395019,0.0,0.6164657,2.3395019,0.0,0.9950055,0.0,0.0,0.0,0.9950055,0.9950055,0.0,0.0,0.6164657,0.0,0.9950055,0.6164657,0.0,0.0,0.0,1.2689481,0.6164657,1.4837564,0.0,0.0,0.0,0.0,1.8106169,0.9950055,0.0,1.4837564,1.4837564,1.2689481,3.794834,1.2689481,2.4916177,1.4837564,0.6164657,1.2689481,0.0
1.0191548,1.2964456,0.6341537,0.0,0.0,0.0,0.0,1.0191548,1.2964456,0.0,0.0,1.0191548,0.6341537,0.0,0.0,1.2964456,0.6341537,5.0089774,0.0,1.0191548,1.0191548,0.0,0.6341537,1.0191548,0.0,0.0,1.6914103,0.0,0.0,2.5949533,0.0,0.0,1.2964456,0.0,2.4531674,1.5133021,1.0191548,0.6341537,1.2964456,0.0,0.0,0.6341537,0.0,1.0191548,1.0191548,0.0,0.6341537,0.6341537,0.6341537,1.0191548,0.0,0.6341537,0.0,0.0,1.0191548,1.2964456,1.0191548,0.0,0.6341537,0.6341537,1.8425405,0.6341537,0.0,1.9738007,0.0,0.0,0.0,0.0,1.0191548,0.0,0.0,0.0,0.6341537,0.0,0.0,1.0191548,0.0,0.0,0.0,0.0,0.6341537,0.0,1.0191548,0.0,1.2964456,0.0,0.0,0.6341537,0.6341537,0.0,1.5133021,0.6341537,0.0,4.184126,0.0,4.484777,1.5133021,0.0,1.2964456,0.0
0.0,1.8452494,0.5660991,0.0,0.0,0.0,0.0,1.3976128,0.0,0.0,0.0,0.0,0.9253557,0.0,0.0,1.3976128,0.0,4.41241,0.0,0.0,0.0,0.0,0.0,1.3976128,0.0,0.0,0.9253557,0.9253557,0.5660991,2.388577,0.9253557,0.0,1.3976128,0.0,1.3976128,1.5700551,0.0,0.0,1.1891073,0.0,0.5660991,0.0,0.5660991,1.1891073,0.0,0.0,1.1891073,0.0,0.9253557,0.0,1.1891073,1.3976128,0.0,0.5660991,0.9253557,1.3976128,0.5660991,0.0,0.5660991,1.1891073,2.5193677,0.0,0.0,2.1533687,0.0,0.5660991,0.9253557,0.0,0.5660991,0.5660991,0.9253557,0.0,0.0,0.5660991,0.0,0.9253557,0.5660991,0.5660991,0.0,0.0,0.5660991,0.0,0.9253557,0.0,2.0608249,0.0,0.0,1.3976128,0.0,0.5660991,1.717089,0.5660991,0.5660991,3.980343,0.0,3.171427,1.3976128,0.9253557,0.5660991,0.5660991
0.0,2.244925,0.7202581,0.0,0.0,0.0,0.0,1.6524695,0.0,0.0,0.0,0.7202581,0.0,0.0,0.7202581,1.1345993,0.0,3.635577,1.1345993,0.0,0.7202581,0.7202581,0.7202581,0.7202581,0.0,0.0,1.1345993,0.7202581,0.0,3.2293868,0.7202581,0.0,0.7202581,0.0,1.4266901,1.8365445,1.1345993,0.7202581,1.4266901,0.0,0.7202581,0.0,0.0,0.7202581,0.7202581,0.0,0.0,0.0,0.7202581,1.1345993,0.0,1.6524695,0.0,0.0,1.6524695,1.1345993,0.7202581,0.0,0.0,1.1345993,2.4466538,0.0,0.0,2.534062,0.7202581,0.7202581,0.0,0.7202581,0.0,0.0,0.7202581,0.0,0.0,1.1345993,0.0,0.0,0.0,0.7202581,0.0,0.0,0.7202581,0.0,1.1345993,0.0,1.8365445,0.0,0.0,1.8365445,0.0,0.0,0.7202581,1.1345993,0.0,4.211575,0.7202581,4.1301603,0.7202581,0.7202581,1.1345993,0.0
0.4766145,1.7723897,1.2361834,0.0,0.7980588,0.0,1.2361834,0.4766145,1.2361834,0.0,0.0,0.4766145,0.7980588,0.4766145,0.0,1.0409257,0.0,3.2114034,0.0,0.4766145,0.4766145,0.0,1.2361834,0.7980588,0.0,0.7980588,0.4766145,0.0,0.0,3.0223546,0.7980588,0.0,1.5398037,0.0,0.4766145,1.2361834,1.2361834,0.4766145,1.8711115,0.4766145,0.4766145,1.3994727,0.4766145,0.0,0.0,0.0,1.0409257,0.0,0.4766145,0.4766145,0.0,0.4766145,0.0,0.4766145,0.4766145,0.4766145,0.0,0.0,0.0,2.1195452,2.5338268,0.4766145,0.7980588,1.8711115,0.4766145,0.4766145,1.2361834,0.0,0.0,0.4766145,0.4766145,0.0,0.7980588,0.7980588,0.0,0.7980588,0.7980588,0.0,0.0,0.0,0.7980588,0.4766145,1.0409257,0.0,1.5398037,0.0,0.0,1.5398037,1.3994727,0.4766145,1.2361834,0.4766145,0.4766145,3.4701397,1.2361834,2.710985,1.2361834,0.4766145,0.7980588,0.0
0.0,0.0,1.4382622,0.0,0.0,0.5896416,0.95807886,0.5896416,0.0,0.0,0.0,0.0,0.5896416,0.0,0.0,0.95807886,0.0,3.9121,0.0,0.95807886,0.0,0.0,1.4382622,0.5896416,0.0,0.5896416,0.5896416,0.0,0.95807886,2.9271066,0.95807886,0.0,0.5896416,0.0,1.2267199,1.6127743,0.0,0.0,1.4382622,0.0,0.0,0.5896416,0.5896416,0.5896416,0.0,0.0,1.4382622,0.0,0.5896416,0.5896416,0.5896416,1.2267199,0.0,0.0,0.95807886,0.5896416,0.95807886,0.0,0.0,2.1077955,2.788923,0.5896416,0.0,1.2267199,0.0,0.95807886,0.5896416,0.0,0.0,0.95807886,0.0,0.0,0.0,0.0,0.5896416,0.95807886,0.5896416,0.0,0.0,0.0,0.5896416,0.0,0.95807886,0.0,2.0050864,0.5896416,0.0,2.0050864,0.95807886,0.0,1.2267199,1.2267199,1.2267199,3.9280381,0.5896416,2.738266,0.5896416,0.0,1.4382622,0.0
0.0,1.7985175,0.89207834,0.0,0.89207834,0.0,0.89207834,0.5423812,0.0,0.0,0.0,0.0,0.0,0.5423812,0.89207834,0.5423812,0.0,5.7524543,0.0,0.5423812,0.0,0.0,0.89207834,1.3559362,0.0,0.89207834,2.1884167,0.0,0.0,2.1884167,0.5423812,0.0,0.89207834,0.0,0.5423812,0.5423812,0.0,0.0,2.3380752,1.3559362,0.0,0.0,0.89207834,0.0,0.5423812,0.0,2.1042535,0.0,0.89207834,0.5423812,0.89207834,0.5423812,0.0,0.0,0.0,0.5423812,0.5423812,0.89207834,0.0,0.5423812,2.944568,0.89207834,0.5423812,1.3559362,0.89207834,0.5423812,0.89207834,0.0,0.0,0.0,0.5423812,0.0,1.3559362,0.0,0.0,0.5423812,0.5423812,0.0,0.5423812,0.0,0.0,0.89207834,0.89207834,0.0,1.5261627,0.5423812,0.0,0.89207834,0.0,0.0,0.0,0.0,0.0,3.2658904,0.89207834,3.9397717,1.3559362,0.89207834,0.0,0.0
0.0,0.52520096,0.52520096,0.0,0.8677713,0.0,0.52520096,0.0,0.0,0.52520096,0.0,0.0,0.52520096,0.52520096,0.0,0.0,0.52520096,3.9401884,0.0,0.0,0.0,0.0,0.52520096,0.0,0.0,0.8677713,1.493801,0.0,0.8677713,2.067873,0.8677713,0.52520096,0.8677713,0.0,0.0,0.0,0.0,0.52520096,1.6379849,0.52520096,0.0,1.1224576,1.1224576,0.0,0.52520096,0.0,0.8677713,0.0,0.0,0.0,1.3252681,0.0,0.0,0.0,0.0,0.8677713,0.0,0.52520096,0.0,0.52520096,2.9052584,0.8677713,0.8677713,0.0,0.52520096,0.52520096,0.52520096,0.52520096,0.0,0.0,0.52520096,0.0,0.8677713,0.8677713,0.0,0.52520096,0.0,0.0,0.0,0.0,0.52520096,0.0,0.52520096,0.0,1.8758538,0.0,0.8677713,1.6379849,0.0,0.52520096,0.52520096,0.52520096,0.0,3.305066,0.8677713,2.6479585,1.493801,0.52520096,0.0,0.52520096
0.0,0.0,0.0,0.0,0.0,0.0,0.0,0.0,0.0,0.0,0.0,0.0,0.0,0.0,0.0,0.0,0.0,3.8310902,0.0,0.0,0.0,0.0,0.0,0.0,0.0,0.0,0.0,0.0,0.0,2.7749355,0.0,0.0,0.0,0.0,0.0,0.0,0.0,0.0,0.0,0.0,0.0,0.0,0.0,0.0,0.0,0.0,0.0,0.0,0.0,0.0,0.0,0.0,0.0,0.0,0.0,0.0,0.0,0.0,0.0,0.0,2.7749355,0.0,0.0,0.0,0.0,0.0,0.0,0.0,0.0,0.0,0.0,0.0,0.0,2.7749355,0.0,0.0,0.0,0.0,0.0,0.0,0.0,0.0,0.0,0.0,0.0,0.0,0.0,2.7749355,0.0,0.0,0.0,0.0,0.0,3.4364097,0.0,2.7749355,0.0,0.0,0.0,0.0
0.0,0.0,0.0,0.0,0.0,0.0,0.0,0.0,0.0,0.0,2.5815396,0.0,0.0,0.0,0.0,0.0,0.0,3.628397,0.0,0.0,0.0,0.0,1.9613243,2.5815396,0.0,0.0,0.0,0.0,0.0,0.0,0.0,0.0,0.0,0.0,0.0,0.0,0.0,0.0,0.0,0.0,0.0,0.0,0.0,0.0,0.0,0.0,2.5815396,0.0,0.0,0.0,0.0,0.0,0.0,0.0,0.0,0.0,1.9613243,0.0,0.0,0.0,3.451373,0.0,0.0,0.0,0.0,0.0,0.0,1.9613243,0.0,0.0,0.0,0.0,0.0,1.9613243,0.0,0.0,0.0,0.0,0.0,0.0,0.0,0.0,0.0,2.5815396,0.0,0.0,0.0,0.0,0.0,0.0,0.0,0.0,0.0,3.7787464,0.0,2.5815396,0.0,0.0,0.0,0.0
0.0,0.0,0.0,0.0,1.6802341,0.0,0.0,0.0,0.0,0.0,0.0,0.0,0.0,0.0,1.6802341,0.0,0.0,3.452134,0.0,0.0,0.0,0.0,1.6802341,0.0,0.0,0.0,0.0,0.0,0.0,1.6802341,0.0,0.0,0.0,0.0,0.0,0.0,0.0,0.0,2.6462057,0.0,0.0,0.0,0.0,0.0,0.0,0.0,0.0,0.0,1.6802341,0.0,0.0,0.0,0.0,0.0,0.0,1.6802341,0.0,0.0,0.0,0.0,1.6802341,0.0,0.0,0.0,0.0,0.0,0.0,0.0,0.0,0.0,0.0,0.0,0.0,0.0,0.0,0.0,1.6802341,0.0,0.0,0.0,0.0,0.0,0.0,0.0,2.2755864,0.0,0.0,0.0,0.0,0.0,0.0,1.6802341,0.0,3.1282532,0.0,1.6802341,2.2755864,0.0,0.0,0.0
2.0248034,0.0,0.0,0.0,0.0,0.0,0.0,0.0,0.0,0.0,0.0,0.0,0.0,0.0,0.0,0.0,0.0,3.9814928,0.0,0.0,0.0,0.0,0.0,0.0,0.0,0.0,0.0,0.0,0.0,2.0248034,0.0,0.0,0.0,0.0,0.0,0.0,0.0,2.0248034,2.6496613,0.0,0.0,0.0,0.0,0.0,0.0,0.0,2.0248034,0.0,0.0,0.0,2.0248034,0.0,0.0,0.0,0.0,0.0,0.0,0.0,0.0,0.0,3.3068314,0.0,0.0,2.0248034,0.0,2.0248034,0.0,0.0,0.0,0.0,0.0,0.0,0.0,0.0,0.0,0.0,0.0,0.0,0.0,0.0,0.0,0.0,0.0,0.0,2.0248034,0.0,0.0,0.0,0.0,0.0,0.0,2.6496613,0.0,0.0,0.0,0.0,0.0,0.0,0.0,0.0
0.0,0.0,0.0,0.0,0.0,0.0,0.0,0.0,0.0,0.0,0.0,0.0,0.0,0.0,0.0,0.0,0.0,3.304534,0.0,0.86745083,0.0,0.0,0.0,0.0,0.0,0.0,0.0,0.0,0.0,0.0,0.86745083,0.0,0.0,0.0,0.86745083,0.0,0.0,0.0,2.0673904,0.86745083,0.0,0.0,0.0,0.0,0.0,0.0,2.2284007,0.0,0.0,0.0,0.0,0.0,0.0,0.0,0.0,0.0,0.0,0.0,0.0,0.0,2.4887884,0.0,0.0,1.3248625,0.0,0.86745083,0.86745083,0.0,0.0,0.0,0.0,0.0,0.0,0.0,0.0,0.0,0.0,0.0,0.86745083,0.0,0.86745083,0.0,0.0,0.0,0.86745083,0.86745083,0.0,0.86745083,0.0,0.0,0.0,0.0,0.0,3.01218,0.0,0.86745083,0.0,0.0,0.0,0.86745083
0.0,0.0,0.0,0.0,0.0,0.0,0.0,0.0,0.0,0.0,0.0,0.0,0.0,0.0,0.0,0.0,0.0,3.8179407,0.0,0.0,0.0,2.762336,0.0,0.0,0.0,0.0,0.0,0.0,0.0,0.0,0.0,0.0,0.0,0.0,0.0,0.0,0.0,0.0,0.0,0.0,0.0,0.0,0.0,0.0,0.0,0.0,2.762336,0.0,0.0,0.0,0.0,0.0,0.0,0.0,0.0,0.0,0.0,0.0,0.0,0.0,0.0,0.0,0.0,0.0,0.0,0.0,0.0,0.0,0.0,0.0,0.0,0.0,0.0,0.0,0.0,0.0,0.0,0.0,0.0,0.0,0.0,0.0,0.0,0.0,0.0,0.0,0.0,0.0,0.0,2.762336,0.0,2.762336,0.0,3.423402,0.0,4.1001143,2.762336,0.0,0.0,0.0
0.0,0.0,2.7229226,0.0,0.0,0.0,0.0,0.0,0.0,0.0,0.0,0.0,0.0,0.0,0.0,0.0,0.0,4.964574,0.0,0.0,0.0,0.0,0.0,0.0,0.0,0.0,0.0,0.0,0.0,2.7229226,0.0,0.0,0.0,0.0,0.0,0.0,0.0,0.0,2.7229226,0.0,0.0,0.0,0.0,0.0,0.0,0.0,2.7229226,0.0,0.0,0.0,0.0,0.0,0.0,0.0,0.0,0.0,0.0,0.0,0.0,0.0,0.0,0.0,0.0,2.7229226,0.0,0.0,0.0,0.0,0.0,0.0,0.0,0.0,0.0,0.0,0.0,0.0,0.0,0.0,0.0,0.0,0.0,0.0,0.0,0.0,0.0,0.0,0.0,0.0,0.0,2.7229226,0.0,0.0,0.0,4.2783833,0.0,2.7229226,0.0,0.0,0.0,0.0
0.0,0.0,0.0,0.0,0.0,0.0,0.0,0.0,0.0,0.0,0.0,0.0,0.0,0.0,0.0,0.0,0.0,4.8258443,0.0,0.0,0.0,0.0,0.0,0.0,0.0,0.0,0.0,0.0,0.0,2.352779,2.352779,0.0,0.0,0.0,0.0,0.0,0.0,0.0,2.352779,0.0,0.0,0.0,0.0,0.0,0.0,0.0,2.997206,0.0,0.0,0.0,0.0,0.0,0.0,0.0,0.0,2.352779,0.0,0.0,0.0,0.0,2.352779,0.0,0.0,0.0,0.0,0.0,2.352779,2.352779,0.0,0.0,0.0,0.0,0.0,0.0,0.0,0.0,0.0,0.0,0.0,0.0,0.0,0.0,0.0,0.0,0.0,0.0,0.0,0.0,0.0,0.0,0.0,0.0,0.0,3.3858888,0.0,3.3858888,0.0,0.0,0.0,0.0
0.0,0.0,0.0,0.0,0.0,0.0,0.0,0.0,0.0,0.0,0.0,0.0,0.0,0.0,0.0,0.0,0.0,5.121978,0.0,0.0,0.0,0.0,2.5575964,0.0,0.0,0.0,0.0,0.0,0.0,0.0,0.0,0.0,0.0,0.0,0.0,0.0,0.0,0.0,0.0,0.0,0.0,0.0,0.0,0.0,0.0,0.0,0.0,0.0,0.0,0.0,0.0,0.0,0.0,0.0,0.0,0.0,0.0,0.0,0.0,0.0,3.2112277,0.0,0.0,3.2112277,0.0,0.0,2.5575964,0.0,2.5575964,2.5575964,0.0,0.0,0.0,0.0,0.0,0.0,0.0,0.0,0.0,0.0,0.0,0.0,0.0,0.0,0.0,0.0,0.0,0.0,0.0,0.0,0.0,0.0,0.0,3.8840153,0.0,3.8840153,0.0,0.0,0.0,0.0
0.0,0.0,0.0,0.0,0.0,0.0,0.0,0.0,0.0,0.0,0.0,0.0,0.0,0.0,0.0,0.0,0.0,5.5707383,0.0,0.0,1.9189725,0.0,2.5359092,0.0,0.0,1.9189725,0.0,0.0,0.0,3.1886563,0.0,0.0,2.914623,0.0,0.0,0.0,0.0,0.0,1.9189725,0.0,0.0,1.9189725,0.0,0.0,0.0,0.0,2.5359092,0.0,0.0,0.0,1.9189725,1.9189725,0.0,0.0,0.0,0.0,1.9189725,0.0,0.0,0.0,2.5359092,0.0,0.0,1.9189725,0.0,0.0,2.5359092,0.0,0.0,0.0,0.0,0.0,0.0,0.0,0.0,0.0,0.0,0.0,0.0,1.9189725,0.0,0.0,0.0,0.0,0.0,0.0,0.0,0.0,0.0,1.9189725,0.0,1.9189725,0.0,3.5802836,0.0,5.0985894,0.0,0.0,0.0,0.0
0.0,1.0351545,1.0351545,0.0,0.0,0.0,1.5327905,1.5327905,0.0,0.0,0.0,0.0,0.0,0.0,1.8635565,0.0,0.0,6.2647142,0.0,1.0351545,0.0,0.0,2.1116865,0.0,0.0,0.0,0.0,0.0,0.0,2.1116865,0.0,0.0,1.0351545,0.0,1.5327905,1.5327905,0.0,0.0,1.5327905,0.0,0.0,0.0,1.0351545,0.0,0.0,0.0,0.0,0.0,0.0,1.0351545,0.0,0.0,0.0,0.0,0.0,2.1116865,0.0,0.0,0.0,1.5327905,2.3103256,0.0,0.0,2.7424083,0.0,0.0,2.9525852,0.0,0.0,0.0,1.0351545,0.0,0.0,0.0,0.0,0.0,0.0,0.0,0.0,0.0,0.0,1.0351545,2.1116865,0.0,1.8635565,0.0,0.0,0.0,0.0,2.618037,0.0,1.5327905,1.0351545,3.402818,0.0,3.837052,0.0,1.0351545,1.0351545,0.0
0.0,0.0,0.0,0.0,0.0,0.0,0.0,0.0,1.1876794,0.0,0.0,0.0,0.0,0.0,0.0,0.0,0.0,6.326987,0.0,0.0,0.0,1.1876794,0.0,0.0,0.0,0.0,1.1876794,0.0,0.0,2.6862662,0.0,0.0,1.1876794,0.0,1.1876794,0.0,1.1876794,0.0,0.0,1.7154046,0.0,0.0,2.059033,0.0,0.0,1.1876794,0.0,0.0,0.0,0.0,1.7154046,0.0,0.0,0.0,0.0,1.1876794,0.0,0.0,0.0,0.0,3.1694596,1.1876794,0.0,2.9567678,0.0,1.1876794,2.9567678,2.059033,1.1876794,0.0,0.0,0.0,0.0,1.1876794,0.0,0.0,0.0,0.0,0.0,0.0,2.059033,0.0,1.1876794,0.0,1.1876794,0.0,0.0,0.0,0.0,2.314301,0.0,1.7154046,0.0,3.6235778,0.0,4.6403036,0.0,0.0,1.1876794,0.0
0.0,1.2333746,0.0,0.0,0.0,0.0,1.2333746,1.7691028,0.0,0.0,0.0,0.79588294,0.0,0.79588294,0.79588294,0.0,0.0,7.2749276,0.0,0.0,0.0,0.0,0.79588294,1.2333746,0.0,0.79588294,0.0,0.79588294,0.79588294,1.9575542,0.79588294,0.0,0.79588294,0.0,2.2528462,0.0,0.79588294,0.0,0.0,0.0,0.0,1.2333746,2.5774837,0.0,0.0,0.79588294,0.0,0.0,0.0,0.0,0.0,0.0,0.0,0.0,0.0,1.2333746,0.79588294,0.0,0.0,0.0,2.8920126,0.0,0.0,1.9575542,0.79588294,0.0,1.2333746,0.0,0.0,0.0,0.0,0.0,0.0,0.0,0.0,1.2333746,0.0,0.0,0.0,0.0,0.0,0.0,1.2333746,0.0,1.7691028,0.0,1.2333746,0.79588294,0.0,1.7691028,0.79588294,1.7691028,0.79588294,4.6125884,0.0,4.5503187,1.2333746,0.0,0.0,0.0
0.0,3.2078066,0.0,0.0,0.0,0.0,0.0,0.0,0.0,0.0,2.554308,0.0,0.0,0.0,2.554308,0.0,0.0,5.473312,0.0,0.0,0.0,0.0,0.0,0.0,0.0,2.554308,0.0,0.0,0.0,0.0,0.0,0.0,0.0,0.0,2.554308,0.0,0.0,0.0,0.0,0.0,0.0,0.0,2.554308,0.0,0.0,0.0,0.0,0.0,2.554308,0.0,0.0,0.0,0.0,0.0,0.0,0.0,0.0,0.0,0.0,0.0,0.0,0.0,0.0,0.0,0.0,0.0,3.2078066,0.0,0.0,0.0,0.0,0.0,0.0,2.554308,0.0,0.0,0.0,0.0,0.0,2.554308,0.0,0.0,0.0,0.0,0.0,0.0,0.0,0.0,0.0,0.0,0.0,0.0,0.0,4.4312544,0.0,4.279085,0.0,0.0,0.0,0.0
0.0,1.5969688,1.8326969,0.0,0.0,0.0,1.8326969,0.0,0.8384072,0.0,0.0,0.0,0.0,0.0,1.2879539,0.8384072,0.0,4.651116,0.8384072,0.0,0.0,0.8384072,0.8384072,1.8326969,0.0,0.0,0.8384072,0.0,0.0,2.964114,1.2879539,0.0,1.5969688,0.8384072,2.3212855,0.0,0.0,0.0,0.8384072,0.0,0.0,0.8384072,2.1833603,0.0,0.0,0.0,0.0,0.0,0.0,0.8384072,1.2879539,0.0,0.0,0.8384072,0.0,1.5969688,0.0,0.0,0.0,1.2879539,3.4813733,0.8384072,0.0,1.5969688,0.0,0.8384072,3.4813733,0.8384072,1.5969688,0.0,0.0,0.0,0.0,0.8384072,0.0,0.0,0.0,0.0,0.0,0.0,1.2879539,0.0,1.2879539,0.0,1.8326969,0.8384072,0.0,1.2879539,0.0,1.8326969,0.8384072,1.5969688,0.8384072,3.9295065,0.0,2.6480742,1.8326969,0.0,0.8384072,0.0
0.0,0.0,0.0,0.0,0.0,0.0,0.0,0.0,0.0,0.0,0.0,0.0,0.0,0.0,0.0,0.0,0.0,5.860487,0.0,0.0,0.0,0.0,0.0,0.0,2.079179,2.079179,0.0,0.0,0.0,2.079179,0.0,0.0,0.0,0.0,2.079179,0.0,2.079179,0.0,3.911729,0.0,0.0,0.0,2.7077703,0.0,0.0,0.0,0.0,0.0,0.0,0.0,0.0,0.0,0.0,0.0,0.0,0.0,0.0,0.0,0.0,0.0,3.7609072,0.0,0.0,2.079179,0.0,0.0,0.0,0.0,2.079179,0.0,0.0,0.0,2.079179,0.0,0.0,0.0,2.079179,0.0,0.0,0.0,0.0,0.0,0.0,0.0,0.0,0.0,0.0,0.0,0.0,0.0,0.0,0.0,0.0,3.3670063,0.0,3.5832274,0.0,2.079179,0.0,0.0
0.0,1.3521532,0.0,0.0,0.0,0.0,0.0,0.0,1.3521532,0.0,0.0,0.0,0.88907164,0.0,0.0,0.0,0.0,5.413999,0.0,0.0,0.0,0.0,1.3521532,0.88907164,0.0,0.0,1.6674446,0.0,0.0,1.6674446,0.0,0.0,0.0,0.0,2.0997772,0.0,0.0,0.0,2.2614734,0.0,0.0,0.0,0.88907164,0.88907164,0.0,0.0,0.88907164,0.0,0.0,0.0,0.0,0.0,0.0,0.0,0.0,0.88907164,0.0,0.88907164,0.0,0.0,3.481952,0.0,0.0,2.2614734,0.0,0.0,0.88907164,0.0,1.3521532,0.0,0.88907164,0.88907164,0.0,0.88907164,0.0,0.0,1.3521532,0.0,0.0,0.0,0.88907164,0.0,1.3521532,0.0,1.3521532,0.88907164,0.0,0.88907164,0.0,0.88907164,0.88907164,1.3521532,0.0,4.3974166,0.0,4.015465,3.8469903,0.0,0.0,0.0
0.0,0.0,0.0,0.0,0.0,0.0,1.3631966,1.3631966,0.0,1.3631966,0.0,0.0,0.0,0.0,1.3631966,1.3631966,0.0,4.8596683,0.0,0.0,0.0,0.0,0.0,0.0,0.0,0.0,0.0,0.0,0.0,0.0,0.0,0.0,1.3631966,0.0,0.0,0.0,0.0,1.3631966,2.5364447,0.0,0.0,0.0,0.0,0.0,0.0,0.0,1.3631966,0.0,0.0,1.3631966,0.0,0.0,0.0,0.0,0.0,1.3631966,0.0,0.0,1.3631966,0.0,2.915173,0.0,0.0,2.5364447,0.0,0.0,0.0,1.3631966,0.0,0.0,0.0,0.0,0.0,0.0,0.0,0.0,0.0,0.0,0.0,0.0,0.0,0.0,0.0,0.0,0.0,0.0,0.0,0.0,0.0,1.3631966,0.0,0.0,0.0,4.2599726,0.0,2.2748032,2.2748032,0.0,0.0,0.0
0.0,0.9000154,0.39645594,0.0,0.0,0.39645594,0.39645594,0.0,0.39645594,0.0,0.39645594,0.0,0.0,0.39645594,0.0,0.0,0.0,4.6504736,0.0,1.3659085,0.0,0.0,0.0,0.0,0.0,0.39645594,0.0,0.0,0.39645594,1.080512,1.587678,0.67960286,0.9000154,0.0,0.0,1.080512,0.0,0.0,2.055617,0.9000154,0.39645594,0.0,0.0,0.0,0.67960286,0.0,1.9225777,0.39645594,0.9000154,0.39645594,0.0,0.0,0.0,0.39645594,0.0,1.080512,0.0,1.2333573,0.39645594,0.9000154,2.8919895,0.0,0.39645594,2.2269235,0.0,0.0,0.39645594,0.0,0.0,0.0,0.0,0.0,0.39645594,1.080512,0.0,0.0,0.67960286,0.0,0.0,0.39645594,0.0,0.0,0.0,0.0,2.2780716,0.0,1.2333573,1.080512,0.67960286,0.39645594,0.39645594,1.3659085,0.0,3.611039,0.67960286,3.0185637,2.836505,0.0,0.0,0.39645594
0.0,0.0,0.60537916,0.9797888,0.0,0.0,0.60537916,0.0,0.0,0.0,0.0,0.0,0.0,0.0,0.0,0.0,0.0,3.7901092,0.0,0.60537916,0.0,0.0,0.0,0.9797888,0.0,0.0,0.0,0.0,0.0,0.0,0.60537916,0.0,0.0,0.0,0.60537916,0.0,0.9797888,0.0,2.4693959,0.60537916,0.0,0.0,0.0,0.0,0.0,0.0,2.138597,0.0,0.0,0.0,0.0,0.0,0.60537916,0.0,0.0,0.60537916,0.0,0.60537916,0.0,0.0,2.3963816,0.0,0.0,1.7903719,0.0,0.0,0.60537916,0.0,0.0,0.0,0.0,0.0,0.0,1.4650563,0.0,0.0,1.4650563,0.0,0.0,0.60537916,0.0,0.60537916,0.0,0.0,1.4650563,0.60537916,0.60537916,1.2515738,0.60537916,0.0,0.0,0.9797888,0.0,3.2564955,0.0,1.4650563,1.4650563,0.0,0.0,0.0
0.3451977,0.0,0.0,0.0,0.0,0.3451977,0.0,0.60132694,0.0,0.0,0.0,0.60132694,0.0,0.60132694,0.0,0.0,0.3451977,4.4725127,0.0,0.60132694,0.0,0.0,1.1188545,0.3451977,0.0,0.0,0.3451977,0.60132694,0.80504954,1.6336799,0.9742111,0.0,1.4581854,0.0,0.0,0.80504954,0.3451977,0.3451977,2.2677505,0.80504954,0.0,0.80504954,0.0,0.3451977,0.0,0.0,1.1188545,0.0,0.80504954,0.3451977,0.60132694,0.3451977,0.3451977,0.0,0.0,0.60132694,0.60132694,0.60132694,0.0,1.1188545,2.929997,0.0,0.0,1.9718615,0.0,0.0,0.3451977,0.60132694,0.0,0.0,0.60132694,0.3451977,0.0,0.9742111,0.3451977,0.80504954,0.60132694,0.0,0.3451977,0.0,0.60132694,0.3451977,0.80504954,0.0,2.3882542,0.3451977,0.60132694,0.80504954,1.1188545,0.3451977,0.3451977,0.9742111,0.3451977,3.4101937,0.60132694,1.7829255,0.9742111,0.0,0.60132694,0.60132694
0.0,0.7359616,0.43421078,0.0,0.0,0.0,0.7359616,0.0,0.0,0.0,0.0,0.43421078,0.0,0.0,0.0,0.0,0.9674524,4.3524427,0.0,0.7359616,0.0,0.0,0.7359616,0.43421078,0.0,0.0,0.0,0.0,0.0,0.7359616,1.5699087,0.0,0.0,0.0,0.43421078,0.0,0.7359616,0.43421078,2.5191977,0.7359616,0.0,0.0,0.0,0.0,0.7359616,0.0,1.6770879,0.0,0.0,0.0,0.0,0.0,0.0,0.0,0.0,0.0,0.7359616,0.0,0.0,0.43421078,3.1003637,0.43421078,0.43421078,1.4498477,0.0,0.43421078,0.7359616,1.3133799,0.0,0.0,0.0,0.43421078,0.9674524,1.1553004,0.0,0.43421078,1.3133799,0.0,0.43421078,0.0,0.0,0.0,0.0,0.0,1.7738837,0.0,0.0,0.7359616,0.0,0.43421078,0.43421078,0.7359616,0.0,3.215861,0.0,1.3133799,0.43421078,0.0,0.0,0.0
0.0,1.095767,0.33525383,0.0,0.33525383,0.0,0.33525383,0.33525383,0.0,0.0,0.0,0.33525383,0.0,0.0,0.0,0.33525383,0.33525383,3.887637,0.0,0.9528854,0.33525383,0.0,0.33525383,0.0,0.0,0.33525383,0.0,0.0,0.33525383,1.095767,1.2207626,0.0,0.0,0.0,0.0,0.33525383,0.0,0.0,2.4297178,0.7861301,0.0,0.58589077,0.0,0.0,0.0,0.0,1.6829205,0.33525383,0.58589077,0.33525383,0.33525383,0.0,0.0,0.33525383,0.0,0.33525383,0.33525383,0.0,0.0,0.33525383,3.0016236,0.9528854,0.0,2.1003852,0.0,0.33525383,0.33525383,0.7861301,0.0,0.0,0.0,0.7861301,0.58589077,0.7861301,0.0,0.58589077,1.095767,0.33525383,0.0,0.33525383,0.0,0.33525383,1.095767,0.0,1.6060227,0.33525383,0.0,1.2207626,0.0,0.0,0.58589077,1.3318559,0.0,3.3492856,0.0,1.3318559,0.9528854,0.0,0.0,0.7861301
0.56033456,0.56033456,0.0,0.0,0.0,0.0,0.56033456,0.9172969,0.0,0.56033456,0.0,0.9172969,0.0,0.0,0.0,0.56033456,0.0,3.6905138,0.56033456,0.56033456,0.56033456,0.0,0.56033456,1.1798159,0.0,0.0,0.0,0.0,0.0,1.3875519,1.3875519,0.56033456,1.1798159,0.0,0.56033456,0.0,0.56033456,0.0,2.5070655,0.56033456,0.0,0.56033456,0.0,0.56033456,0.56033456,0.56033456,0.9172969,0.0,0.0,0.56033456,0.9172969,0.0,0.0,0.0,0.0,0.0,0.0,0.0,0.0,0.0,2.726146,0.56033456,0.0,2.6225934,0.56033456,0.0,0.0,0.0,0.9172969,0.56033456,0.0,0.56033456,0.0,0.56033456,0.0,0.0,0.0,0.9172969,1.1798159,0.56033456,0.0,0.56033456,0.0,0.0,2.3764262,0.0,1.1798159,0.9172969,0.0,0.0,0.0,1.5594684,0.0,3.5498078,0.9172969,1.1798159,0.56033456,0.0,0.0,1.1798159
0.3403336,0.7958162,0.0,0.0,0.0,0.0,0.3403336,0.3403336,0.3403336,0.0,0.0,0.3403336,0.59378684,0.0,0.0,0.0,0.3403336,3.4850016,0.0,0.59378684,0.3403336,0.0,0.0,0.3403336,0.0,0.3403336,0.0,0.3403336,0.3403336,1.2332883,1.6202123,0.3403336,0.3403336,0.0,0.0,0.0,0.0,0.3403336,2.3730428,0.59378684,0.0,0.0,0.3403336,0.0,0.59378684,0.0,1.2332883,0.3403336,0.3403336,0.0,0.3403336,0.3403336,0.0,0.0,0.0,0.3403336,0.0,0.9638098,0.0,0.3403336,2.7976363,0.3403336,0.0,2.2527375,0.3403336,0.3403336,0.7958162,0.3403336,0.3403336,0.0,0.59378684,0.59378684,0.0,1.107599,0.0,0.9638098,0.3403336,0.7958162,0.0,0.0,0.3403336,0.7958162,1.107599,0.0,2.2527375,0.0,0.3403336,0.7958162,0.0,0.0,0.3403336,0.9638098,0.3403336,3.5335155,0.3403336,2.6657507,0.9638098,0.0,0.3403336,0.0
1.2173197,0.78347254,0.78347254,0.0,0.78347254,0.0,0.0,0.0,0.0,0.0,0.78347254,0.0,0.78347254,0.0,1.2173197,0.0,0.78347254,4.140451,0.0,0.0,0.0,0.78347254,0.0,1.9380656,0.0,0.0,0.0,0.0,0.0,0.0,1.9380656,0.0,1.7502849,0.0,0.78347254,0.0,0.0,0.0,2.4597208,0.78347254,0.0,0.78347254,0.0,1.2173197,0.0,0.0,0.78347254,0.0,0.0,0.0,0.0,0.0,0.0,0.0,0.0,0.78347254,1.2173197,0.0,0.0,1.5188963,2.4597208,0.0,0.78347254,2.7258067,0.0,0.0,0.0,0.0,0.78347254,0.0,0.0,0.0,0.78347254,1.2173197,0.0,0.78347254,0.78347254,0.0,0.0,0.0,0.0,0.0,1.2173197,0.0,1.2173197,0.0,0.0,1.9380656,0.0,0.0,0.0,2.0960975,0.78347254,3.779775,0.0,4.7253656,0.0,0.78347254,1.5188963,0.0
0.0,1.1164936,0.0,0.0,0.0,0.0,0.70658803,0.0,0.0,0.0,0.0,0.4144457,0.4144457,0.0,0.4144457,0.4144457,0.0,4.16942,0.0,0.4144457,0.4144457,0.0,0.0,0.4144457,0.0,0.0,0.0,0.0,0.4144457,1.1164936,1.6308573,0.70658803,0.4144457,0.4144457,0.4144457,0.0,0.4144457,0.0,2.1636648,0.4144457,0.70658803,0.4144457,0.4144457,0.4144457,0.0,0.0,1.6308573,0.70658803,0.0,0.70658803,0.0,0.0,0.4144457,0.0,0.0,0.4144457,0.4144457,0.0,0.0,0.4144457,3.0458422,0.0,0.0,2.5094118,0.0,0.0,0.0,0.4144457,0.0,0.70658803,0.4144457,0.4144457,0.0,0.70658803,0.4144457,0.70658803,1.2719092,0.0,0.0,0.4144457,0.0,0.0,0.70658803,0.0,1.9688421,0.0,0.70658803,0.4144457,0.4144457,0.0,0.70658803,1.4063885,0.0,3.810294,0.9323982,2.4222002,1.1164936,0.0,0.9323982,0.0
0.5216414,1.116574,0.0,0.5216414,0.0,0.0,1.116574,1.3188618,0.0,0.0,0.0,0.5216414,0.0,0.0,0.0,0.5216414,0.5216414,3.689706,0.0,0.8627134,0.5216414,0.0,1.116574,0.8627134,0.0,0.0,0.5216414,0.0,0.0,1.3188618,1.8684622,0.0,1.3188618,0.0,0.8627134,0.5216414,0.8627134,0.0,2.060247,0.0,0.0,0.0,0.0,0.5216414,0.0,0.0,1.8684622,0.5216414,0.5216414,0.0,0.0,0.8627134,0.0,0.5216414,0.0,0.5216414,1.116574,0.0,0.0,0.5216414,2.1439056,0.5216414,0.0,2.4223096,0.5216414,0.8627134,0.0,0.5216414,0.8627134,0.0,0.5216414,0.0,0.0,0.0,0.0,0.0,0.8627134,0.0,0.0,0.0,0.0,0.0,1.3188618,0.0,1.9689453,0.0,0.0,0.5216414,0.0,0.0,0.5216414,1.7567427,0.8627134,3.6548958,0.5216414,2.5897346,0.8627134,0.0,0.5216414,0.5216414
0.6690032,0.6690032,0.0,0.0,0.0,0.0,0.38943404,0.0,0.0,0.0,0.0,0.0,0.38943404,0.0,0.0,0.0,0.6690032,4.095044,0.0,0.38943404,0.38943404,0.0,0.0,1.2180904,0.0,0.0,0.38943404,0.0,0.38943404,2.0970576,1.4662638,0.38943404,1.4662638,0.0,0.0,1.066289,0.0,0.0,2.0367992,0.38943404,0.0,0.38943404,0.0,0.0,0.0,0.0,1.5705227,0.0,0.38943404,0.6690032,0.38943404,0.38943404,0.0,0.0,0.0,0.6690032,0.38943404,0.0,0.0,1.3498563,2.1538904,0.0,0.38943404,2.593744,0.0,0.0,0.0,0.38943404,0.6690032,0.38943404,0.0,0.0,0.0,1.3498563,0.38943404,0.8872472,1.066289,0.0,0.38943404,0.0,0.8872472,1.066289,0.6690032,0.0,1.7511895,0.0,0.38943404,1.2180904,0.8872472,0.38943404,1.066289,1.6649306,0.0,3.7699275,0.8872472,2.9240952,2.7268298,0.0,0.38943404,0.6690032
0.0,0.69439954,0.69439954,0.0,0.0,0.0,0.0,0.4063002,0.0,0.0,0.0,0.69439954,0.0,0.0,0.0,0.4063002,0.0,3.9044254,0.0,0.0,0.0,0.0,0.4063002,0.4063002,0.0,0.0,0.0,0.0,0.69439954,1.6114409,2.142275,0.0,0.4063002,0.0,0.0,0.69439954,1.2545515,0.69439954,1.7938459,0.4063002,0.0,0.0,0.0,0.0,0.4063002,0.4063002,1.8739206,0.0,0.69439954,0.4063002,0.69439954,0.0,0.0,0.4063002,0.4063002,0.4063002,0.0,0.4063002,0.4063002,1.1002817,2.2535317,0.0,0.0,1.8739206,0.0,1.1002817,0.4063002,0.0,0.4063002,0.0,0.9177934,0.0,0.0,0.9177934,0.0,1.1002817,0.4063002,0.4063002,0.4063002,0.0,0.4063002,0.69439954,0.69439954,0.0,2.400171,0.69439954,0.4063002,0.9177934,0.0,0.0,0.9177934,1.2545515,0.4063002,3.9536986,0.4063002,2.1994498,1.7067965,0.69439954,0.69439954,0.0
0.0,0.8263974,0.0,0.0,0.0,0.0,0.0,0.356525,0.0,0.0,0.0,0.0,0.0,0.356525,0.0,0.8263974,0.356525,4.2294645,0.0,0.8263974,0.0,0.0,0.6188085,0.356525,0.0,0.0,0.356525,0.0,0.0,0.9982132,1.1447915,0.0,0.0,0.0,0.6188085,0.0,0.0,0.8263974,2.3440974,1.3859195,0.0,0.356525,0.0,0.356525,0.0,0.0,2.423082,0.0,0.0,0.356525,0.356525,0.0,0.0,0.6188085,0.0,0.356525,0.0,0.6188085,0.0,0.8263974,2.423082,0.0,0.0,1.7425569,0.8263974,0.0,0.8263974,0.8263974,0.356525,0.0,0.0,0.9982132,0.356525,0.6188085,0.0,0.8263974,0.8263974,0.6188085,0.356525,0.6188085,0.0,0.6188085,0.6188085,0.0,2.3440974,0.0,0.356525,0.8263974,0.356525,0.356525,0.356525,1.1447915,0.0,3.4472334,0.356525,2.2125278,2.658795,0.356525,0.6188085,0.356525
0.5206413,0.86129105,0.0,0.0,0.0,0.5206413,0.5206413,1.1149187,0.0,0.0,0.0,0.0,0.0,0.0,0.0,0.0,0.0,3.4135735,0.0,0.0,0.0,0.0,0.86129105,0.86129105,0.0,0.0,0.0,0.0,0.5206413,1.3170587,1.4851288,0.5206413,0.0,0.0,0.5206413,0.0,0.0,0.5206413,2.3574042,0.0,0.0,0.5206413,0.86129105,0.0,0.0,0.5206413,2.4200659,0.5206413,0.5206413,0.5206413,1.1149187,0.0,0.0,0.0,0.0,0.86129105,0.0,0.5206413,0.5206413,0.86129105,2.774359,0.0,0.0,3.0677366,0.0,0.0,0.5206413,0.5206413,0.0,0.0,0.0,0.5206413,0.0,0.5206413,0.0,0.86129105,1.3170587,0.5206413,0.5206413,0.0,0.0,0.5206413,1.3170587,0.0,2.2189078,0.0,0.86129105,1.4851288,0.0,0.0,0.0,1.3170587,0.86129105,3.5597765,0.86129105,1.1149187,0.86129105,0.0,1.1149187,0.0
0.6755726,1.0751102,0.0,0.0,0.0,0.0,0.6755726,0.0,0.0,0.0,0.0,0.0,0.0,0.0,0.0,0.6755726,1.0751102,3.8364892,0.0,1.0751102,1.0751102,0.0,0.0,0.6755726,0.0,0.0,0.6755726,0.0,0.0,0.0,2.270725,0.0,0.0,0.0,0.6755726,1.0751102,1.0751102,0.0,2.606169,0.6755726,0.0,0.0,0.0,1.0751102,1.5811683,0.0,1.3598152,0.0,0.6755726,1.0751102,0.0,0.0,0.0,0.6755726,0.6755726,0.6755726,0.6755726,0.0,0.6755726,1.5811683,2.4524467,0.0,0.0,2.165764,0.0,0.0,0.0,0.6755726,0.0,0.0,0.0,0.0,0.0,0.6755726,0.6755726,1.0751102,1.0751102,0.0,0.6755726,0.0,0.6755726,0.6755726,1.3598152,0.6755726,1.0751102,1.0751102,0.6755726,1.0751102,0.0,0.0,1.0751102,1.0751102,0.6755726,3.857093,1.9155904,2.799871,0.0,0.0,1.5811683,0.0
0.0,2.154042,1.3981862,0.0,0.0,0.0,0.0,0.0,0.0,0.0,0.0,0.92581546,0.92581546,0.0,0.0,0.92581546,0.0,4.6208377,0.0,0.92581546,0.0,0.0,0.0,0.92581546,0.0,0.0,1.3981862,0.92581546,1.7177141,0.0,0.92581546,0.0,0.0,0.92581546,1.3981862,1.7177141,0.0,0.92581546,1.7177141,0.0,0.0,0.0,0.0,0.92581546,1.3981862,0.0,0.0,0.0,1.3981862,0.0,0.0,0.92581546,0.0,0.0,1.3981862,1.7177141,0.92581546,0.0,0.0,0.92581546,1.7177141,0.0,0.0,1.3981862,0.92581546,0.0,0.92581546,0.0,0.92581546,0.0,0.0,0.0,0.0,0.0,0.0,0.0,0.0,0.0,0.0,0.0,0.92581546,0.0,0.0,0.0,1.7177141,0.0,0.92581546,1.3981862,0.0,0.0,0.92581546,1.3981862,0.0,4.3850737,2.154042,2.5795655,0.0,0.0,0.92581546,0.0
0.68475413,1.0874059,0.0,0.0,0.0,0.0,0.68475413,1.9314786,0.0,0.0,0.0,0.0,0.0,0.0,0.0,0.68475413,0.0,5.4638524,0.0,0.0,0.68475413,0.0,0.68475413,1.0874059,0.68475413,0.0,1.0874059,0.0,0.68475413,2.4694653,1.0874059,0.68475413,1.3736782,0.0,1.595975,1.3736782,0.0,0.0,0.0,0.0,0.0,0.68475413,0.0,0.0,0.0,0.0,0.68475413,0.0,0.68475413,1.0874059,0.0,1.7777317,0.0,1.0874059,0.68475413,1.0874059,0.68475413,0.0,0.0,0.0,2.6234138,0.68475413,0.0,2.1822546,0.0,0.0,0.0,0.68475413,0.0,0.0,0.0,0.0,0.0,0.0,0.0,0.68475413,0.68475413,0.0,0.68475413,0.0,0.0,0.0,0.0,0.0,0.68475413,0.0,0.68475413,2.1822546,0.68475413,0.0,1.0874059,1.9314786,0.0,3.5389767,1.3736782,4.5051165,1.595975,0.0,1.3736782,0.0
0.0,0.8051408,0.0,0.0,0.0,0.8051408,0.8051408,0.0,0.0,0.0,0.0,0.8051408,0.0,0.0,0.0,1.2453133,0.0,4.5276284,0.0,0.0,0.8051408,0.0,1.2453133,1.2453133,0.0,0.0,1.5499074,0.8051408,1.2453133,2.9732397,0.8051408,1.2453133,1.2453133,0.0,1.5499074,1.9720035,1.2453133,0.0,1.7830627,0.0,0.0,1.2453133,1.5499074,0.8051408,0.0,0.0,0.0,0.8051408,0.0,0.0,0.0,0.8051408,0.0,1.2453133,0.0,0.8051408,1.2453133,0.0,0.0,1.5499074,1.9720035,1.2453133,0.0,2.1308553,0.0,0.0,1.2453133,0.0,0.0,0.0,0.8051408,0.8051408,0.0,0.8051408,0.0,1.2453133,0.0,0.0,0.8051408,0.0,0.0,0.0,0.8051408,0.0,1.7830627,0.0,0.8051408,1.7830627,1.2453133,0.0,1.7830627,0.0,0.0,4.058761,0.8051408,2.4959373,0.0,0.0,1.7830627,0.0
0.0,1.2100582,0.5791718,0.0,0.0,0.0,0.5791718,0.5791718,0.0,0.0,0.0,0.94356334,0.5791718,0.5791718,0.0,0.5791718,0.0,3.7514238,0.0,0.0,0.0,0.0,1.4202704,0.0,0.0,0.94356334,0.0,0.0,0.94356334,3.0633235,0.5791718,0.0,1.5938773,0.0,0.5791718,0.94356334,0.0,0.0,1.5938773,0.0,0.5791718,1.8705581,0.0,0.0,0.0,0.5791718,1.7417564,0.5791718,0.94356334,0.5791718,0.5791718,0.5791718,0.0,0.94356334,0.5791718,0.0,0.94356334,0.0,0.0,2.4158492,2.7667365,0.0,0.5791718,1.984647,0.0,0.5791718,0.0,0.0,0.0,0.5791718,0.0,0.0,0.5791718,0.0,0.94356334,1.7417564,1.2100582,0.0,0.94356334,0.0,0.0,0.0,0.5791718,0.0,2.2648997,0.0,0.0,2.2648997,0.5791718,0.0,1.2100582,0.94356334,1.2100582,3.6945632,0.5791718,2.4158492,0.5791718,0.0,1.7417564,0.94356334
0.0,0.0,1.4314382,0.0,0.0,0.0,0.0,0.0,0.0,0.0,0.0,0.0,0.0,1.4314382,0.0,1.4314382,0.0,4.9034805,0.0,0.0,0.0,0.0,1.99734,0.0,0.0,0.0,1.4314382,0.0,0.0,3.1481526,0.0,0.0,0.0,0.0,3.1481526,1.99734,0.0,0.0,1.4314382,0.0,1.4314382,0.0,2.3565183,0.0,1.4314382,0.0,0.0,0.0,0.0,1.4314382,0.0,1.4314382,1.4314382,0.0,2.3565183,0.0,0.0,0.0,0.0,2.6202278,2.3565183,0.0,0.0,1.4314382,0.0,0.0,1.4314382,0.0,0.0,0.0,0.0,0.0,0.0,0.0,0.0,1.99734,0.0,0.0,1.99734,0.0,0.0,0.0,0.0,0.0,1.99734,0.0,1.4314382,1.99734,0.0,0.0,0.0,0.0,1.4314382,4.066028,1.4314382,2.8287072,0.0,0.0,0.0,0.0
0.0,1.2183251,0.0,0.0,0.0,0.0,1.7514648,2.0973501,1.2183251,0.0,0.0,0.0,0.0,0.0,0.0,0.0,0.0,4.845922,0.0,0.0,0.0,0.0,0.0,1.2183251,0.0,0.0,2.3538556,0.0,0.0,2.8719041,0.0,0.0,1.2183251,0.0,2.8719041,1.7514648,0.0,0.0,0.0,0.0,0.0,0.0,1.2183251,0.0,0.0,0.0,1.2183251,0.0,0.0,0.0,0.0,0.0,0.0,1.2183251,1.7514648,0.0,0.0,0.0,0.0,0.0,3.110563,0.0,0.0,1.2183251,0.0,0.0,1.2183251,0.0,0.0,0.0,0.0,0.0,0.0,0.0,0.0,1.2183251,1.2183251,0.0,0.0,0.0,1.2183251,0.0,1.2183251,0.0,0.0,0.0,0.0,2.8719041,0.0,0.0,1.2183251,0.0,1.2183251,4.063137,0.0,3.211456,0.0,0.0,1.2183251,1.2183251
0.0,0.0,0.0,0.0,0.0,0.0,0.0,0.0,0.0,0.0,0.0,0.0,0.0,0.0,0.0,0.0,0.0,4.6839585,0.0,0.0,0.0,0.0,0.0,0.0,0.0,0.0,2.7920196,0.0,0.0,2.1583645,0.0,0.0,0.0,0.0,0.0,0.0,0.0,0.0,2.1583645,0.0,0.0,0.0,0.0,0.0,0.0,0.0,2.1583645,0.0,2.1583645,0.0,0.0,0.0,0.0,0.0,0.0,0.0,0.0,0.0,0.0,0.0,2.7920196,0.0,0.0,2.1583645,0.0,0.0,0.0,0.0,0.0,0.0,0.0,0.0,0.0,0.0,2.1583645,0.0,0.0,0.0,2.1583645,0.0,0.0,0.0,2.1583645,0.0,0.0,0.0,0.0,0.0,0.0,0.0,0.0,2.1583645,2.7920196,4.3511767,0.0,3.4540386,0.0,0.0,0.0,0.0
0.23891956,0.59312195,0.23891956,0.0,0.23891956,0.0,0.23891956,0.43162188,0.23891956,0.0,0.0,0.0,0.23891956,0.0,0.0,0.0,0.73213017,3.5554745,0.0,0.73213017,0.0,0.0,0.23891956,0.23891956,0.0,0.0,0.9628912,0.0,0.85415226,0.73213017,0.0,0.23891956,0.59312195,0.0,0.0,0.0,0.0,0.23891956,2.0472941,0.59312195,0.0,0.23891956,0.43162188,0.0,0.23891956,0.23891956,1.8128116,0.0,0.0,0.0,0.43162188,0.0,0.0,0.0,0.43162188,0.0,0.23891956,1.0609571,0.0,0.43162188,2.8904946,0.0,0.0,0.59312195,0.23891956,0.73213017,0.0,0.43162188,0.0,0.0,0.23891956,0.0,0.0,1.3784236,0.0,0.23891956,0.59312195,0.0,0.23891956,0.0,0.23891956,0.43162188,0.23891956,0.0,2.2931328,0.23891956,0.43162188,0.85415226,0.0,0.0,0.23891956,0.43162188,0.0,3.0431335,0.43162188,1.6711015,0.43162188,0.59312195,0.59312195,0.73213017
0.0,0.9938787,0.0,0.0,0.0,0.0,0.61564314,0.0,0.0,0.0,0.0,0.0,0.0,0.0,0.0,0.0,0.61564314,3.454121,0.0,0.9938787,0.0,0.0,0.0,0.0,0.0,0.0,0.61564314,0.0,0.61564314,1.4823738,0.0,0.0,0.0,0.0,0.0,0.0,0.0,0.0,1.8091211,0.0,0.0,0.61564314,0.0,0.0,0.0,0.61564314,1.9395939,0.0,0.0,0.0,0.0,0.0,0.61564314,0.61564314,0.0,0.9938787,0.0,0.9938787,0.0,0.61564314,2.3378859,1.2676628,0.0,0.61564314,0.0,0.0,0.61564314,0.0,0.0,0.61564314,0.0,0.61564314,0.0,1.2676628,0.0,0.0,0.9938787,0.0,0.0,0.0,0.0,0.0,0.0,0.0,2.4899776,0.0,0.0,1.2676628,0.61564314,0.0,0.0,0.0,0.0,2.681949,0.0,2.3378859,0.9938787,0.0,0.0,0.61564314
0.0,0.0,0.0,0.0,0.0,0.0,0.0,0.0,0.0,0.0,0.0,0.0,0.0,2.6237786,0.0,0.0,0.0,3.9541414,0.0,0.0,0.0,0.0,0.0,0.0,0.0,0.0,0.0,0.0,0.0,0.0,0.0,0.0,0.0,2.6237786,0.0,0.0,0.0,0.0,3.6728306,0.0,0.0,0.0,0.0,0.0,0.0,0.0,3.2799878,0.0,0.0,0.0,0.0,0.0,0.0,0.0,0.0,0.0,0.0,0.0,0.0,0.0,2.6237786,0.0,0.0,0.0,0.0,0.0,2.6237786,0.0,0.0,0.0,0.0,0.0,0.0,0.0,0.0,0.0,0.0,2.6237786,0.0,0.0,0.0,0.0,0.0,0.0,0.0,0.0,0.0,0.0,0.0,0.0,0.0,0.0,0.0,3.2799878,0.0,2.6237786,0.0,0.0,0.0,0.0
0.0,2.5686498,0.0,0.0,0.0,0.0,0.0,0.0,0.0,2.5686498,0.0,0.0,0.0,0.0,0.0,0.0,0.0,3.6148179,0.0,2.5686498,0.0,0.0,0.0,0.0,0.0,0.0,0.0,0.0,0.0,0.0,0.0,0.0,0.0,0.0,0.0,0.0,0.0,0.0,0.0,2.5686498,0.0,0.0,0.0,0.0,0.0,0.0,0.0,0.0,0.0,0.0,0.0,0.0,0.0,0.0,0.0,0.0,0.0,0.0,0.0,0.0,2.5686498,0.0,0.0,3.6148179,0.0,0.0,0.0,0.0,0.0,0.0,0.0,0.0,0.0,0.0,0.0,0.0,2.5686498,0.0,0.0,0.0,0.0,0.0,0.0,0.0,3.6148179,0.0,0.0,0.0,0.0,0.0,0.0,0.0,0.0,3.6148179,0.0,2.5686498,0.0,0.0,0.0,0.0
